{"metadata":{"asset_id":"1d5fad56-53cc-4917-aac0-256f6329041f","asset_attributes":["data_asset"],"name":"algar-dataset-treino.csv","asset_type":"data_asset","created_at":"2020-08-24T16:42:56Z","description":"","origin_country":"us","owner_id":"IBMid-550008JN9F","project_id":"e6a89479-4ce9-4959-a6e8-3118e3fd5e05","size":213072,"tags":[],"usage":{"last_update_time":1598287377428,"last_updated_at":"2020-08-24T16:42:57Z"}},"entity":{"data_asset":{"mime_type":"text/csv","dataset":false}},"attachments":[{"id":"6a88a212-ba88-4ee2-94ec-93bebb331ab5","version":2,"asset_type":"data_asset","name":"algar-dataset-treino.csv","mime":"text/csv","datasource_type":"193a97c1-4475-4a19-b90c-295c4fdc6517","object_key":"algar-dataset-treino.csv","creator_id":"iam-ServiceId-f49c5558-c247-4983-a04f-7d3c7a3d55da","create_time":1598287377170,"size":213072,"is_remote":false,"is_managed":false,"is_referenced":true,"is_object_key_read_only":false,"is_user_provided_path_key":true,"transfer_complete":true,"is_partitioned":false,"complete_time_ticks":1598287377170,"user_data":{},"test_doc":0,"handle":{"bucket":"algarsimone-donotdelete-pr-f4iihigy1nxre0","location":"us-geo","key":"algar-dataset-treino.csv","upload_id":"done","max_part_num":1},"usage":{"access_count":0,"last_accessor_id":"iam-ServiceId-f49c5558-c247-4983-a04f-7d3c7a3d55da","last_access_time":1598287377170}}]}
