{"metadata":{"asset_id":"338a38ef-d6c8-4278-a3f6-dc449681bf72","asset_attributes":["data_asset"],"name":"results.csv","asset_type":"data_asset","created_at":"2020-09-07T17:42:02Z","description":"","origin_country":"us","owner_id":"IBMid-550008S42G","project_id":"8d37af79-201b-482c-a752-25a29e98e7c0","size":3176078,"tags":[],"usage":{"last_update_time":1599500523012,"last_updated_at":"2020-09-07T17:42:03Z"}},"entity":{"data_asset":{"mime_type":"text/csv","dataset":false}},"attachments":[{"id":"884c854f-3177-4545-be20-a3b69a7972e5","version":2,"asset_type":"data_asset","name":"results.csv","mime":"text/csv","datasource_type":"193a97c1-4475-4a19-b90c-295c4fdc6517","object_key":"results.csv","creator_id":"IBMid-550008S42G","create_time":1599500523011,"size":3176078,"is_remote":false,"is_managed":false,"is_referenced":true,"is_object_key_read_only":false,"is_user_provided_path_key":true,"transfer_complete":true,"is_partitioned":false,"complete_time_ticks":1599500523011,"user_data":{},"test_doc":0,"handle":{"bucket":"testeia-donotdelete-pr-qqe0n8u96cjee6","location":"ap-geo","key":"results.csv","upload_id":"done","max_part_num":1},"usage":{"access_count":0,"last_accessor_id":"IBMid-550008S42G","last_access_time":1599500523011}}]}
