{"metadata":{"asset_id":"c30a2cdf-121e-4b8b-b860-b915e0b19672","asset_attributes":["data_asset"],"name":"dataset_desafio_2.csv","asset_type":"data_asset","created_at":"2020-08-31T16:52:36Z","description":"","origin_country":"us","owner_id":"IBMid-550008AKR5","project_id":"a59bab47-3744-45de-9a3c-2ebbccaa93de","size":1520235,"tags":[],"usage":{"last_update_time":1598892756958,"last_updated_at":"2020-08-31T16:52:36Z"}},"entity":{"data_asset":{"mime_type":"text/csv","dataset":false}},"attachments":[{"id":"b45e75fb-ac1e-43b7-93de-a4c3c0712213","version":2,"asset_type":"data_asset","name":"dataset_desafio_2.csv","mime":"text/csv","datasource_type":"193a97c1-4475-4a19-b90c-295c4fdc6517","object_key":"dataset_desafio_2.csv","creator_id":"iam-ServiceId-f49c5558-c247-4983-a04f-7d3c7a3d55da","create_time":1598892756869,"size":1520235,"is_remote":false,"is_managed":false,"is_referenced":true,"is_object_key_read_only":false,"is_user_provided_path_key":true,"transfer_complete":true,"is_partitioned":false,"complete_time_ticks":1598892756869,"user_data":{},"test_doc":0,"handle":{"bucket":"desafio2simone-donotdelete-pr-n4m5fbax0yfmiw","location":"eu-geo","key":"dataset_desafio_2.csv","upload_id":"done","max_part_num":1},"usage":{"access_count":0,"last_accessor_id":"iam-ServiceId-f49c5558-c247-4983-a04f-7d3c7a3d55da","last_access_time":1598892756869}}]}
