{"metadata":{"asset_id":"cc748ba3-2aef-498f-bb74-d7f071b08789","asset_attributes":["notebook"],"name":"parte-2","asset_type":"notebook","created_at":"2020-08-31T16:52:37Z","description":"","origin_country":"us","owner_id":"IBMid-550008AKR5","project_id":"a59bab47-3744-45de-9a3c-2ebbccaa93de","size":24880,"tags":["notebook"],"usage":{"last_update_time":1598898247221,"last_updated_at":"2020-08-31T18:24:07Z"}},"entity":{"notebook":{"kernel":{"name":"python3","display_name":"Python 3.6","language":"python"},"originates_from":{"type":"file"},"runtime":{"environment":"conda2py36-a59bab47-3744-45de-9a3c-2ebbccaa93de"}}},"attachments":[{"id":"25cf2d2b-8965-4e84-b244-a59112fc5ad8","version":2,"asset_type":"notebook","name":"attachment for notebook cc748ba3-2aef-498f-bb74-d7f071b08789","description":"attachment for notebook cc748ba3-2aef-498f-bb74-d7f071b08789","mime":"application/json","datasource_type":"193a97c1-4475-4a19-b90c-295c4fdc6517","object_key":"notebook/parte-2_XvWXXx6YQ.ipynb","creator_id":"iam-ServiceId-9e68bc5f-c5f6-4f6f-8bcf-e57f47b9d1b1","create_time":1598892757932,"size":24880,"is_remote":false,"is_managed":false,"is_referenced":true,"is_object_key_read_only":false,"is_user_provided_path_key":true,"transfer_complete":true,"is_partitioned":false,"complete_time_ticks":1598892757932,"user_data":{},"test_doc":0,"handle":{"bucket":"desafio2simone-donotdelete-pr-n4m5fbax0yfmiw","location":"eu-geo","key":"notebook/parte-2_XvWXXx6YQ.ipynb","upload_id":"done","max_part_num":1},"usage":{"access_count":0,"last_accessor_id":"iam-ServiceId-9e68bc5f-c5f6-4f6f-8bcf-e57f47b9d1b1","last_access_time":1598892757932}}]}
