{
  "id" : "a2e93d50-f6cb-11ea-9b27-75c700284c8b-84",
  "name" : "train_78.txt",
  "createdDate" : 0,
  "version" : 3,
  "text" : "A Fiat Ducato Excelente veículo, com excepcional desempenho na estrada e economia de combustível. A cabine é simples mas confortável. Visibilidade ótima. Lamentavelmente, a manutenção é difícil e cara.\r\n",
  "docLength" : 0,
  "language" : "PT",
  "status" : "SUBMITTED",
  "modifiedDate" : 1600309302291,
  "documentSet" : [ ],
  "preannotation" : [ ],
  "sentences" : [ {
    "id" : "s0",
    "begin" : 0,
    "end" : 97,
    "text" : "A Fiat Ducato Excelente veículo, com excepcional desempenho na estrada e economia de combustível.",
    "tokens" : [ {
      "id" : "s0-t0",
      "begin" : 0,
      "end" : 1,
      "text" : "A",
      "whiteSpace" : false
    }, {
      "id" : "s0-t1",
      "begin" : 2,
      "end" : 6,
      "text" : "Fiat",
      "whiteSpace" : false
    }, {
      "id" : "s0-t2",
      "begin" : 7,
      "end" : 13,
      "text" : "Ducato",
      "whiteSpace" : false
    }, {
      "id" : "s0-t3",
      "begin" : 14,
      "end" : 23,
      "text" : "Excelente",
      "whiteSpace" : false
    }, {
      "id" : "s0-t4",
      "begin" : 24,
      "end" : 31,
      "text" : "veículo",
      "whiteSpace" : false
    }, {
      "id" : "s0-t5",
      "begin" : 31,
      "end" : 32,
      "text" : ",",
      "whiteSpace" : false
    }, {
      "id" : "s0-t6",
      "begin" : 33,
      "end" : 36,
      "text" : "com",
      "whiteSpace" : false
    }, {
      "id" : "s0-t7",
      "begin" : 37,
      "end" : 48,
      "text" : "excepcional",
      "whiteSpace" : false
    }, {
      "id" : "s0-t8",
      "begin" : 49,
      "end" : 59,
      "text" : "desempenho",
      "whiteSpace" : false
    }, {
      "id" : "s0-t9",
      "begin" : 60,
      "end" : 62,
      "text" : "na",
      "whiteSpace" : false
    }, {
      "id" : "s0-t10",
      "begin" : 63,
      "end" : 70,
      "text" : "estrada",
      "whiteSpace" : false
    }, {
      "id" : "s0-t11",
      "begin" : 71,
      "end" : 72,
      "text" : "e",
      "whiteSpace" : false
    }, {
      "id" : "s0-t12",
      "begin" : 73,
      "end" : 81,
      "text" : "economia",
      "whiteSpace" : false
    }, {
      "id" : "s0-t13",
      "begin" : 82,
      "end" : 84,
      "text" : "de",
      "whiteSpace" : false
    }, {
      "id" : "s0-t14",
      "begin" : 85,
      "end" : 96,
      "text" : "combustível",
      "whiteSpace" : false
    }, {
      "id" : "s0-t15",
      "begin" : 96,
      "end" : 97,
      "text" : ".",
      "whiteSpace" : false
    } ]
  }, {
    "id" : "s1",
    "begin" : 98,
    "end" : 133,
    "text" : "A cabine é simples mas confortável.",
    "tokens" : [ {
      "id" : "s1-t0",
      "begin" : 98,
      "end" : 99,
      "text" : "A",
      "whiteSpace" : false
    }, {
      "id" : "s1-t1",
      "begin" : 100,
      "end" : 106,
      "text" : "cabine",
      "whiteSpace" : false
    }, {
      "id" : "s1-t2",
      "begin" : 107,
      "end" : 108,
      "text" : "é",
      "whiteSpace" : false
    }, {
      "id" : "s1-t3",
      "begin" : 109,
      "end" : 116,
      "text" : "simples",
      "whiteSpace" : false
    }, {
      "id" : "s1-t4",
      "begin" : 117,
      "end" : 120,
      "text" : "mas",
      "whiteSpace" : false
    }, {
      "id" : "s1-t5",
      "begin" : 121,
      "end" : 132,
      "text" : "confortável",
      "whiteSpace" : false
    }, {
      "id" : "s1-t6",
      "begin" : 132,
      "end" : 133,
      "text" : ".",
      "whiteSpace" : false
    } ]
  }, {
    "id" : "s2",
    "begin" : 134,
    "end" : 153,
    "text" : "Visibilidade ótima.",
    "tokens" : [ {
      "id" : "s2-t0",
      "begin" : 134,
      "end" : 146,
      "text" : "Visibilidade",
      "whiteSpace" : false
    }, {
      "id" : "s2-t1",
      "begin" : 147,
      "end" : 152,
      "text" : "ótima",
      "whiteSpace" : false
    }, {
      "id" : "s2-t2",
      "begin" : 152,
      "end" : 153,
      "text" : ".",
      "whiteSpace" : false
    } ]
  }, {
    "id" : "s3",
    "begin" : 154,
    "end" : 201,
    "text" : "Lamentavelmente, a manutenção é difícil e cara.",
    "tokens" : [ {
      "id" : "s3-t0",
      "begin" : 154,
      "end" : 169,
      "text" : "Lamentavelmente",
      "whiteSpace" : false
    }, {
      "id" : "s3-t1",
      "begin" : 169,
      "end" : 170,
      "text" : ",",
      "whiteSpace" : false
    }, {
      "id" : "s3-t2",
      "begin" : 171,
      "end" : 172,
      "text" : "a",
      "whiteSpace" : false
    }, {
      "id" : "s3-t3",
      "begin" : 173,
      "end" : 183,
      "text" : "manutenção",
      "whiteSpace" : false
    }, {
      "id" : "s3-t4",
      "begin" : 184,
      "end" : 185,
      "text" : "é",
      "whiteSpace" : false
    }, {
      "id" : "s3-t5",
      "begin" : 186,
      "end" : 193,
      "text" : "difícil",
      "whiteSpace" : false
    }, {
      "id" : "s3-t6",
      "begin" : 194,
      "end" : 195,
      "text" : "e",
      "whiteSpace" : false
    }, {
      "id" : "s3-t7",
      "begin" : 196,
      "end" : 200,
      "text" : "cara",
      "whiteSpace" : false
    }, {
      "id" : "s3-t8",
      "begin" : 200,
      "end" : 201,
      "text" : ".",
      "whiteSpace" : false
    } ]
  } ],
  "mentions" : [ {
    "id" : "s0-m3",
    "properties" : {
      "SIRE_MENTION_ROLE" : "MODELO",
      "SIRE_ENTITY_SUBTYPE" : "NONE",
      "SIRE_MENTION_TYPE" : "NONE",
      "SIRE_MENTION_CLASS" : "SPC"
    },
    "type" : "MODELO",
    "begin" : 7,
    "end" : 13,
    "inCoref" : false
  }, {
    "id" : "s0-m4",
    "properties" : {
      "SIRE_MENTION_ROLE" : "DESEMPENHO",
      "SIRE_ENTITY_SUBTYPE" : "NONE",
      "SIRE_MENTION_TYPE" : "NONE",
      "SIRE_MENTION_CLASS" : "SPC"
    },
    "type" : "DESEMPENHO",
    "begin" : 49,
    "end" : 59,
    "inCoref" : false
  }, {
    "id" : "s0-m2",
    "properties" : {
      "SIRE_MENTION_ROLE" : "CONSUMO",
      "SIRE_ENTITY_SUBTYPE" : "NONE",
      "SIRE_MENTION_TYPE" : "NONE",
      "SIRE_MENTION_CLASS" : "SPC"
    },
    "type" : "CONSUMO",
    "begin" : 73,
    "end" : 81,
    "inCoref" : false
  }, {
    "id" : "s1-m1",
    "properties" : {
      "SIRE_MENTION_ROLE" : "CONFORTO",
      "SIRE_ENTITY_SUBTYPE" : "NONE",
      "SIRE_MENTION_TYPE" : "NONE",
      "SIRE_MENTION_CLASS" : "SPC"
    },
    "type" : "CONFORTO",
    "begin" : 121,
    "end" : 132,
    "inCoref" : false
  }, {
    "id" : "s3-m1",
    "properties" : {
      "SIRE_MENTION_ROLE" : "MANUTENCAO",
      "SIRE_ENTITY_SUBTYPE" : "NONE",
      "SIRE_MENTION_TYPE" : "NONE",
      "SIRE_MENTION_CLASS" : "SPC"
    },
    "type" : "MANUTENCAO",
    "begin" : 173,
    "end" : 183,
    "inCoref" : false
  } ],
  "relations" : [ ],
  "corefs" : [ ],
  "typeResolved" : true,
  "userResolved" : false
}