{
  "id" : "a2e93d50-f6cb-11ea-9b27-75c700284c8b-5",
  "name" : "train_99.txt",
  "createdDate" : 0,
  "version" : 3,
  "text" : "A Toro é uma pickup ótima para quem roda muito e usa essencialmente no asfalto ou não enfrenta um off-road extremo. Como ela não é tão alta como as outras da categoria o vão-livre prejudica a eletrônica e acaba atrapalhando em um atoleiro.\r\n",
  "docLength" : 0,
  "language" : "PT",
  "status" : "SUBMITTED",
  "modifiedDate" : 1600307852960,
  "documentSet" : [ ],
  "preannotation" : [ ],
  "sentences" : [ {
    "id" : "s0",
    "begin" : 0,
    "end" : 115,
    "text" : "A Toro é uma pickup ótima para quem roda muito e usa essencialmente no asfalto ou não enfrenta um off-road extremo.",
    "tokens" : [ {
      "id" : "s0-t0",
      "begin" : 0,
      "end" : 1,
      "text" : "A",
      "whiteSpace" : false
    }, {
      "id" : "s0-t1",
      "begin" : 2,
      "end" : 6,
      "text" : "Toro",
      "whiteSpace" : false
    }, {
      "id" : "s0-t2",
      "begin" : 7,
      "end" : 8,
      "text" : "é",
      "whiteSpace" : false
    }, {
      "id" : "s0-t3",
      "begin" : 9,
      "end" : 12,
      "text" : "uma",
      "whiteSpace" : false
    }, {
      "id" : "s0-t4",
      "begin" : 13,
      "end" : 19,
      "text" : "pickup",
      "whiteSpace" : false
    }, {
      "id" : "s0-t5",
      "begin" : 20,
      "end" : 25,
      "text" : "ótima",
      "whiteSpace" : false
    }, {
      "id" : "s0-t6",
      "begin" : 26,
      "end" : 30,
      "text" : "para",
      "whiteSpace" : false
    }, {
      "id" : "s0-t7",
      "begin" : 31,
      "end" : 35,
      "text" : "quem",
      "whiteSpace" : false
    }, {
      "id" : "s0-t8",
      "begin" : 36,
      "end" : 40,
      "text" : "roda",
      "whiteSpace" : false
    }, {
      "id" : "s0-t9",
      "begin" : 41,
      "end" : 46,
      "text" : "muito",
      "whiteSpace" : false
    }, {
      "id" : "s0-t10",
      "begin" : 47,
      "end" : 48,
      "text" : "e",
      "whiteSpace" : false
    }, {
      "id" : "s0-t11",
      "begin" : 49,
      "end" : 52,
      "text" : "usa",
      "whiteSpace" : false
    }, {
      "id" : "s0-t12",
      "begin" : 53,
      "end" : 67,
      "text" : "essencialmente",
      "whiteSpace" : false
    }, {
      "id" : "s0-t13",
      "begin" : 68,
      "end" : 70,
      "text" : "no",
      "whiteSpace" : false
    }, {
      "id" : "s0-t14",
      "begin" : 71,
      "end" : 78,
      "text" : "asfalto",
      "whiteSpace" : false
    }, {
      "id" : "s0-t15",
      "begin" : 79,
      "end" : 81,
      "text" : "ou",
      "whiteSpace" : false
    }, {
      "id" : "s0-t16",
      "begin" : 82,
      "end" : 85,
      "text" : "não",
      "whiteSpace" : false
    }, {
      "id" : "s0-t17",
      "begin" : 86,
      "end" : 94,
      "text" : "enfrenta",
      "whiteSpace" : false
    }, {
      "id" : "s0-t18",
      "begin" : 95,
      "end" : 97,
      "text" : "um",
      "whiteSpace" : false
    }, {
      "id" : "s0-t19",
      "begin" : 98,
      "end" : 106,
      "text" : "off-road",
      "whiteSpace" : false
    }, {
      "id" : "s0-t20",
      "begin" : 107,
      "end" : 114,
      "text" : "extremo",
      "whiteSpace" : false
    }, {
      "id" : "s0-t21",
      "begin" : 114,
      "end" : 115,
      "text" : ".",
      "whiteSpace" : false
    } ]
  }, {
    "id" : "s1",
    "begin" : 116,
    "end" : 239,
    "text" : "Como ela não é tão alta como as outras da categoria o vão-livre prejudica a eletrônica e acaba atrapalhando em um atoleiro.",
    "tokens" : [ {
      "id" : "s1-t0",
      "begin" : 116,
      "end" : 120,
      "text" : "Como",
      "whiteSpace" : false
    }, {
      "id" : "s1-t1",
      "begin" : 121,
      "end" : 124,
      "text" : "ela",
      "whiteSpace" : false
    }, {
      "id" : "s1-t2",
      "begin" : 125,
      "end" : 128,
      "text" : "não",
      "whiteSpace" : false
    }, {
      "id" : "s1-t3",
      "begin" : 129,
      "end" : 130,
      "text" : "é",
      "whiteSpace" : false
    }, {
      "id" : "s1-t4",
      "begin" : 131,
      "end" : 134,
      "text" : "tão",
      "whiteSpace" : false
    }, {
      "id" : "s1-t5",
      "begin" : 135,
      "end" : 139,
      "text" : "alta",
      "whiteSpace" : false
    }, {
      "id" : "s1-t6",
      "begin" : 140,
      "end" : 144,
      "text" : "como",
      "whiteSpace" : false
    }, {
      "id" : "s1-t7",
      "begin" : 145,
      "end" : 147,
      "text" : "as",
      "whiteSpace" : false
    }, {
      "id" : "s1-t8",
      "begin" : 148,
      "end" : 154,
      "text" : "outras",
      "whiteSpace" : false
    }, {
      "id" : "s1-t9",
      "begin" : 155,
      "end" : 157,
      "text" : "da",
      "whiteSpace" : false
    }, {
      "id" : "s1-t10",
      "begin" : 158,
      "end" : 167,
      "text" : "categoria",
      "whiteSpace" : false
    }, {
      "id" : "s1-t11",
      "begin" : 168,
      "end" : 169,
      "text" : "o",
      "whiteSpace" : false
    }, {
      "id" : "s1-t12",
      "begin" : 170,
      "end" : 179,
      "text" : "vão-livre",
      "whiteSpace" : false
    }, {
      "id" : "s1-t13",
      "begin" : 180,
      "end" : 189,
      "text" : "prejudica",
      "whiteSpace" : false
    }, {
      "id" : "s1-t14",
      "begin" : 190,
      "end" : 191,
      "text" : "a",
      "whiteSpace" : false
    }, {
      "id" : "s1-t15",
      "begin" : 192,
      "end" : 202,
      "text" : "eletrônica",
      "whiteSpace" : false
    }, {
      "id" : "s1-t16",
      "begin" : 203,
      "end" : 204,
      "text" : "e",
      "whiteSpace" : false
    }, {
      "id" : "s1-t17",
      "begin" : 205,
      "end" : 210,
      "text" : "acaba",
      "whiteSpace" : false
    }, {
      "id" : "s1-t18",
      "begin" : 211,
      "end" : 223,
      "text" : "atrapalhando",
      "whiteSpace" : false
    }, {
      "id" : "s1-t19",
      "begin" : 224,
      "end" : 226,
      "text" : "em",
      "whiteSpace" : false
    }, {
      "id" : "s1-t20",
      "begin" : 227,
      "end" : 229,
      "text" : "um",
      "whiteSpace" : false
    }, {
      "id" : "s1-t21",
      "begin" : 230,
      "end" : 238,
      "text" : "atoleiro",
      "whiteSpace" : false
    }, {
      "id" : "s1-t22",
      "begin" : 238,
      "end" : 239,
      "text" : ".",
      "whiteSpace" : false
    } ]
  } ],
  "mentions" : [ {
    "id" : "s0-m2",
    "properties" : {
      "SIRE_MENTION_ROLE" : "MODELO",
      "SIRE_ENTITY_SUBTYPE" : "NONE",
      "SIRE_MENTION_TYPE" : "NONE",
      "SIRE_MENTION_CLASS" : "SPC"
    },
    "type" : "MODELO",
    "begin" : 2,
    "end" : 6,
    "inCoref" : false
  }, {
    "id" : "s1-m1",
    "properties" : {
      "SIRE_MENTION_ROLE" : "DESEMPENHO",
      "SIRE_ENTITY_SUBTYPE" : "NONE",
      "SIRE_MENTION_TYPE" : "NONE",
      "SIRE_MENTION_CLASS" : "SPC"
    },
    "type" : "DESEMPENHO",
    "begin" : 180,
    "end" : 189,
    "inCoref" : false
  } ],
  "relations" : [ ],
  "corefs" : [ ],
  "typeResolved" : true,
  "userResolved" : false
}