{
  "id" : "a2e93d50-f6cb-11ea-9b27-75c700284c8b-77",
  "name" : "train_71.txt",
  "createdDate" : 0,
  "version" : 3,
  "text" : "O Cronos é um automóvel muito estável, com suspensão bem acertada para nossas ruas esburacadas. Sem dúvida é um carro muito bonito e o acabamento da FIAT é excelente. Não há rebarbas ou pontos mal acabados. O volante elétrico progressivo é bem calibrado e muito leve para manobrar. Tem muita tecnologia embarcada e o painel possibilida muitas configurações. O multimídia é bem completo, com som de ótima qualidade muito superior às outras opções da categoria no mercado.\r\n",
  "docLength" : 0,
  "language" : "PT",
  "status" : "SUBMITTED",
  "modifiedDate" : 1600308956916,
  "documentSet" : [ ],
  "preannotation" : [ ],
  "sentences" : [ {
    "id" : "s0",
    "begin" : 0,
    "end" : 95,
    "text" : "O Cronos é um automóvel muito estável, com suspensão bem acertada para nossas ruas esburacadas.",
    "tokens" : [ {
      "id" : "s0-t0",
      "begin" : 0,
      "end" : 1,
      "text" : "O",
      "whiteSpace" : false
    }, {
      "id" : "s0-t1",
      "begin" : 2,
      "end" : 8,
      "text" : "Cronos",
      "whiteSpace" : false
    }, {
      "id" : "s0-t2",
      "begin" : 9,
      "end" : 10,
      "text" : "é",
      "whiteSpace" : false
    }, {
      "id" : "s0-t3",
      "begin" : 11,
      "end" : 13,
      "text" : "um",
      "whiteSpace" : false
    }, {
      "id" : "s0-t4",
      "begin" : 14,
      "end" : 23,
      "text" : "automóvel",
      "whiteSpace" : false
    }, {
      "id" : "s0-t5",
      "begin" : 24,
      "end" : 29,
      "text" : "muito",
      "whiteSpace" : false
    }, {
      "id" : "s0-t6",
      "begin" : 30,
      "end" : 37,
      "text" : "estável",
      "whiteSpace" : false
    }, {
      "id" : "s0-t7",
      "begin" : 37,
      "end" : 38,
      "text" : ",",
      "whiteSpace" : false
    }, {
      "id" : "s0-t8",
      "begin" : 39,
      "end" : 42,
      "text" : "com",
      "whiteSpace" : false
    }, {
      "id" : "s0-t9",
      "begin" : 43,
      "end" : 52,
      "text" : "suspensão",
      "whiteSpace" : false
    }, {
      "id" : "s0-t10",
      "begin" : 53,
      "end" : 56,
      "text" : "bem",
      "whiteSpace" : false
    }, {
      "id" : "s0-t11",
      "begin" : 57,
      "end" : 65,
      "text" : "acertada",
      "whiteSpace" : false
    }, {
      "id" : "s0-t12",
      "begin" : 66,
      "end" : 70,
      "text" : "para",
      "whiteSpace" : false
    }, {
      "id" : "s0-t13",
      "begin" : 71,
      "end" : 77,
      "text" : "nossas",
      "whiteSpace" : false
    }, {
      "id" : "s0-t14",
      "begin" : 78,
      "end" : 82,
      "text" : "ruas",
      "whiteSpace" : false
    }, {
      "id" : "s0-t15",
      "begin" : 83,
      "end" : 94,
      "text" : "esburacadas",
      "whiteSpace" : false
    }, {
      "id" : "s0-t16",
      "begin" : 94,
      "end" : 95,
      "text" : ".",
      "whiteSpace" : false
    } ]
  }, {
    "id" : "s1",
    "begin" : 96,
    "end" : 166,
    "text" : "Sem dúvida é um carro muito bonito e o acabamento da FIAT é excelente.",
    "tokens" : [ {
      "id" : "s1-t0",
      "begin" : 96,
      "end" : 99,
      "text" : "Sem",
      "whiteSpace" : false
    }, {
      "id" : "s1-t1",
      "begin" : 100,
      "end" : 106,
      "text" : "dúvida",
      "whiteSpace" : false
    }, {
      "id" : "s1-t2",
      "begin" : 107,
      "end" : 108,
      "text" : "é",
      "whiteSpace" : false
    }, {
      "id" : "s1-t3",
      "begin" : 109,
      "end" : 111,
      "text" : "um",
      "whiteSpace" : false
    }, {
      "id" : "s1-t4",
      "begin" : 112,
      "end" : 117,
      "text" : "carro",
      "whiteSpace" : false
    }, {
      "id" : "s1-t5",
      "begin" : 118,
      "end" : 123,
      "text" : "muito",
      "whiteSpace" : false
    }, {
      "id" : "s1-t6",
      "begin" : 124,
      "end" : 130,
      "text" : "bonito",
      "whiteSpace" : false
    }, {
      "id" : "s1-t7",
      "begin" : 131,
      "end" : 132,
      "text" : "e",
      "whiteSpace" : false
    }, {
      "id" : "s1-t8",
      "begin" : 133,
      "end" : 134,
      "text" : "o",
      "whiteSpace" : false
    }, {
      "id" : "s1-t9",
      "begin" : 135,
      "end" : 145,
      "text" : "acabamento",
      "whiteSpace" : false
    }, {
      "id" : "s1-t10",
      "begin" : 146,
      "end" : 148,
      "text" : "da",
      "whiteSpace" : false
    }, {
      "id" : "s1-t11",
      "begin" : 149,
      "end" : 153,
      "text" : "FIAT",
      "whiteSpace" : false
    }, {
      "id" : "s1-t12",
      "begin" : 154,
      "end" : 155,
      "text" : "é",
      "whiteSpace" : false
    }, {
      "id" : "s1-t13",
      "begin" : 156,
      "end" : 165,
      "text" : "excelente",
      "whiteSpace" : false
    }, {
      "id" : "s1-t14",
      "begin" : 165,
      "end" : 166,
      "text" : ".",
      "whiteSpace" : false
    } ]
  }, {
    "id" : "s2",
    "begin" : 167,
    "end" : 206,
    "text" : "Não há rebarbas ou pontos mal acabados.",
    "tokens" : [ {
      "id" : "s2-t0",
      "begin" : 167,
      "end" : 170,
      "text" : "Não",
      "whiteSpace" : false
    }, {
      "id" : "s2-t1",
      "begin" : 171,
      "end" : 173,
      "text" : "há",
      "whiteSpace" : false
    }, {
      "id" : "s2-t2",
      "begin" : 174,
      "end" : 182,
      "text" : "rebarbas",
      "whiteSpace" : false
    }, {
      "id" : "s2-t3",
      "begin" : 183,
      "end" : 185,
      "text" : "ou",
      "whiteSpace" : false
    }, {
      "id" : "s2-t4",
      "begin" : 186,
      "end" : 192,
      "text" : "pontos",
      "whiteSpace" : false
    }, {
      "id" : "s2-t5",
      "begin" : 193,
      "end" : 196,
      "text" : "mal",
      "whiteSpace" : false
    }, {
      "id" : "s2-t6",
      "begin" : 197,
      "end" : 205,
      "text" : "acabados",
      "whiteSpace" : false
    }, {
      "id" : "s2-t7",
      "begin" : 205,
      "end" : 206,
      "text" : ".",
      "whiteSpace" : false
    } ]
  }, {
    "id" : "s3",
    "begin" : 207,
    "end" : 281,
    "text" : "O volante elétrico progressivo é bem calibrado e muito leve para manobrar.",
    "tokens" : [ {
      "id" : "s3-t0",
      "begin" : 207,
      "end" : 208,
      "text" : "O",
      "whiteSpace" : false
    }, {
      "id" : "s3-t1",
      "begin" : 209,
      "end" : 216,
      "text" : "volante",
      "whiteSpace" : false
    }, {
      "id" : "s3-t2",
      "begin" : 217,
      "end" : 225,
      "text" : "elétrico",
      "whiteSpace" : false
    }, {
      "id" : "s3-t3",
      "begin" : 226,
      "end" : 237,
      "text" : "progressivo",
      "whiteSpace" : false
    }, {
      "id" : "s3-t4",
      "begin" : 238,
      "end" : 239,
      "text" : "é",
      "whiteSpace" : false
    }, {
      "id" : "s3-t5",
      "begin" : 240,
      "end" : 243,
      "text" : "bem",
      "whiteSpace" : false
    }, {
      "id" : "s3-t6",
      "begin" : 244,
      "end" : 253,
      "text" : "calibrado",
      "whiteSpace" : false
    }, {
      "id" : "s3-t7",
      "begin" : 254,
      "end" : 255,
      "text" : "e",
      "whiteSpace" : false
    }, {
      "id" : "s3-t8",
      "begin" : 256,
      "end" : 261,
      "text" : "muito",
      "whiteSpace" : false
    }, {
      "id" : "s3-t9",
      "begin" : 262,
      "end" : 266,
      "text" : "leve",
      "whiteSpace" : false
    }, {
      "id" : "s3-t10",
      "begin" : 267,
      "end" : 271,
      "text" : "para",
      "whiteSpace" : false
    }, {
      "id" : "s3-t11",
      "begin" : 272,
      "end" : 280,
      "text" : "manobrar",
      "whiteSpace" : false
    }, {
      "id" : "s3-t12",
      "begin" : 280,
      "end" : 281,
      "text" : ".",
      "whiteSpace" : false
    } ]
  }, {
    "id" : "s4",
    "begin" : 282,
    "end" : 357,
    "text" : "Tem muita tecnologia embarcada e o painel possibilida muitas configurações.",
    "tokens" : [ {
      "id" : "s4-t0",
      "begin" : 282,
      "end" : 285,
      "text" : "Tem",
      "whiteSpace" : false
    }, {
      "id" : "s4-t1",
      "begin" : 286,
      "end" : 291,
      "text" : "muita",
      "whiteSpace" : false
    }, {
      "id" : "s4-t2",
      "begin" : 292,
      "end" : 302,
      "text" : "tecnologia",
      "whiteSpace" : false
    }, {
      "id" : "s4-t3",
      "begin" : 303,
      "end" : 312,
      "text" : "embarcada",
      "whiteSpace" : false
    }, {
      "id" : "s4-t4",
      "begin" : 313,
      "end" : 314,
      "text" : "e",
      "whiteSpace" : false
    }, {
      "id" : "s4-t5",
      "begin" : 315,
      "end" : 316,
      "text" : "o",
      "whiteSpace" : false
    }, {
      "id" : "s4-t6",
      "begin" : 317,
      "end" : 323,
      "text" : "painel",
      "whiteSpace" : false
    }, {
      "id" : "s4-t7",
      "begin" : 324,
      "end" : 335,
      "text" : "possibilida",
      "whiteSpace" : false
    }, {
      "id" : "s4-t8",
      "begin" : 336,
      "end" : 342,
      "text" : "muitas",
      "whiteSpace" : false
    }, {
      "id" : "s4-t9",
      "begin" : 343,
      "end" : 356,
      "text" : "configurações",
      "whiteSpace" : false
    }, {
      "id" : "s4-t10",
      "begin" : 356,
      "end" : 357,
      "text" : ".",
      "whiteSpace" : false
    } ]
  }, {
    "id" : "s5",
    "begin" : 358,
    "end" : 470,
    "text" : "O multimídia é bem completo, com som de ótima qualidade muito superior às outras opções da categoria no mercado.",
    "tokens" : [ {
      "id" : "s5-t0",
      "begin" : 358,
      "end" : 359,
      "text" : "O",
      "whiteSpace" : false
    }, {
      "id" : "s5-t1",
      "begin" : 360,
      "end" : 370,
      "text" : "multimídia",
      "whiteSpace" : false
    }, {
      "id" : "s5-t2",
      "begin" : 371,
      "end" : 372,
      "text" : "é",
      "whiteSpace" : false
    }, {
      "id" : "s5-t3",
      "begin" : 373,
      "end" : 376,
      "text" : "bem",
      "whiteSpace" : false
    }, {
      "id" : "s5-t4",
      "begin" : 377,
      "end" : 385,
      "text" : "completo",
      "whiteSpace" : false
    }, {
      "id" : "s5-t5",
      "begin" : 385,
      "end" : 386,
      "text" : ",",
      "whiteSpace" : false
    }, {
      "id" : "s5-t6",
      "begin" : 387,
      "end" : 390,
      "text" : "com",
      "whiteSpace" : false
    }, {
      "id" : "s5-t7",
      "begin" : 391,
      "end" : 394,
      "text" : "som",
      "whiteSpace" : false
    }, {
      "id" : "s5-t8",
      "begin" : 395,
      "end" : 397,
      "text" : "de",
      "whiteSpace" : false
    }, {
      "id" : "s5-t9",
      "begin" : 398,
      "end" : 403,
      "text" : "ótima",
      "whiteSpace" : false
    }, {
      "id" : "s5-t10",
      "begin" : 404,
      "end" : 413,
      "text" : "qualidade",
      "whiteSpace" : false
    }, {
      "id" : "s5-t11",
      "begin" : 414,
      "end" : 419,
      "text" : "muito",
      "whiteSpace" : false
    }, {
      "id" : "s5-t12",
      "begin" : 420,
      "end" : 428,
      "text" : "superior",
      "whiteSpace" : false
    }, {
      "id" : "s5-t13",
      "begin" : 429,
      "end" : 431,
      "text" : "às",
      "whiteSpace" : false
    }, {
      "id" : "s5-t14",
      "begin" : 432,
      "end" : 438,
      "text" : "outras",
      "whiteSpace" : false
    }, {
      "id" : "s5-t15",
      "begin" : 439,
      "end" : 445,
      "text" : "opções",
      "whiteSpace" : false
    }, {
      "id" : "s5-t16",
      "begin" : 446,
      "end" : 448,
      "text" : "da",
      "whiteSpace" : false
    }, {
      "id" : "s5-t17",
      "begin" : 449,
      "end" : 458,
      "text" : "categoria",
      "whiteSpace" : false
    }, {
      "id" : "s5-t18",
      "begin" : 459,
      "end" : 461,
      "text" : "no",
      "whiteSpace" : false
    }, {
      "id" : "s5-t19",
      "begin" : 462,
      "end" : 469,
      "text" : "mercado",
      "whiteSpace" : false
    }, {
      "id" : "s5-t20",
      "begin" : 469,
      "end" : 470,
      "text" : ".",
      "whiteSpace" : false
    } ]
  } ],
  "mentions" : [ {
    "id" : "s0-m3",
    "properties" : {
      "SIRE_MENTION_ROLE" : "MODELO",
      "SIRE_ENTITY_SUBTYPE" : "NONE",
      "SIRE_MENTION_TYPE" : "NONE",
      "SIRE_MENTION_CLASS" : "SPC"
    },
    "type" : "MODELO",
    "begin" : 2,
    "end" : 8,
    "inCoref" : false
  }, {
    "id" : "s0-m2",
    "properties" : {
      "SIRE_MENTION_ROLE" : "CONFORTO",
      "SIRE_ENTITY_SUBTYPE" : "NONE",
      "SIRE_MENTION_TYPE" : "NONE",
      "SIRE_MENTION_CLASS" : "SPC"
    },
    "type" : "CONFORTO",
    "begin" : 43,
    "end" : 52,
    "inCoref" : false
  }, {
    "id" : "s1-m1",
    "properties" : {
      "SIRE_MENTION_ROLE" : "DESIGN",
      "SIRE_ENTITY_SUBTYPE" : "NONE",
      "SIRE_MENTION_TYPE" : "NONE",
      "SIRE_MENTION_CLASS" : "SPC"
    },
    "type" : "DESIGN",
    "begin" : 124,
    "end" : 130,
    "inCoref" : false
  }, {
    "id" : "s1-m2",
    "properties" : {
      "SIRE_MENTION_ROLE" : "DESIGN",
      "SIRE_ENTITY_SUBTYPE" : "NONE",
      "SIRE_MENTION_TYPE" : "NONE",
      "SIRE_MENTION_CLASS" : "SPC"
    },
    "type" : "DESIGN",
    "begin" : 135,
    "end" : 145,
    "inCoref" : false
  }, {
    "id" : "s2-m1",
    "properties" : {
      "SIRE_MENTION_ROLE" : "DESIGN",
      "SIRE_ENTITY_SUBTYPE" : "NONE",
      "SIRE_MENTION_TYPE" : "NONE",
      "SIRE_MENTION_CLASS" : "SPC"
    },
    "type" : "DESIGN",
    "begin" : 193,
    "end" : 205,
    "inCoref" : false
  }, {
    "id" : "s3-m1",
    "properties" : {
      "SIRE_MENTION_ROLE" : "CONFORTO",
      "SIRE_ENTITY_SUBTYPE" : "NONE",
      "SIRE_MENTION_TYPE" : "NONE",
      "SIRE_MENTION_CLASS" : "SPC"
    },
    "type" : "CONFORTO",
    "begin" : 209,
    "end" : 216,
    "inCoref" : false
  }, {
    "id" : "s5-m1",
    "properties" : {
      "SIRE_MENTION_ROLE" : "ACESSORIOS",
      "SIRE_ENTITY_SUBTYPE" : "NONE",
      "SIRE_MENTION_TYPE" : "NONE",
      "SIRE_MENTION_CLASS" : "SPC"
    },
    "type" : "ACESSORIOS",
    "begin" : 360,
    "end" : 370,
    "inCoref" : false
  }, {
    "id" : "s5-m2",
    "properties" : {
      "SIRE_MENTION_ROLE" : "ACESSORIOS",
      "SIRE_ENTITY_SUBTYPE" : "NONE",
      "SIRE_MENTION_TYPE" : "NONE",
      "SIRE_MENTION_CLASS" : "SPC"
    },
    "type" : "ACESSORIOS",
    "begin" : 391,
    "end" : 394,
    "inCoref" : false
  } ],
  "relations" : [ ],
  "corefs" : [ ],
  "typeResolved" : true,
  "userResolved" : false
}