{
  "id" : "a2e93d50-f6cb-11ea-9b27-75c700284c8b-44",
  "name" : "train_38.txt",
  "createdDate" : 0,
  "version" : 3,
  "text" : "Um motor potente com uma sinfonia dos 5 cilindros de fazer o motorista entortar o pescoço, com design agressivo e muito ao contrário do que dizem esse carro é sim bem potente. O ar gela muito bem e o conforto que o Marea 2.0 proporciona não deixa a desejar em nada.\r\n",
  "docLength" : 0,
  "language" : "PT",
  "status" : "SUBMITTED",
  "modifiedDate" : 1600307744226,
  "documentSet" : [ ],
  "preannotation" : [ ],
  "sentences" : [ {
    "id" : "s0",
    "begin" : 0,
    "end" : 175,
    "text" : "Um motor potente com uma sinfonia dos 5 cilindros de fazer o motorista entortar o pescoço, com design agressivo e muito ao contrário do que dizem esse carro é sim bem potente.",
    "tokens" : [ {
      "id" : "s0-t0",
      "begin" : 0,
      "end" : 2,
      "text" : "Um",
      "whiteSpace" : false
    }, {
      "id" : "s0-t1",
      "begin" : 3,
      "end" : 8,
      "text" : "motor",
      "whiteSpace" : false
    }, {
      "id" : "s0-t2",
      "begin" : 9,
      "end" : 16,
      "text" : "potente",
      "whiteSpace" : false
    }, {
      "id" : "s0-t3",
      "begin" : 17,
      "end" : 20,
      "text" : "com",
      "whiteSpace" : false
    }, {
      "id" : "s0-t4",
      "begin" : 21,
      "end" : 24,
      "text" : "uma",
      "whiteSpace" : false
    }, {
      "id" : "s0-t5",
      "begin" : 25,
      "end" : 33,
      "text" : "sinfonia",
      "whiteSpace" : false
    }, {
      "id" : "s0-t6",
      "begin" : 34,
      "end" : 37,
      "text" : "dos",
      "whiteSpace" : false
    }, {
      "id" : "s0-t7",
      "begin" : 38,
      "end" : 39,
      "text" : "5",
      "whiteSpace" : false
    }, {
      "id" : "s0-t8",
      "begin" : 40,
      "end" : 49,
      "text" : "cilindros",
      "whiteSpace" : false
    }, {
      "id" : "s0-t9",
      "begin" : 50,
      "end" : 52,
      "text" : "de",
      "whiteSpace" : false
    }, {
      "id" : "s0-t10",
      "begin" : 53,
      "end" : 58,
      "text" : "fazer",
      "whiteSpace" : false
    }, {
      "id" : "s0-t11",
      "begin" : 59,
      "end" : 60,
      "text" : "o",
      "whiteSpace" : false
    }, {
      "id" : "s0-t12",
      "begin" : 61,
      "end" : 70,
      "text" : "motorista",
      "whiteSpace" : false
    }, {
      "id" : "s0-t13",
      "begin" : 71,
      "end" : 79,
      "text" : "entortar",
      "whiteSpace" : false
    }, {
      "id" : "s0-t14",
      "begin" : 80,
      "end" : 81,
      "text" : "o",
      "whiteSpace" : false
    }, {
      "id" : "s0-t15",
      "begin" : 82,
      "end" : 89,
      "text" : "pescoço",
      "whiteSpace" : false
    }, {
      "id" : "s0-t16",
      "begin" : 89,
      "end" : 90,
      "text" : ",",
      "whiteSpace" : false
    }, {
      "id" : "s0-t17",
      "begin" : 91,
      "end" : 94,
      "text" : "com",
      "whiteSpace" : false
    }, {
      "id" : "s0-t18",
      "begin" : 95,
      "end" : 101,
      "text" : "design",
      "whiteSpace" : false
    }, {
      "id" : "s0-t19",
      "begin" : 102,
      "end" : 111,
      "text" : "agressivo",
      "whiteSpace" : false
    }, {
      "id" : "s0-t20",
      "begin" : 112,
      "end" : 113,
      "text" : "e",
      "whiteSpace" : false
    }, {
      "id" : "s0-t21",
      "begin" : 114,
      "end" : 119,
      "text" : "muito",
      "whiteSpace" : false
    }, {
      "id" : "s0-t22",
      "begin" : 120,
      "end" : 122,
      "text" : "ao",
      "whiteSpace" : false
    }, {
      "id" : "s0-t23",
      "begin" : 123,
      "end" : 132,
      "text" : "contrário",
      "whiteSpace" : false
    }, {
      "id" : "s0-t24",
      "begin" : 133,
      "end" : 135,
      "text" : "do",
      "whiteSpace" : false
    }, {
      "id" : "s0-t25",
      "begin" : 136,
      "end" : 139,
      "text" : "que",
      "whiteSpace" : false
    }, {
      "id" : "s0-t26",
      "begin" : 140,
      "end" : 145,
      "text" : "dizem",
      "whiteSpace" : false
    }, {
      "id" : "s0-t27",
      "begin" : 146,
      "end" : 150,
      "text" : "esse",
      "whiteSpace" : false
    }, {
      "id" : "s0-t28",
      "begin" : 151,
      "end" : 156,
      "text" : "carro",
      "whiteSpace" : false
    }, {
      "id" : "s0-t29",
      "begin" : 157,
      "end" : 158,
      "text" : "é",
      "whiteSpace" : false
    }, {
      "id" : "s0-t30",
      "begin" : 159,
      "end" : 162,
      "text" : "sim",
      "whiteSpace" : false
    }, {
      "id" : "s0-t31",
      "begin" : 163,
      "end" : 166,
      "text" : "bem",
      "whiteSpace" : false
    }, {
      "id" : "s0-t32",
      "begin" : 167,
      "end" : 174,
      "text" : "potente",
      "whiteSpace" : false
    }, {
      "id" : "s0-t33",
      "begin" : 174,
      "end" : 175,
      "text" : ".",
      "whiteSpace" : false
    } ]
  }, {
    "id" : "s1",
    "begin" : 176,
    "end" : 265,
    "text" : "O ar gela muito bem e o conforto que o Marea 2.0 proporciona não deixa a desejar em nada.",
    "tokens" : [ {
      "id" : "s1-t0",
      "begin" : 176,
      "end" : 177,
      "text" : "O",
      "whiteSpace" : false
    }, {
      "id" : "s1-t1",
      "begin" : 178,
      "end" : 180,
      "text" : "ar",
      "whiteSpace" : false
    }, {
      "id" : "s1-t2",
      "begin" : 181,
      "end" : 185,
      "text" : "gela",
      "whiteSpace" : false
    }, {
      "id" : "s1-t3",
      "begin" : 186,
      "end" : 191,
      "text" : "muito",
      "whiteSpace" : false
    }, {
      "id" : "s1-t4",
      "begin" : 192,
      "end" : 195,
      "text" : "bem",
      "whiteSpace" : false
    }, {
      "id" : "s1-t5",
      "begin" : 196,
      "end" : 197,
      "text" : "e",
      "whiteSpace" : false
    }, {
      "id" : "s1-t6",
      "begin" : 198,
      "end" : 199,
      "text" : "o",
      "whiteSpace" : false
    }, {
      "id" : "s1-t7",
      "begin" : 200,
      "end" : 208,
      "text" : "conforto",
      "whiteSpace" : false
    }, {
      "id" : "s1-t8",
      "begin" : 209,
      "end" : 212,
      "text" : "que",
      "whiteSpace" : false
    }, {
      "id" : "s1-t9",
      "begin" : 213,
      "end" : 214,
      "text" : "o",
      "whiteSpace" : false
    }, {
      "id" : "s1-t10",
      "begin" : 215,
      "end" : 220,
      "text" : "Marea",
      "whiteSpace" : false
    }, {
      "id" : "s1-t11",
      "begin" : 221,
      "end" : 224,
      "text" : "2.0",
      "whiteSpace" : false
    }, {
      "id" : "s1-t12",
      "begin" : 225,
      "end" : 236,
      "text" : "proporciona",
      "whiteSpace" : false
    }, {
      "id" : "s1-t13",
      "begin" : 237,
      "end" : 240,
      "text" : "não",
      "whiteSpace" : false
    }, {
      "id" : "s1-t14",
      "begin" : 241,
      "end" : 246,
      "text" : "deixa",
      "whiteSpace" : false
    }, {
      "id" : "s1-t15",
      "begin" : 247,
      "end" : 248,
      "text" : "a",
      "whiteSpace" : false
    }, {
      "id" : "s1-t16",
      "begin" : 249,
      "end" : 256,
      "text" : "desejar",
      "whiteSpace" : false
    }, {
      "id" : "s1-t17",
      "begin" : 257,
      "end" : 259,
      "text" : "em",
      "whiteSpace" : false
    }, {
      "id" : "s1-t18",
      "begin" : 260,
      "end" : 264,
      "text" : "nada",
      "whiteSpace" : false
    }, {
      "id" : "s1-t19",
      "begin" : 264,
      "end" : 265,
      "text" : ".",
      "whiteSpace" : false
    } ]
  } ],
  "mentions" : [ {
    "id" : "s0-m1",
    "properties" : {
      "SIRE_MENTION_ROLE" : "DESEMPENHO",
      "SIRE_ENTITY_SUBTYPE" : "NONE",
      "SIRE_MENTION_TYPE" : "NONE",
      "SIRE_MENTION_CLASS" : "SPC"
    },
    "type" : "DESEMPENHO",
    "begin" : 3,
    "end" : 8,
    "inCoref" : false
  }, {
    "id" : "s0-m2",
    "properties" : {
      "SIRE_MENTION_ROLE" : "DESIGN",
      "SIRE_ENTITY_SUBTYPE" : "NONE",
      "SIRE_MENTION_TYPE" : "NONE",
      "SIRE_MENTION_CLASS" : "SPC"
    },
    "type" : "DESIGN",
    "begin" : 95,
    "end" : 101,
    "inCoref" : false
  }, {
    "id" : "s0-m3",
    "properties" : {
      "SIRE_MENTION_ROLE" : "DESEMPENHO",
      "SIRE_ENTITY_SUBTYPE" : "NONE",
      "SIRE_MENTION_TYPE" : "NONE",
      "SIRE_MENTION_CLASS" : "SPC"
    },
    "type" : "DESEMPENHO",
    "begin" : 167,
    "end" : 174,
    "inCoref" : false
  }, {
    "id" : "s1-m1",
    "properties" : {
      "SIRE_MENTION_ROLE" : "CONFORTO",
      "SIRE_ENTITY_SUBTYPE" : "NONE",
      "SIRE_MENTION_TYPE" : "NONE",
      "SIRE_MENTION_CLASS" : "SPC"
    },
    "type" : "CONFORTO",
    "begin" : 200,
    "end" : 208,
    "inCoref" : false
  }, {
    "id" : "s1-m3",
    "properties" : {
      "SIRE_MENTION_ROLE" : "MODELO",
      "SIRE_ENTITY_SUBTYPE" : "NONE",
      "SIRE_MENTION_TYPE" : "NONE",
      "SIRE_MENTION_CLASS" : "SPC"
    },
    "type" : "MODELO",
    "begin" : 215,
    "end" : 220,
    "inCoref" : false
  } ],
  "relations" : [ ],
  "corefs" : [ ],
  "typeResolved" : true,
  "userResolved" : false
}