{
  "id" : "a2e93d50-f6cb-11ea-9b27-75c700284c8b-60",
  "name" : "train_54.txt",
  "createdDate" : 0,
  "version" : 3,
  "text" : "Sem dúvidas para quem gosta de um carro diferente o Fiat 500 é uma ótima opção. Com um pacote de tecnologia e segurança digno de carrões importados, ele impressiona. Som de excelente qualidade, e uma suspensão com estabilidade que impressiona.\r\n",
  "docLength" : 0,
  "language" : "PT",
  "status" : "SUBMITTED",
  "modifiedDate" : 1600308351620,
  "documentSet" : [ ],
  "preannotation" : [ ],
  "sentences" : [ {
    "id" : "s0",
    "begin" : 0,
    "end" : 79,
    "text" : "Sem dúvidas para quem gosta de um carro diferente o Fiat 500 é uma ótima opção.",
    "tokens" : [ {
      "id" : "s0-t0",
      "begin" : 0,
      "end" : 3,
      "text" : "Sem",
      "whiteSpace" : false
    }, {
      "id" : "s0-t1",
      "begin" : 4,
      "end" : 11,
      "text" : "dúvidas",
      "whiteSpace" : false
    }, {
      "id" : "s0-t2",
      "begin" : 12,
      "end" : 16,
      "text" : "para",
      "whiteSpace" : false
    }, {
      "id" : "s0-t3",
      "begin" : 17,
      "end" : 21,
      "text" : "quem",
      "whiteSpace" : false
    }, {
      "id" : "s0-t4",
      "begin" : 22,
      "end" : 27,
      "text" : "gosta",
      "whiteSpace" : false
    }, {
      "id" : "s0-t5",
      "begin" : 28,
      "end" : 30,
      "text" : "de",
      "whiteSpace" : false
    }, {
      "id" : "s0-t6",
      "begin" : 31,
      "end" : 33,
      "text" : "um",
      "whiteSpace" : false
    }, {
      "id" : "s0-t7",
      "begin" : 34,
      "end" : 39,
      "text" : "carro",
      "whiteSpace" : false
    }, {
      "id" : "s0-t8",
      "begin" : 40,
      "end" : 49,
      "text" : "diferente",
      "whiteSpace" : false
    }, {
      "id" : "s0-t9",
      "begin" : 50,
      "end" : 51,
      "text" : "o",
      "whiteSpace" : false
    }, {
      "id" : "s0-t10",
      "begin" : 52,
      "end" : 56,
      "text" : "Fiat",
      "whiteSpace" : false
    }, {
      "id" : "s0-t11",
      "begin" : 57,
      "end" : 60,
      "text" : "500",
      "whiteSpace" : false
    }, {
      "id" : "s0-t12",
      "begin" : 61,
      "end" : 62,
      "text" : "é",
      "whiteSpace" : false
    }, {
      "id" : "s0-t13",
      "begin" : 63,
      "end" : 66,
      "text" : "uma",
      "whiteSpace" : false
    }, {
      "id" : "s0-t14",
      "begin" : 67,
      "end" : 72,
      "text" : "ótima",
      "whiteSpace" : false
    }, {
      "id" : "s0-t15",
      "begin" : 73,
      "end" : 78,
      "text" : "opção",
      "whiteSpace" : false
    }, {
      "id" : "s0-t16",
      "begin" : 78,
      "end" : 79,
      "text" : ".",
      "whiteSpace" : false
    } ]
  }, {
    "id" : "s1",
    "begin" : 80,
    "end" : 165,
    "text" : "Com um pacote de tecnologia e segurança digno de carrões importados, ele impressiona.",
    "tokens" : [ {
      "id" : "s1-t0",
      "begin" : 80,
      "end" : 83,
      "text" : "Com",
      "whiteSpace" : false
    }, {
      "id" : "s1-t1",
      "begin" : 84,
      "end" : 86,
      "text" : "um",
      "whiteSpace" : false
    }, {
      "id" : "s1-t2",
      "begin" : 87,
      "end" : 93,
      "text" : "pacote",
      "whiteSpace" : false
    }, {
      "id" : "s1-t3",
      "begin" : 94,
      "end" : 96,
      "text" : "de",
      "whiteSpace" : false
    }, {
      "id" : "s1-t4",
      "begin" : 97,
      "end" : 107,
      "text" : "tecnologia",
      "whiteSpace" : false
    }, {
      "id" : "s1-t5",
      "begin" : 108,
      "end" : 109,
      "text" : "e",
      "whiteSpace" : false
    }, {
      "id" : "s1-t6",
      "begin" : 110,
      "end" : 119,
      "text" : "segurança",
      "whiteSpace" : false
    }, {
      "id" : "s1-t7",
      "begin" : 120,
      "end" : 125,
      "text" : "digno",
      "whiteSpace" : false
    }, {
      "id" : "s1-t8",
      "begin" : 126,
      "end" : 128,
      "text" : "de",
      "whiteSpace" : false
    }, {
      "id" : "s1-t9",
      "begin" : 129,
      "end" : 136,
      "text" : "carrões",
      "whiteSpace" : false
    }, {
      "id" : "s1-t10",
      "begin" : 137,
      "end" : 147,
      "text" : "importados",
      "whiteSpace" : false
    }, {
      "id" : "s1-t11",
      "begin" : 147,
      "end" : 148,
      "text" : ",",
      "whiteSpace" : false
    }, {
      "id" : "s1-t12",
      "begin" : 149,
      "end" : 152,
      "text" : "ele",
      "whiteSpace" : false
    }, {
      "id" : "s1-t13",
      "begin" : 153,
      "end" : 164,
      "text" : "impressiona",
      "whiteSpace" : false
    }, {
      "id" : "s1-t14",
      "begin" : 164,
      "end" : 165,
      "text" : ".",
      "whiteSpace" : false
    } ]
  }, {
    "id" : "s2",
    "begin" : 166,
    "end" : 243,
    "text" : "Som de excelente qualidade, e uma suspensão com estabilidade que impressiona.",
    "tokens" : [ {
      "id" : "s2-t0",
      "begin" : 166,
      "end" : 169,
      "text" : "Som",
      "whiteSpace" : false
    }, {
      "id" : "s2-t1",
      "begin" : 170,
      "end" : 172,
      "text" : "de",
      "whiteSpace" : false
    }, {
      "id" : "s2-t2",
      "begin" : 173,
      "end" : 182,
      "text" : "excelente",
      "whiteSpace" : false
    }, {
      "id" : "s2-t3",
      "begin" : 183,
      "end" : 192,
      "text" : "qualidade",
      "whiteSpace" : false
    }, {
      "id" : "s2-t4",
      "begin" : 192,
      "end" : 193,
      "text" : ",",
      "whiteSpace" : false
    }, {
      "id" : "s2-t5",
      "begin" : 194,
      "end" : 195,
      "text" : "e",
      "whiteSpace" : false
    }, {
      "id" : "s2-t6",
      "begin" : 196,
      "end" : 199,
      "text" : "uma",
      "whiteSpace" : false
    }, {
      "id" : "s2-t7",
      "begin" : 200,
      "end" : 209,
      "text" : "suspensão",
      "whiteSpace" : false
    }, {
      "id" : "s2-t8",
      "begin" : 210,
      "end" : 213,
      "text" : "com",
      "whiteSpace" : false
    }, {
      "id" : "s2-t9",
      "begin" : 214,
      "end" : 226,
      "text" : "estabilidade",
      "whiteSpace" : false
    }, {
      "id" : "s2-t10",
      "begin" : 227,
      "end" : 230,
      "text" : "que",
      "whiteSpace" : false
    }, {
      "id" : "s2-t11",
      "begin" : 231,
      "end" : 242,
      "text" : "impressiona",
      "whiteSpace" : false
    }, {
      "id" : "s2-t12",
      "begin" : 242,
      "end" : 243,
      "text" : ".",
      "whiteSpace" : false
    } ]
  } ],
  "mentions" : [ {
    "id" : "s0-m1",
    "properties" : {
      "SIRE_MENTION_ROLE" : "MODELO",
      "SIRE_ENTITY_SUBTYPE" : "NONE",
      "SIRE_MENTION_TYPE" : "NONE",
      "SIRE_MENTION_CLASS" : "SPC"
    },
    "type" : "MODELO",
    "begin" : 52,
    "end" : 60,
    "inCoref" : false
  }, {
    "id" : "s1-m1",
    "properties" : {
      "SIRE_MENTION_ROLE" : "SEGURANCA",
      "SIRE_ENTITY_SUBTYPE" : "NONE",
      "SIRE_MENTION_TYPE" : "NONE",
      "SIRE_MENTION_CLASS" : "SPC"
    },
    "type" : "SEGURANCA",
    "begin" : 110,
    "end" : 119,
    "inCoref" : false
  }, {
    "id" : "s2-m3",
    "properties" : {
      "SIRE_MENTION_ROLE" : "CONFORTO",
      "SIRE_ENTITY_SUBTYPE" : "NONE",
      "SIRE_MENTION_TYPE" : "NONE",
      "SIRE_MENTION_CLASS" : "SPC"
    },
    "type" : "CONFORTO",
    "begin" : 200,
    "end" : 209,
    "inCoref" : false
  }, {
    "id" : "s2-m2",
    "properties" : {
      "SIRE_MENTION_ROLE" : "SEGURANCA",
      "SIRE_ENTITY_SUBTYPE" : "NONE",
      "SIRE_MENTION_TYPE" : "NONE",
      "SIRE_MENTION_CLASS" : "SPC"
    },
    "type" : "SEGURANCA",
    "begin" : 214,
    "end" : 226,
    "inCoref" : false
  } ],
  "relations" : [ ],
  "corefs" : [ ],
  "typeResolved" : true,
  "userResolved" : false
}