{
  "id" : "a2e93d50-f6cb-11ea-9b27-75c700284c8b-85",
  "name" : "train_79.txt",
  "createdDate" : 0,
  "version" : 3,
  "text" : "Com faróis duplos e grade simples, o Fiat Ducato comercial leve tem chassi longo com extensão entre as portas dianteiras e a lateral corrediça, que em acessórios do ramo, pode ter acionamento elétrico. Os bancos podem ser reclináveis e em veludo, pode ter também ar-condicionado de teto e faróis de neblina, entre outros.\r\n",
  "docLength" : 0,
  "language" : "PT",
  "status" : "SUBMITTED",
  "modifiedDate" : 1600309266352,
  "documentSet" : [ ],
  "preannotation" : [ ],
  "sentences" : [ {
    "id" : "s0",
    "begin" : 0,
    "end" : 201,
    "text" : "Com faróis duplos e grade simples, o Fiat Ducato comercial leve tem chassi longo com extensão entre as portas dianteiras e a lateral corrediça, que em acessórios do ramo, pode ter acionamento elétrico.",
    "tokens" : [ {
      "id" : "s0-t0",
      "begin" : 0,
      "end" : 3,
      "text" : "Com",
      "whiteSpace" : false
    }, {
      "id" : "s0-t1",
      "begin" : 4,
      "end" : 10,
      "text" : "faróis",
      "whiteSpace" : false
    }, {
      "id" : "s0-t2",
      "begin" : 11,
      "end" : 17,
      "text" : "duplos",
      "whiteSpace" : false
    }, {
      "id" : "s0-t3",
      "begin" : 18,
      "end" : 19,
      "text" : "e",
      "whiteSpace" : false
    }, {
      "id" : "s0-t4",
      "begin" : 20,
      "end" : 25,
      "text" : "grade",
      "whiteSpace" : false
    }, {
      "id" : "s0-t5",
      "begin" : 26,
      "end" : 33,
      "text" : "simples",
      "whiteSpace" : false
    }, {
      "id" : "s0-t6",
      "begin" : 33,
      "end" : 34,
      "text" : ",",
      "whiteSpace" : false
    }, {
      "id" : "s0-t7",
      "begin" : 35,
      "end" : 36,
      "text" : "o",
      "whiteSpace" : false
    }, {
      "id" : "s0-t8",
      "begin" : 37,
      "end" : 41,
      "text" : "Fiat",
      "whiteSpace" : false
    }, {
      "id" : "s0-t9",
      "begin" : 42,
      "end" : 48,
      "text" : "Ducato",
      "whiteSpace" : false
    }, {
      "id" : "s0-t10",
      "begin" : 49,
      "end" : 58,
      "text" : "comercial",
      "whiteSpace" : false
    }, {
      "id" : "s0-t11",
      "begin" : 59,
      "end" : 63,
      "text" : "leve",
      "whiteSpace" : false
    }, {
      "id" : "s0-t12",
      "begin" : 64,
      "end" : 67,
      "text" : "tem",
      "whiteSpace" : false
    }, {
      "id" : "s0-t13",
      "begin" : 68,
      "end" : 74,
      "text" : "chassi",
      "whiteSpace" : false
    }, {
      "id" : "s0-t14",
      "begin" : 75,
      "end" : 80,
      "text" : "longo",
      "whiteSpace" : false
    }, {
      "id" : "s0-t15",
      "begin" : 81,
      "end" : 84,
      "text" : "com",
      "whiteSpace" : false
    }, {
      "id" : "s0-t16",
      "begin" : 85,
      "end" : 93,
      "text" : "extensão",
      "whiteSpace" : false
    }, {
      "id" : "s0-t17",
      "begin" : 94,
      "end" : 99,
      "text" : "entre",
      "whiteSpace" : false
    }, {
      "id" : "s0-t18",
      "begin" : 100,
      "end" : 102,
      "text" : "as",
      "whiteSpace" : false
    }, {
      "id" : "s0-t19",
      "begin" : 103,
      "end" : 109,
      "text" : "portas",
      "whiteSpace" : false
    }, {
      "id" : "s0-t20",
      "begin" : 110,
      "end" : 120,
      "text" : "dianteiras",
      "whiteSpace" : false
    }, {
      "id" : "s0-t21",
      "begin" : 121,
      "end" : 122,
      "text" : "e",
      "whiteSpace" : false
    }, {
      "id" : "s0-t22",
      "begin" : 123,
      "end" : 124,
      "text" : "a",
      "whiteSpace" : false
    }, {
      "id" : "s0-t23",
      "begin" : 125,
      "end" : 132,
      "text" : "lateral",
      "whiteSpace" : false
    }, {
      "id" : "s0-t24",
      "begin" : 133,
      "end" : 142,
      "text" : "corrediça",
      "whiteSpace" : false
    }, {
      "id" : "s0-t25",
      "begin" : 142,
      "end" : 143,
      "text" : ",",
      "whiteSpace" : false
    }, {
      "id" : "s0-t26",
      "begin" : 144,
      "end" : 147,
      "text" : "que",
      "whiteSpace" : false
    }, {
      "id" : "s0-t27",
      "begin" : 148,
      "end" : 150,
      "text" : "em",
      "whiteSpace" : false
    }, {
      "id" : "s0-t28",
      "begin" : 151,
      "end" : 161,
      "text" : "acessórios",
      "whiteSpace" : false
    }, {
      "id" : "s0-t29",
      "begin" : 162,
      "end" : 164,
      "text" : "do",
      "whiteSpace" : false
    }, {
      "id" : "s0-t30",
      "begin" : 165,
      "end" : 169,
      "text" : "ramo",
      "whiteSpace" : false
    }, {
      "id" : "s0-t31",
      "begin" : 169,
      "end" : 170,
      "text" : ",",
      "whiteSpace" : false
    }, {
      "id" : "s0-t32",
      "begin" : 171,
      "end" : 175,
      "text" : "pode",
      "whiteSpace" : false
    }, {
      "id" : "s0-t33",
      "begin" : 176,
      "end" : 179,
      "text" : "ter",
      "whiteSpace" : false
    }, {
      "id" : "s0-t34",
      "begin" : 180,
      "end" : 191,
      "text" : "acionamento",
      "whiteSpace" : false
    }, {
      "id" : "s0-t35",
      "begin" : 192,
      "end" : 200,
      "text" : "elétrico",
      "whiteSpace" : false
    }, {
      "id" : "s0-t36",
      "begin" : 200,
      "end" : 201,
      "text" : ".",
      "whiteSpace" : false
    } ]
  }, {
    "id" : "s1",
    "begin" : 202,
    "end" : 321,
    "text" : "Os bancos podem ser reclináveis e em veludo, pode ter também ar-condicionado de teto e faróis de neblina, entre outros.",
    "tokens" : [ {
      "id" : "s1-t0",
      "begin" : 202,
      "end" : 204,
      "text" : "Os",
      "whiteSpace" : false
    }, {
      "id" : "s1-t1",
      "begin" : 205,
      "end" : 211,
      "text" : "bancos",
      "whiteSpace" : false
    }, {
      "id" : "s1-t2",
      "begin" : 212,
      "end" : 217,
      "text" : "podem",
      "whiteSpace" : false
    }, {
      "id" : "s1-t3",
      "begin" : 218,
      "end" : 221,
      "text" : "ser",
      "whiteSpace" : false
    }, {
      "id" : "s1-t4",
      "begin" : 222,
      "end" : 233,
      "text" : "reclináveis",
      "whiteSpace" : false
    }, {
      "id" : "s1-t5",
      "begin" : 234,
      "end" : 235,
      "text" : "e",
      "whiteSpace" : false
    }, {
      "id" : "s1-t6",
      "begin" : 236,
      "end" : 238,
      "text" : "em",
      "whiteSpace" : false
    }, {
      "id" : "s1-t7",
      "begin" : 239,
      "end" : 245,
      "text" : "veludo",
      "whiteSpace" : false
    }, {
      "id" : "s1-t8",
      "begin" : 245,
      "end" : 246,
      "text" : ",",
      "whiteSpace" : false
    }, {
      "id" : "s1-t9",
      "begin" : 247,
      "end" : 251,
      "text" : "pode",
      "whiteSpace" : false
    }, {
      "id" : "s1-t10",
      "begin" : 252,
      "end" : 255,
      "text" : "ter",
      "whiteSpace" : false
    }, {
      "id" : "s1-t11",
      "begin" : 256,
      "end" : 262,
      "text" : "também",
      "whiteSpace" : false
    }, {
      "id" : "s1-t12",
      "begin" : 263,
      "end" : 278,
      "text" : "ar-condicionado",
      "whiteSpace" : false
    }, {
      "id" : "s1-t13",
      "begin" : 279,
      "end" : 281,
      "text" : "de",
      "whiteSpace" : false
    }, {
      "id" : "s1-t14",
      "begin" : 282,
      "end" : 286,
      "text" : "teto",
      "whiteSpace" : false
    }, {
      "id" : "s1-t15",
      "begin" : 287,
      "end" : 288,
      "text" : "e",
      "whiteSpace" : false
    }, {
      "id" : "s1-t16",
      "begin" : 289,
      "end" : 295,
      "text" : "faróis",
      "whiteSpace" : false
    }, {
      "id" : "s1-t17",
      "begin" : 296,
      "end" : 298,
      "text" : "de",
      "whiteSpace" : false
    }, {
      "id" : "s1-t18",
      "begin" : 299,
      "end" : 306,
      "text" : "neblina",
      "whiteSpace" : false
    }, {
      "id" : "s1-t19",
      "begin" : 306,
      "end" : 307,
      "text" : ",",
      "whiteSpace" : false
    }, {
      "id" : "s1-t20",
      "begin" : 308,
      "end" : 313,
      "text" : "entre",
      "whiteSpace" : false
    }, {
      "id" : "s1-t21",
      "begin" : 314,
      "end" : 320,
      "text" : "outros",
      "whiteSpace" : false
    }, {
      "id" : "s1-t22",
      "begin" : 320,
      "end" : 321,
      "text" : ".",
      "whiteSpace" : false
    } ]
  } ],
  "mentions" : [ {
    "id" : "s0-m5",
    "properties" : {
      "SIRE_MENTION_ROLE" : "SEGURANCA",
      "SIRE_ENTITY_SUBTYPE" : "NONE",
      "SIRE_MENTION_TYPE" : "NONE",
      "SIRE_MENTION_CLASS" : "SPC"
    },
    "type" : "SEGURANCA",
    "begin" : 4,
    "end" : 10,
    "inCoref" : false
  }, {
    "id" : "s0-m4",
    "properties" : {
      "SIRE_MENTION_ROLE" : "MODELO",
      "SIRE_ENTITY_SUBTYPE" : "NONE",
      "SIRE_MENTION_TYPE" : "NONE",
      "SIRE_MENTION_CLASS" : "SPC"
    },
    "type" : "MODELO",
    "begin" : 42,
    "end" : 48,
    "inCoref" : false
  }, {
    "id" : "s0-m3",
    "properties" : {
      "SIRE_MENTION_ROLE" : "ACESSORIOS",
      "SIRE_ENTITY_SUBTYPE" : "NONE",
      "SIRE_MENTION_TYPE" : "NONE",
      "SIRE_MENTION_CLASS" : "SPC"
    },
    "type" : "ACESSORIOS",
    "begin" : 151,
    "end" : 161,
    "inCoref" : false
  }, {
    "id" : "s0-m6",
    "properties" : {
      "SIRE_MENTION_ROLE" : "CONFORTO",
      "SIRE_ENTITY_SUBTYPE" : "NONE",
      "SIRE_MENTION_TYPE" : "NONE",
      "SIRE_MENTION_CLASS" : "SPC"
    },
    "type" : "CONFORTO",
    "begin" : 180,
    "end" : 200,
    "inCoref" : false
  }, {
    "id" : "s1-m1",
    "properties" : {
      "SIRE_MENTION_ROLE" : "CONFORTO",
      "SIRE_ENTITY_SUBTYPE" : "NONE",
      "SIRE_MENTION_TYPE" : "NONE",
      "SIRE_MENTION_CLASS" : "SPC"
    },
    "type" : "CONFORTO",
    "begin" : 205,
    "end" : 211,
    "inCoref" : false
  }, {
    "id" : "s1-m2",
    "properties" : {
      "SIRE_MENTION_ROLE" : "ACESSORIOS",
      "SIRE_ENTITY_SUBTYPE" : "NONE",
      "SIRE_MENTION_TYPE" : "NONE",
      "SIRE_MENTION_CLASS" : "SPC"
    },
    "type" : "ACESSORIOS",
    "begin" : 263,
    "end" : 278,
    "inCoref" : false
  }, {
    "id" : "s1-m3",
    "properties" : {
      "SIRE_MENTION_ROLE" : "SEGURANCA",
      "SIRE_ENTITY_SUBTYPE" : "NONE",
      "SIRE_MENTION_TYPE" : "NONE",
      "SIRE_MENTION_CLASS" : "SPC"
    },
    "type" : "SEGURANCA",
    "begin" : 289,
    "end" : 295,
    "inCoref" : false
  } ],
  "relations" : [ ],
  "corefs" : [ ],
  "typeResolved" : true,
  "userResolved" : false
}