{
  "id" : "a2e93d50-f6cb-11ea-9b27-75c700284c8b-32",
  "name" : "train_26.txt",
  "createdDate" : 0,
  "version" : 3,
  "text" : "O carro possuí bom acabamento, boa qualidade de som e boa conectividade. Preço do seguro, em relação a outros compactos Premium, é bom. Boa dirigibilidade. Quase não há rúidos, devido ao bom isolamento acústico, o que torna a vida a bordo muito agradável. Estou muito satisfeito. Antes da compra, testei outro modelos de outras marcas e me decidi pelo Argo.\r\n",
  "docLength" : 0,
  "language" : "PT",
  "status" : "SUBMITTED",
  "modifiedDate" : 1600307129908,
  "documentSet" : [ ],
  "preannotation" : [ ],
  "sentences" : [ {
    "id" : "s0",
    "begin" : 0,
    "end" : 72,
    "text" : "O carro possuí bom acabamento, boa qualidade de som e boa conectividade.",
    "tokens" : [ {
      "id" : "s0-t0",
      "begin" : 0,
      "end" : 1,
      "text" : "O",
      "whiteSpace" : false
    }, {
      "id" : "s0-t1",
      "begin" : 2,
      "end" : 7,
      "text" : "carro",
      "whiteSpace" : false
    }, {
      "id" : "s0-t2",
      "begin" : 8,
      "end" : 14,
      "text" : "possuí",
      "whiteSpace" : false
    }, {
      "id" : "s0-t3",
      "begin" : 15,
      "end" : 18,
      "text" : "bom",
      "whiteSpace" : false
    }, {
      "id" : "s0-t4",
      "begin" : 19,
      "end" : 29,
      "text" : "acabamento",
      "whiteSpace" : false
    }, {
      "id" : "s0-t5",
      "begin" : 29,
      "end" : 30,
      "text" : ",",
      "whiteSpace" : false
    }, {
      "id" : "s0-t6",
      "begin" : 31,
      "end" : 34,
      "text" : "boa",
      "whiteSpace" : false
    }, {
      "id" : "s0-t7",
      "begin" : 35,
      "end" : 44,
      "text" : "qualidade",
      "whiteSpace" : false
    }, {
      "id" : "s0-t8",
      "begin" : 45,
      "end" : 47,
      "text" : "de",
      "whiteSpace" : false
    }, {
      "id" : "s0-t9",
      "begin" : 48,
      "end" : 51,
      "text" : "som",
      "whiteSpace" : false
    }, {
      "id" : "s0-t10",
      "begin" : 52,
      "end" : 53,
      "text" : "e",
      "whiteSpace" : false
    }, {
      "id" : "s0-t11",
      "begin" : 54,
      "end" : 57,
      "text" : "boa",
      "whiteSpace" : false
    }, {
      "id" : "s0-t12",
      "begin" : 58,
      "end" : 71,
      "text" : "conectividade",
      "whiteSpace" : false
    }, {
      "id" : "s0-t13",
      "begin" : 71,
      "end" : 72,
      "text" : ".",
      "whiteSpace" : false
    } ]
  }, {
    "id" : "s1",
    "begin" : 73,
    "end" : 135,
    "text" : "Preço do seguro, em relação a outros compactos Premium, é bom.",
    "tokens" : [ {
      "id" : "s1-t0",
      "begin" : 73,
      "end" : 78,
      "text" : "Preço",
      "whiteSpace" : false
    }, {
      "id" : "s1-t1",
      "begin" : 79,
      "end" : 81,
      "text" : "do",
      "whiteSpace" : false
    }, {
      "id" : "s1-t2",
      "begin" : 82,
      "end" : 88,
      "text" : "seguro",
      "whiteSpace" : false
    }, {
      "id" : "s1-t3",
      "begin" : 88,
      "end" : 89,
      "text" : ",",
      "whiteSpace" : false
    }, {
      "id" : "s1-t4",
      "begin" : 90,
      "end" : 92,
      "text" : "em",
      "whiteSpace" : false
    }, {
      "id" : "s1-t5",
      "begin" : 93,
      "end" : 100,
      "text" : "relação",
      "whiteSpace" : false
    }, {
      "id" : "s1-t6",
      "begin" : 101,
      "end" : 102,
      "text" : "a",
      "whiteSpace" : false
    }, {
      "id" : "s1-t7",
      "begin" : 103,
      "end" : 109,
      "text" : "outros",
      "whiteSpace" : false
    }, {
      "id" : "s1-t8",
      "begin" : 110,
      "end" : 119,
      "text" : "compactos",
      "whiteSpace" : false
    }, {
      "id" : "s1-t9",
      "begin" : 120,
      "end" : 127,
      "text" : "Premium",
      "whiteSpace" : false
    }, {
      "id" : "s1-t10",
      "begin" : 127,
      "end" : 128,
      "text" : ",",
      "whiteSpace" : false
    }, {
      "id" : "s1-t11",
      "begin" : 129,
      "end" : 130,
      "text" : "é",
      "whiteSpace" : false
    }, {
      "id" : "s1-t12",
      "begin" : 131,
      "end" : 134,
      "text" : "bom",
      "whiteSpace" : false
    }, {
      "id" : "s1-t13",
      "begin" : 134,
      "end" : 135,
      "text" : ".",
      "whiteSpace" : false
    } ]
  }, {
    "id" : "s2",
    "begin" : 136,
    "end" : 155,
    "text" : "Boa dirigibilidade.",
    "tokens" : [ {
      "id" : "s2-t0",
      "begin" : 136,
      "end" : 139,
      "text" : "Boa",
      "whiteSpace" : false
    }, {
      "id" : "s2-t1",
      "begin" : 140,
      "end" : 154,
      "text" : "dirigibilidade",
      "whiteSpace" : false
    }, {
      "id" : "s2-t2",
      "begin" : 154,
      "end" : 155,
      "text" : ".",
      "whiteSpace" : false
    } ]
  }, {
    "id" : "s3",
    "begin" : 156,
    "end" : 255,
    "text" : "Quase não há rúidos, devido ao bom isolamento acústico, o que torna a vida a bordo muito agradável.",
    "tokens" : [ {
      "id" : "s3-t0",
      "begin" : 156,
      "end" : 161,
      "text" : "Quase",
      "whiteSpace" : false
    }, {
      "id" : "s3-t1",
      "begin" : 162,
      "end" : 165,
      "text" : "não",
      "whiteSpace" : false
    }, {
      "id" : "s3-t2",
      "begin" : 166,
      "end" : 168,
      "text" : "há",
      "whiteSpace" : false
    }, {
      "id" : "s3-t3",
      "begin" : 169,
      "end" : 175,
      "text" : "rúidos",
      "whiteSpace" : false
    }, {
      "id" : "s3-t4",
      "begin" : 175,
      "end" : 176,
      "text" : ",",
      "whiteSpace" : false
    }, {
      "id" : "s3-t5",
      "begin" : 177,
      "end" : 183,
      "text" : "devido",
      "whiteSpace" : false
    }, {
      "id" : "s3-t6",
      "begin" : 184,
      "end" : 186,
      "text" : "ao",
      "whiteSpace" : false
    }, {
      "id" : "s3-t7",
      "begin" : 187,
      "end" : 190,
      "text" : "bom",
      "whiteSpace" : false
    }, {
      "id" : "s3-t8",
      "begin" : 191,
      "end" : 201,
      "text" : "isolamento",
      "whiteSpace" : false
    }, {
      "id" : "s3-t9",
      "begin" : 202,
      "end" : 210,
      "text" : "acústico",
      "whiteSpace" : false
    }, {
      "id" : "s3-t10",
      "begin" : 210,
      "end" : 211,
      "text" : ",",
      "whiteSpace" : false
    }, {
      "id" : "s3-t11",
      "begin" : 212,
      "end" : 213,
      "text" : "o",
      "whiteSpace" : false
    }, {
      "id" : "s3-t12",
      "begin" : 214,
      "end" : 217,
      "text" : "que",
      "whiteSpace" : false
    }, {
      "id" : "s3-t13",
      "begin" : 218,
      "end" : 223,
      "text" : "torna",
      "whiteSpace" : false
    }, {
      "id" : "s3-t14",
      "begin" : 224,
      "end" : 225,
      "text" : "a",
      "whiteSpace" : false
    }, {
      "id" : "s3-t15",
      "begin" : 226,
      "end" : 230,
      "text" : "vida",
      "whiteSpace" : false
    }, {
      "id" : "s3-t16",
      "begin" : 231,
      "end" : 232,
      "text" : "a",
      "whiteSpace" : false
    }, {
      "id" : "s3-t17",
      "begin" : 233,
      "end" : 238,
      "text" : "bordo",
      "whiteSpace" : false
    }, {
      "id" : "s3-t18",
      "begin" : 239,
      "end" : 244,
      "text" : "muito",
      "whiteSpace" : false
    }, {
      "id" : "s3-t19",
      "begin" : 245,
      "end" : 254,
      "text" : "agradável",
      "whiteSpace" : false
    }, {
      "id" : "s3-t20",
      "begin" : 254,
      "end" : 255,
      "text" : ".",
      "whiteSpace" : false
    } ]
  }, {
    "id" : "s4",
    "begin" : 256,
    "end" : 279,
    "text" : "Estou muito satisfeito.",
    "tokens" : [ {
      "id" : "s4-t0",
      "begin" : 256,
      "end" : 261,
      "text" : "Estou",
      "whiteSpace" : false
    }, {
      "id" : "s4-t1",
      "begin" : 262,
      "end" : 267,
      "text" : "muito",
      "whiteSpace" : false
    }, {
      "id" : "s4-t2",
      "begin" : 268,
      "end" : 278,
      "text" : "satisfeito",
      "whiteSpace" : false
    }, {
      "id" : "s4-t3",
      "begin" : 278,
      "end" : 279,
      "text" : ".",
      "whiteSpace" : false
    } ]
  }, {
    "id" : "s5",
    "begin" : 280,
    "end" : 357,
    "text" : "Antes da compra, testei outro modelos de outras marcas e me decidi pelo Argo.",
    "tokens" : [ {
      "id" : "s5-t0",
      "begin" : 280,
      "end" : 285,
      "text" : "Antes",
      "whiteSpace" : false
    }, {
      "id" : "s5-t1",
      "begin" : 286,
      "end" : 288,
      "text" : "da",
      "whiteSpace" : false
    }, {
      "id" : "s5-t2",
      "begin" : 289,
      "end" : 295,
      "text" : "compra",
      "whiteSpace" : false
    }, {
      "id" : "s5-t3",
      "begin" : 295,
      "end" : 296,
      "text" : ",",
      "whiteSpace" : false
    }, {
      "id" : "s5-t4",
      "begin" : 297,
      "end" : 303,
      "text" : "testei",
      "whiteSpace" : false
    }, {
      "id" : "s5-t5",
      "begin" : 304,
      "end" : 309,
      "text" : "outro",
      "whiteSpace" : false
    }, {
      "id" : "s5-t6",
      "begin" : 310,
      "end" : 317,
      "text" : "modelos",
      "whiteSpace" : false
    }, {
      "id" : "s5-t7",
      "begin" : 318,
      "end" : 320,
      "text" : "de",
      "whiteSpace" : false
    }, {
      "id" : "s5-t8",
      "begin" : 321,
      "end" : 327,
      "text" : "outras",
      "whiteSpace" : false
    }, {
      "id" : "s5-t9",
      "begin" : 328,
      "end" : 334,
      "text" : "marcas",
      "whiteSpace" : false
    }, {
      "id" : "s5-t10",
      "begin" : 335,
      "end" : 336,
      "text" : "e",
      "whiteSpace" : false
    }, {
      "id" : "s5-t11",
      "begin" : 337,
      "end" : 339,
      "text" : "me",
      "whiteSpace" : false
    }, {
      "id" : "s5-t12",
      "begin" : 340,
      "end" : 346,
      "text" : "decidi",
      "whiteSpace" : false
    }, {
      "id" : "s5-t13",
      "begin" : 347,
      "end" : 351,
      "text" : "pelo",
      "whiteSpace" : false
    }, {
      "id" : "s5-t14",
      "begin" : 352,
      "end" : 356,
      "text" : "Argo",
      "whiteSpace" : false
    }, {
      "id" : "s5-t15",
      "begin" : 356,
      "end" : 357,
      "text" : ".",
      "whiteSpace" : false
    } ]
  } ],
  "mentions" : [ {
    "id" : "s0-m1",
    "properties" : {
      "SIRE_MENTION_ROLE" : "DESIGN",
      "SIRE_ENTITY_SUBTYPE" : "NONE",
      "SIRE_MENTION_TYPE" : "NONE",
      "SIRE_MENTION_CLASS" : "SPC"
    },
    "type" : "DESIGN",
    "begin" : 19,
    "end" : 29,
    "inCoref" : false
  }, {
    "id" : "s0-m2",
    "properties" : {
      "SIRE_MENTION_ROLE" : "ACESSORIOS",
      "SIRE_ENTITY_SUBTYPE" : "NONE",
      "SIRE_MENTION_TYPE" : "NONE",
      "SIRE_MENTION_CLASS" : "SPC"
    },
    "type" : "ACESSORIOS",
    "begin" : 48,
    "end" : 51,
    "inCoref" : false
  }, {
    "id" : "s0-m3",
    "properties" : {
      "SIRE_MENTION_ROLE" : "ACESSORIOS",
      "SIRE_ENTITY_SUBTYPE" : "NONE",
      "SIRE_MENTION_TYPE" : "NONE",
      "SIRE_MENTION_CLASS" : "SPC"
    },
    "type" : "ACESSORIOS",
    "begin" : 58,
    "end" : 71,
    "inCoref" : false
  }, {
    "id" : "s3-m1",
    "properties" : {
      "SIRE_MENTION_ROLE" : "CONFORTO",
      "SIRE_ENTITY_SUBTYPE" : "NONE",
      "SIRE_MENTION_TYPE" : "NONE",
      "SIRE_MENTION_CLASS" : "SPC"
    },
    "type" : "CONFORTO",
    "begin" : 191,
    "end" : 210,
    "inCoref" : false
  }, {
    "id" : "s5-m2",
    "properties" : {
      "SIRE_MENTION_ROLE" : "MODELO",
      "SIRE_ENTITY_SUBTYPE" : "NONE",
      "SIRE_MENTION_TYPE" : "NONE",
      "SIRE_MENTION_CLASS" : "SPC"
    },
    "type" : "MODELO",
    "begin" : 352,
    "end" : 356,
    "inCoref" : false
  } ],
  "relations" : [ ],
  "corefs" : [ ],
  "typeResolved" : true,
  "userResolved" : false
}