{
  "id" : "a2e93d50-f6cb-11ea-9b27-75c700284c8b-54",
  "name" : "train_48.txt",
  "createdDate" : 0,
  "version" : 3,
  "text" : "O Fiat 500 cumpre perfeitamente a demanda urbana. O design e a personalidade do carro chama muita atenção onde para, além de possuir diversos itens de segurança como airbags, controle de tração e frenagem, estabilidade, etc. O carro é tão estável que se recusa a cantar pneu.\r\n",
  "docLength" : 0,
  "language" : "PT",
  "status" : "SUBMITTED",
  "modifiedDate" : 1600308101466,
  "documentSet" : [ ],
  "preannotation" : [ ],
  "sentences" : [ {
    "id" : "s0",
    "begin" : 0,
    "end" : 49,
    "text" : "O Fiat 500 cumpre perfeitamente a demanda urbana.",
    "tokens" : [ {
      "id" : "s0-t0",
      "begin" : 0,
      "end" : 1,
      "text" : "O",
      "whiteSpace" : false
    }, {
      "id" : "s0-t1",
      "begin" : 2,
      "end" : 6,
      "text" : "Fiat",
      "whiteSpace" : false
    }, {
      "id" : "s0-t2",
      "begin" : 7,
      "end" : 10,
      "text" : "500",
      "whiteSpace" : false
    }, {
      "id" : "s0-t3",
      "begin" : 11,
      "end" : 17,
      "text" : "cumpre",
      "whiteSpace" : false
    }, {
      "id" : "s0-t4",
      "begin" : 18,
      "end" : 31,
      "text" : "perfeitamente",
      "whiteSpace" : false
    }, {
      "id" : "s0-t5",
      "begin" : 32,
      "end" : 33,
      "text" : "a",
      "whiteSpace" : false
    }, {
      "id" : "s0-t6",
      "begin" : 34,
      "end" : 41,
      "text" : "demanda",
      "whiteSpace" : false
    }, {
      "id" : "s0-t7",
      "begin" : 42,
      "end" : 48,
      "text" : "urbana",
      "whiteSpace" : false
    }, {
      "id" : "s0-t8",
      "begin" : 48,
      "end" : 49,
      "text" : ".",
      "whiteSpace" : false
    } ]
  }, {
    "id" : "s1",
    "begin" : 50,
    "end" : 275,
    "text" : "O design e a personalidade do carro chama muita atenção onde para, além de possuir diversos itens de segurança como airbags, controle de tração e frenagem, estabilidade, etc. O carro é tão estável que se recusa a cantar pneu.",
    "tokens" : [ {
      "id" : "s1-t0",
      "begin" : 50,
      "end" : 51,
      "text" : "O",
      "whiteSpace" : false
    }, {
      "id" : "s1-t1",
      "begin" : 52,
      "end" : 58,
      "text" : "design",
      "whiteSpace" : false
    }, {
      "id" : "s1-t2",
      "begin" : 59,
      "end" : 60,
      "text" : "e",
      "whiteSpace" : false
    }, {
      "id" : "s1-t3",
      "begin" : 61,
      "end" : 62,
      "text" : "a",
      "whiteSpace" : false
    }, {
      "id" : "s1-t4",
      "begin" : 63,
      "end" : 76,
      "text" : "personalidade",
      "whiteSpace" : false
    }, {
      "id" : "s1-t5",
      "begin" : 77,
      "end" : 79,
      "text" : "do",
      "whiteSpace" : false
    }, {
      "id" : "s1-t6",
      "begin" : 80,
      "end" : 85,
      "text" : "carro",
      "whiteSpace" : false
    }, {
      "id" : "s1-t7",
      "begin" : 86,
      "end" : 91,
      "text" : "chama",
      "whiteSpace" : false
    }, {
      "id" : "s1-t8",
      "begin" : 92,
      "end" : 97,
      "text" : "muita",
      "whiteSpace" : false
    }, {
      "id" : "s1-t9",
      "begin" : 98,
      "end" : 105,
      "text" : "atenção",
      "whiteSpace" : false
    }, {
      "id" : "s1-t10",
      "begin" : 106,
      "end" : 110,
      "text" : "onde",
      "whiteSpace" : false
    }, {
      "id" : "s1-t11",
      "begin" : 111,
      "end" : 115,
      "text" : "para",
      "whiteSpace" : false
    }, {
      "id" : "s1-t12",
      "begin" : 115,
      "end" : 116,
      "text" : ",",
      "whiteSpace" : false
    }, {
      "id" : "s1-t13",
      "begin" : 117,
      "end" : 121,
      "text" : "além",
      "whiteSpace" : false
    }, {
      "id" : "s1-t14",
      "begin" : 122,
      "end" : 124,
      "text" : "de",
      "whiteSpace" : false
    }, {
      "id" : "s1-t15",
      "begin" : 125,
      "end" : 132,
      "text" : "possuir",
      "whiteSpace" : false
    }, {
      "id" : "s1-t16",
      "begin" : 133,
      "end" : 141,
      "text" : "diversos",
      "whiteSpace" : false
    }, {
      "id" : "s1-t17",
      "begin" : 142,
      "end" : 147,
      "text" : "itens",
      "whiteSpace" : false
    }, {
      "id" : "s1-t18",
      "begin" : 148,
      "end" : 150,
      "text" : "de",
      "whiteSpace" : false
    }, {
      "id" : "s1-t19",
      "begin" : 151,
      "end" : 160,
      "text" : "segurança",
      "whiteSpace" : false
    }, {
      "id" : "s1-t20",
      "begin" : 161,
      "end" : 165,
      "text" : "como",
      "whiteSpace" : false
    }, {
      "id" : "s1-t21",
      "begin" : 166,
      "end" : 173,
      "text" : "airbags",
      "whiteSpace" : false
    }, {
      "id" : "s1-t22",
      "begin" : 173,
      "end" : 174,
      "text" : ",",
      "whiteSpace" : false
    }, {
      "id" : "s1-t23",
      "begin" : 175,
      "end" : 183,
      "text" : "controle",
      "whiteSpace" : false
    }, {
      "id" : "s1-t24",
      "begin" : 184,
      "end" : 186,
      "text" : "de",
      "whiteSpace" : false
    }, {
      "id" : "s1-t25",
      "begin" : 187,
      "end" : 193,
      "text" : "tração",
      "whiteSpace" : false
    }, {
      "id" : "s1-t26",
      "begin" : 194,
      "end" : 195,
      "text" : "e",
      "whiteSpace" : false
    }, {
      "id" : "s1-t27",
      "begin" : 196,
      "end" : 204,
      "text" : "frenagem",
      "whiteSpace" : false
    }, {
      "id" : "s1-t28",
      "begin" : 204,
      "end" : 205,
      "text" : ",",
      "whiteSpace" : false
    }, {
      "id" : "s1-t29",
      "begin" : 206,
      "end" : 218,
      "text" : "estabilidade",
      "whiteSpace" : false
    }, {
      "id" : "s1-t30",
      "begin" : 218,
      "end" : 219,
      "text" : ",",
      "whiteSpace" : false
    }, {
      "id" : "s1-t31",
      "begin" : 220,
      "end" : 224,
      "text" : "etc.",
      "whiteSpace" : false
    }, {
      "id" : "s1-t32",
      "begin" : 225,
      "end" : 226,
      "text" : "O",
      "whiteSpace" : false
    }, {
      "id" : "s1-t33",
      "begin" : 227,
      "end" : 232,
      "text" : "carro",
      "whiteSpace" : false
    }, {
      "id" : "s1-t34",
      "begin" : 233,
      "end" : 234,
      "text" : "é",
      "whiteSpace" : false
    }, {
      "id" : "s1-t35",
      "begin" : 235,
      "end" : 238,
      "text" : "tão",
      "whiteSpace" : false
    }, {
      "id" : "s1-t36",
      "begin" : 239,
      "end" : 246,
      "text" : "estável",
      "whiteSpace" : false
    }, {
      "id" : "s1-t37",
      "begin" : 247,
      "end" : 250,
      "text" : "que",
      "whiteSpace" : false
    }, {
      "id" : "s1-t38",
      "begin" : 251,
      "end" : 253,
      "text" : "se",
      "whiteSpace" : false
    }, {
      "id" : "s1-t39",
      "begin" : 254,
      "end" : 260,
      "text" : "recusa",
      "whiteSpace" : false
    }, {
      "id" : "s1-t40",
      "begin" : 261,
      "end" : 262,
      "text" : "a",
      "whiteSpace" : false
    }, {
      "id" : "s1-t41",
      "begin" : 263,
      "end" : 269,
      "text" : "cantar",
      "whiteSpace" : false
    }, {
      "id" : "s1-t42",
      "begin" : 270,
      "end" : 274,
      "text" : "pneu",
      "whiteSpace" : false
    }, {
      "id" : "s1-t43",
      "begin" : 274,
      "end" : 275,
      "text" : ".",
      "whiteSpace" : false
    } ]
  } ],
  "mentions" : [ {
    "id" : "s0-m2",
    "properties" : {
      "SIRE_MENTION_ROLE" : "MODELO",
      "SIRE_ENTITY_SUBTYPE" : "NONE",
      "SIRE_MENTION_TYPE" : "NONE",
      "SIRE_MENTION_CLASS" : "SPC"
    },
    "type" : "MODELO",
    "begin" : 2,
    "end" : 10,
    "inCoref" : false
  }, {
    "id" : "s1-m1",
    "properties" : {
      "SIRE_MENTION_ROLE" : "DESIGN",
      "SIRE_ENTITY_SUBTYPE" : "NONE",
      "SIRE_MENTION_TYPE" : "NONE",
      "SIRE_MENTION_CLASS" : "SPC"
    },
    "type" : "DESIGN",
    "begin" : 52,
    "end" : 58,
    "inCoref" : false
  }, {
    "id" : "s1-m2",
    "properties" : {
      "SIRE_MENTION_ROLE" : "SEGURANCA",
      "SIRE_ENTITY_SUBTYPE" : "NONE",
      "SIRE_MENTION_TYPE" : "NONE",
      "SIRE_MENTION_CLASS" : "SPC"
    },
    "type" : "SEGURANCA",
    "begin" : 151,
    "end" : 160,
    "inCoref" : false
  }, {
    "id" : "s1-m3",
    "properties" : {
      "SIRE_MENTION_ROLE" : "SEGURANCA",
      "SIRE_ENTITY_SUBTYPE" : "NONE",
      "SIRE_MENTION_TYPE" : "NONE",
      "SIRE_MENTION_CLASS" : "SPC"
    },
    "type" : "SEGURANCA",
    "begin" : 166,
    "end" : 173,
    "inCoref" : false
  }, {
    "id" : "s1-m4",
    "properties" : {
      "SIRE_MENTION_ROLE" : "SEGURANCA",
      "SIRE_ENTITY_SUBTYPE" : "NONE",
      "SIRE_MENTION_TYPE" : "NONE",
      "SIRE_MENTION_CLASS" : "SPC"
    },
    "type" : "SEGURANCA",
    "begin" : 175,
    "end" : 193,
    "inCoref" : false
  }, {
    "id" : "s1-m5",
    "properties" : {
      "SIRE_MENTION_ROLE" : "SEGURANCA",
      "SIRE_ENTITY_SUBTYPE" : "NONE",
      "SIRE_MENTION_TYPE" : "NONE",
      "SIRE_MENTION_CLASS" : "SPC"
    },
    "type" : "SEGURANCA",
    "begin" : 196,
    "end" : 204,
    "inCoref" : false
  }, {
    "id" : "s1-m6",
    "properties" : {
      "SIRE_MENTION_ROLE" : "SEGURANCA",
      "SIRE_ENTITY_SUBTYPE" : "NONE",
      "SIRE_MENTION_TYPE" : "NONE",
      "SIRE_MENTION_CLASS" : "SPC"
    },
    "type" : "SEGURANCA",
    "begin" : 206,
    "end" : 218,
    "inCoref" : false
  } ],
  "relations" : [ ],
  "corefs" : [ ],
  "typeResolved" : true,
  "userResolved" : false
}