{
  "id" : "a2e93d50-f6cb-11ea-9b27-75c700284c8b-36",
  "name" : "train_30.txt",
  "createdDate" : 0,
  "version" : 3,
  "text" : "O Linea é um carro muito bonito e confortável, ótimo para viagens longas, motor não deixa a desejar, consumo na cidade na casa dos 6.5 a 7.0 km/L estrada 10 km/L no etanol, tudo depende do pé.\r\n",
  "docLength" : 0,
  "language" : "PT",
  "status" : "SUBMITTED",
  "modifiedDate" : 1600307335871,
  "documentSet" : [ ],
  "preannotation" : [ ],
  "sentences" : [ {
    "id" : "s0",
    "begin" : 0,
    "end" : 192,
    "text" : "O Linea é um carro muito bonito e confortável, ótimo para viagens longas, motor não deixa a desejar, consumo na cidade na casa dos 6.5 a 7.0 km/L estrada 10 km/L no etanol, tudo depende do pé.",
    "tokens" : [ {
      "id" : "s0-t0",
      "begin" : 0,
      "end" : 1,
      "text" : "O",
      "whiteSpace" : false
    }, {
      "id" : "s0-t1",
      "begin" : 2,
      "end" : 7,
      "text" : "Linea",
      "whiteSpace" : false
    }, {
      "id" : "s0-t2",
      "begin" : 8,
      "end" : 9,
      "text" : "é",
      "whiteSpace" : false
    }, {
      "id" : "s0-t3",
      "begin" : 10,
      "end" : 12,
      "text" : "um",
      "whiteSpace" : false
    }, {
      "id" : "s0-t4",
      "begin" : 13,
      "end" : 18,
      "text" : "carro",
      "whiteSpace" : false
    }, {
      "id" : "s0-t5",
      "begin" : 19,
      "end" : 24,
      "text" : "muito",
      "whiteSpace" : false
    }, {
      "id" : "s0-t6",
      "begin" : 25,
      "end" : 31,
      "text" : "bonito",
      "whiteSpace" : false
    }, {
      "id" : "s0-t7",
      "begin" : 32,
      "end" : 33,
      "text" : "e",
      "whiteSpace" : false
    }, {
      "id" : "s0-t8",
      "begin" : 34,
      "end" : 45,
      "text" : "confortável",
      "whiteSpace" : false
    }, {
      "id" : "s0-t9",
      "begin" : 45,
      "end" : 46,
      "text" : ",",
      "whiteSpace" : false
    }, {
      "id" : "s0-t10",
      "begin" : 47,
      "end" : 52,
      "text" : "ótimo",
      "whiteSpace" : false
    }, {
      "id" : "s0-t11",
      "begin" : 53,
      "end" : 57,
      "text" : "para",
      "whiteSpace" : false
    }, {
      "id" : "s0-t12",
      "begin" : 58,
      "end" : 65,
      "text" : "viagens",
      "whiteSpace" : false
    }, {
      "id" : "s0-t13",
      "begin" : 66,
      "end" : 72,
      "text" : "longas",
      "whiteSpace" : false
    }, {
      "id" : "s0-t14",
      "begin" : 72,
      "end" : 73,
      "text" : ",",
      "whiteSpace" : false
    }, {
      "id" : "s0-t15",
      "begin" : 74,
      "end" : 79,
      "text" : "motor",
      "whiteSpace" : false
    }, {
      "id" : "s0-t16",
      "begin" : 80,
      "end" : 83,
      "text" : "não",
      "whiteSpace" : false
    }, {
      "id" : "s0-t17",
      "begin" : 84,
      "end" : 89,
      "text" : "deixa",
      "whiteSpace" : false
    }, {
      "id" : "s0-t18",
      "begin" : 90,
      "end" : 91,
      "text" : "a",
      "whiteSpace" : false
    }, {
      "id" : "s0-t19",
      "begin" : 92,
      "end" : 99,
      "text" : "desejar",
      "whiteSpace" : false
    }, {
      "id" : "s0-t20",
      "begin" : 99,
      "end" : 100,
      "text" : ",",
      "whiteSpace" : false
    }, {
      "id" : "s0-t21",
      "begin" : 101,
      "end" : 108,
      "text" : "consumo",
      "whiteSpace" : false
    }, {
      "id" : "s0-t22",
      "begin" : 109,
      "end" : 111,
      "text" : "na",
      "whiteSpace" : false
    }, {
      "id" : "s0-t23",
      "begin" : 112,
      "end" : 118,
      "text" : "cidade",
      "whiteSpace" : false
    }, {
      "id" : "s0-t24",
      "begin" : 119,
      "end" : 121,
      "text" : "na",
      "whiteSpace" : false
    }, {
      "id" : "s0-t25",
      "begin" : 122,
      "end" : 126,
      "text" : "casa",
      "whiteSpace" : false
    }, {
      "id" : "s0-t26",
      "begin" : 127,
      "end" : 130,
      "text" : "dos",
      "whiteSpace" : false
    }, {
      "id" : "s0-t27",
      "begin" : 131,
      "end" : 134,
      "text" : "6.5",
      "whiteSpace" : false
    }, {
      "id" : "s0-t28",
      "begin" : 135,
      "end" : 136,
      "text" : "a",
      "whiteSpace" : false
    }, {
      "id" : "s0-t29",
      "begin" : 137,
      "end" : 140,
      "text" : "7.0",
      "whiteSpace" : false
    }, {
      "id" : "s0-t30",
      "begin" : 141,
      "end" : 145,
      "text" : "km/L",
      "whiteSpace" : false
    }, {
      "id" : "s0-t31",
      "begin" : 146,
      "end" : 153,
      "text" : "estrada",
      "whiteSpace" : false
    }, {
      "id" : "s0-t32",
      "begin" : 154,
      "end" : 156,
      "text" : "10",
      "whiteSpace" : false
    }, {
      "id" : "s0-t33",
      "begin" : 157,
      "end" : 161,
      "text" : "km/L",
      "whiteSpace" : false
    }, {
      "id" : "s0-t34",
      "begin" : 162,
      "end" : 164,
      "text" : "no",
      "whiteSpace" : false
    }, {
      "id" : "s0-t35",
      "begin" : 165,
      "end" : 171,
      "text" : "etanol",
      "whiteSpace" : false
    }, {
      "id" : "s0-t36",
      "begin" : 171,
      "end" : 172,
      "text" : ",",
      "whiteSpace" : false
    }, {
      "id" : "s0-t37",
      "begin" : 173,
      "end" : 177,
      "text" : "tudo",
      "whiteSpace" : false
    }, {
      "id" : "s0-t38",
      "begin" : 178,
      "end" : 185,
      "text" : "depende",
      "whiteSpace" : false
    }, {
      "id" : "s0-t39",
      "begin" : 186,
      "end" : 188,
      "text" : "do",
      "whiteSpace" : false
    }, {
      "id" : "s0-t40",
      "begin" : 189,
      "end" : 191,
      "text" : "pé",
      "whiteSpace" : false
    }, {
      "id" : "s0-t41",
      "begin" : 191,
      "end" : 192,
      "text" : ".",
      "whiteSpace" : false
    } ]
  } ],
  "mentions" : [ {
    "id" : "s0-m1",
    "properties" : {
      "SIRE_MENTION_ROLE" : "MODELO",
      "SIRE_ENTITY_SUBTYPE" : "NONE",
      "SIRE_MENTION_TYPE" : "NONE",
      "SIRE_MENTION_CLASS" : "SPC"
    },
    "type" : "MODELO",
    "begin" : 2,
    "end" : 7,
    "inCoref" : false
  }, {
    "id" : "s0-m8",
    "properties" : {
      "SIRE_MENTION_ROLE" : "DESIGN",
      "SIRE_ENTITY_SUBTYPE" : "NONE",
      "SIRE_MENTION_TYPE" : "NONE",
      "SIRE_MENTION_CLASS" : "SPC"
    },
    "type" : "DESIGN",
    "begin" : 25,
    "end" : 31,
    "inCoref" : false
  }, {
    "id" : "s0-m2",
    "properties" : {
      "SIRE_MENTION_ROLE" : "CONFORTO",
      "SIRE_ENTITY_SUBTYPE" : "NONE",
      "SIRE_MENTION_TYPE" : "NONE",
      "SIRE_MENTION_CLASS" : "SPC"
    },
    "type" : "CONFORTO",
    "begin" : 34,
    "end" : 45,
    "inCoref" : false
  }, {
    "id" : "s0-m4",
    "properties" : {
      "SIRE_MENTION_ROLE" : "DESEMPENHO",
      "SIRE_ENTITY_SUBTYPE" : "NONE",
      "SIRE_MENTION_TYPE" : "NONE",
      "SIRE_MENTION_CLASS" : "SPC"
    },
    "type" : "DESEMPENHO",
    "begin" : 74,
    "end" : 79,
    "inCoref" : false
  }, {
    "id" : "s0-m5",
    "properties" : {
      "SIRE_MENTION_ROLE" : "CONSUMO",
      "SIRE_ENTITY_SUBTYPE" : "NONE",
      "SIRE_MENTION_TYPE" : "NONE",
      "SIRE_MENTION_CLASS" : "SPC"
    },
    "type" : "CONSUMO",
    "begin" : 101,
    "end" : 108,
    "inCoref" : false
  }, {
    "id" : "s0-m6",
    "properties" : {
      "SIRE_MENTION_ROLE" : "CONSUMO",
      "SIRE_ENTITY_SUBTYPE" : "NONE",
      "SIRE_MENTION_TYPE" : "NONE",
      "SIRE_MENTION_CLASS" : "SPC"
    },
    "type" : "CONSUMO",
    "begin" : 137,
    "end" : 145,
    "inCoref" : false
  }, {
    "id" : "s0-m7",
    "properties" : {
      "SIRE_MENTION_ROLE" : "CONSUMO",
      "SIRE_ENTITY_SUBTYPE" : "NONE",
      "SIRE_MENTION_TYPE" : "NONE",
      "SIRE_MENTION_CLASS" : "SPC"
    },
    "type" : "CONSUMO",
    "begin" : 154,
    "end" : 161,
    "inCoref" : false
  } ],
  "relations" : [ ],
  "corefs" : [ ],
  "typeResolved" : true,
  "userResolved" : false
}