{
  "id" : "a2e93d50-f6cb-11ea-9b27-75c700284c8b-28",
  "name" : "train_22.txt",
  "createdDate" : 0,
  "version" : 3,
  "text" : "O motor do Argo é muito barulhento, principalmente em baixas rotações. Falta luz de cortesia para o banco de trás. Os bancos dianteiros são curtos e sua espuma é muito macia, fazendo com que as pernas queiram sair dos lados.\r\n",
  "docLength" : 0,
  "language" : "PT",
  "status" : "SUBMITTED",
  "modifiedDate" : 1600306842701,
  "documentSet" : [ ],
  "preannotation" : [ ],
  "sentences" : [ {
    "id" : "s0",
    "begin" : 0,
    "end" : 70,
    "text" : "O motor do Argo é muito barulhento, principalmente em baixas rotações.",
    "tokens" : [ {
      "id" : "s0-t0",
      "begin" : 0,
      "end" : 1,
      "text" : "O",
      "whiteSpace" : false
    }, {
      "id" : "s0-t1",
      "begin" : 2,
      "end" : 7,
      "text" : "motor",
      "whiteSpace" : false
    }, {
      "id" : "s0-t2",
      "begin" : 8,
      "end" : 10,
      "text" : "do",
      "whiteSpace" : false
    }, {
      "id" : "s0-t3",
      "begin" : 11,
      "end" : 15,
      "text" : "Argo",
      "whiteSpace" : false
    }, {
      "id" : "s0-t4",
      "begin" : 16,
      "end" : 17,
      "text" : "é",
      "whiteSpace" : false
    }, {
      "id" : "s0-t5",
      "begin" : 18,
      "end" : 23,
      "text" : "muito",
      "whiteSpace" : false
    }, {
      "id" : "s0-t6",
      "begin" : 24,
      "end" : 34,
      "text" : "barulhento",
      "whiteSpace" : false
    }, {
      "id" : "s0-t7",
      "begin" : 34,
      "end" : 35,
      "text" : ",",
      "whiteSpace" : false
    }, {
      "id" : "s0-t8",
      "begin" : 36,
      "end" : 50,
      "text" : "principalmente",
      "whiteSpace" : false
    }, {
      "id" : "s0-t9",
      "begin" : 51,
      "end" : 53,
      "text" : "em",
      "whiteSpace" : false
    }, {
      "id" : "s0-t10",
      "begin" : 54,
      "end" : 60,
      "text" : "baixas",
      "whiteSpace" : false
    }, {
      "id" : "s0-t11",
      "begin" : 61,
      "end" : 69,
      "text" : "rotações",
      "whiteSpace" : false
    }, {
      "id" : "s0-t12",
      "begin" : 69,
      "end" : 70,
      "text" : ".",
      "whiteSpace" : false
    } ]
  }, {
    "id" : "s1",
    "begin" : 71,
    "end" : 114,
    "text" : "Falta luz de cortesia para o banco de trás.",
    "tokens" : [ {
      "id" : "s1-t0",
      "begin" : 71,
      "end" : 76,
      "text" : "Falta",
      "whiteSpace" : false
    }, {
      "id" : "s1-t1",
      "begin" : 77,
      "end" : 80,
      "text" : "luz",
      "whiteSpace" : false
    }, {
      "id" : "s1-t2",
      "begin" : 81,
      "end" : 83,
      "text" : "de",
      "whiteSpace" : false
    }, {
      "id" : "s1-t3",
      "begin" : 84,
      "end" : 92,
      "text" : "cortesia",
      "whiteSpace" : false
    }, {
      "id" : "s1-t4",
      "begin" : 93,
      "end" : 97,
      "text" : "para",
      "whiteSpace" : false
    }, {
      "id" : "s1-t5",
      "begin" : 98,
      "end" : 99,
      "text" : "o",
      "whiteSpace" : false
    }, {
      "id" : "s1-t6",
      "begin" : 100,
      "end" : 105,
      "text" : "banco",
      "whiteSpace" : false
    }, {
      "id" : "s1-t7",
      "begin" : 106,
      "end" : 108,
      "text" : "de",
      "whiteSpace" : false
    }, {
      "id" : "s1-t8",
      "begin" : 109,
      "end" : 113,
      "text" : "trás",
      "whiteSpace" : false
    }, {
      "id" : "s1-t9",
      "begin" : 113,
      "end" : 114,
      "text" : ".",
      "whiteSpace" : false
    } ]
  }, {
    "id" : "s2",
    "begin" : 115,
    "end" : 224,
    "text" : "Os bancos dianteiros são curtos e sua espuma é muito macia, fazendo com que as pernas queiram sair dos lados.",
    "tokens" : [ {
      "id" : "s2-t0",
      "begin" : 115,
      "end" : 117,
      "text" : "Os",
      "whiteSpace" : false
    }, {
      "id" : "s2-t1",
      "begin" : 118,
      "end" : 124,
      "text" : "bancos",
      "whiteSpace" : false
    }, {
      "id" : "s2-t2",
      "begin" : 125,
      "end" : 135,
      "text" : "dianteiros",
      "whiteSpace" : false
    }, {
      "id" : "s2-t3",
      "begin" : 136,
      "end" : 139,
      "text" : "são",
      "whiteSpace" : false
    }, {
      "id" : "s2-t4",
      "begin" : 140,
      "end" : 146,
      "text" : "curtos",
      "whiteSpace" : false
    }, {
      "id" : "s2-t5",
      "begin" : 147,
      "end" : 148,
      "text" : "e",
      "whiteSpace" : false
    }, {
      "id" : "s2-t6",
      "begin" : 149,
      "end" : 152,
      "text" : "sua",
      "whiteSpace" : false
    }, {
      "id" : "s2-t7",
      "begin" : 153,
      "end" : 159,
      "text" : "espuma",
      "whiteSpace" : false
    }, {
      "id" : "s2-t8",
      "begin" : 160,
      "end" : 161,
      "text" : "é",
      "whiteSpace" : false
    }, {
      "id" : "s2-t9",
      "begin" : 162,
      "end" : 167,
      "text" : "muito",
      "whiteSpace" : false
    }, {
      "id" : "s2-t10",
      "begin" : 168,
      "end" : 173,
      "text" : "macia",
      "whiteSpace" : false
    }, {
      "id" : "s2-t11",
      "begin" : 173,
      "end" : 174,
      "text" : ",",
      "whiteSpace" : false
    }, {
      "id" : "s2-t12",
      "begin" : 175,
      "end" : 182,
      "text" : "fazendo",
      "whiteSpace" : false
    }, {
      "id" : "s2-t13",
      "begin" : 183,
      "end" : 186,
      "text" : "com",
      "whiteSpace" : false
    }, {
      "id" : "s2-t14",
      "begin" : 187,
      "end" : 190,
      "text" : "que",
      "whiteSpace" : false
    }, {
      "id" : "s2-t15",
      "begin" : 191,
      "end" : 193,
      "text" : "as",
      "whiteSpace" : false
    }, {
      "id" : "s2-t16",
      "begin" : 194,
      "end" : 200,
      "text" : "pernas",
      "whiteSpace" : false
    }, {
      "id" : "s2-t17",
      "begin" : 201,
      "end" : 208,
      "text" : "queiram",
      "whiteSpace" : false
    }, {
      "id" : "s2-t18",
      "begin" : 209,
      "end" : 213,
      "text" : "sair",
      "whiteSpace" : false
    }, {
      "id" : "s2-t19",
      "begin" : 214,
      "end" : 217,
      "text" : "dos",
      "whiteSpace" : false
    }, {
      "id" : "s2-t20",
      "begin" : 218,
      "end" : 223,
      "text" : "lados",
      "whiteSpace" : false
    }, {
      "id" : "s2-t21",
      "begin" : 223,
      "end" : 224,
      "text" : ".",
      "whiteSpace" : false
    } ]
  } ],
  "mentions" : [ {
    "id" : "s0-m1",
    "properties" : {
      "SIRE_MENTION_ROLE" : "DESEMPENHO",
      "SIRE_ENTITY_SUBTYPE" : "NONE",
      "SIRE_MENTION_TYPE" : "NONE",
      "SIRE_MENTION_CLASS" : "SPC"
    },
    "type" : "DESEMPENHO",
    "begin" : 2,
    "end" : 7,
    "inCoref" : false
  }, {
    "id" : "s0-m2",
    "properties" : {
      "SIRE_MENTION_ROLE" : "MODELO",
      "SIRE_ENTITY_SUBTYPE" : "NONE",
      "SIRE_MENTION_TYPE" : "NONE",
      "SIRE_MENTION_CLASS" : "SPC"
    },
    "type" : "MODELO",
    "begin" : 11,
    "end" : 15,
    "inCoref" : false
  }, {
    "id" : "s2-m1",
    "properties" : {
      "SIRE_MENTION_ROLE" : "CONFORTO",
      "SIRE_ENTITY_SUBTYPE" : "NONE",
      "SIRE_MENTION_TYPE" : "NONE",
      "SIRE_MENTION_CLASS" : "SPC"
    },
    "type" : "CONFORTO",
    "begin" : 118,
    "end" : 124,
    "inCoref" : false
  } ],
  "relations" : [ ],
  "corefs" : [ ],
  "typeResolved" : true,
  "userResolved" : false
}