{
  "id" : "a2e93d50-f6cb-11ea-9b27-75c700284c8b-24",
  "name" : "train_18.txt",
  "createdDate" : 0,
  "version" : 3,
  "text" : "Design moderno, um carro charmoso e bonito, dono de linhas arrojadas e uma aparência bastante esportiva. O meu argo faz uma média entre 15.5 e 18km/L numa velocidade de 110km/h [cruzeiro] sem muitos aclives. O motor 3 Cilindros grita muito, mas creio que seja uma característica desse tipo de motor ou também o isolamento acústico do motor para o cockpit do carro.\r\n",
  "docLength" : 0,
  "language" : "PT",
  "status" : "SUBMITTED",
  "modifiedDate" : 1600306472294,
  "documentSet" : [ ],
  "preannotation" : [ ],
  "sentences" : [ {
    "id" : "s0",
    "begin" : 0,
    "end" : 104,
    "text" : "Design moderno, um carro charmoso e bonito, dono de linhas arrojadas e uma aparência bastante esportiva.",
    "tokens" : [ {
      "id" : "s0-t0",
      "begin" : 0,
      "end" : 6,
      "text" : "Design",
      "whiteSpace" : false
    }, {
      "id" : "s0-t1",
      "begin" : 7,
      "end" : 14,
      "text" : "moderno",
      "whiteSpace" : false
    }, {
      "id" : "s0-t2",
      "begin" : 14,
      "end" : 15,
      "text" : ",",
      "whiteSpace" : false
    }, {
      "id" : "s0-t3",
      "begin" : 16,
      "end" : 18,
      "text" : "um",
      "whiteSpace" : false
    }, {
      "id" : "s0-t4",
      "begin" : 19,
      "end" : 24,
      "text" : "carro",
      "whiteSpace" : false
    }, {
      "id" : "s0-t5",
      "begin" : 25,
      "end" : 33,
      "text" : "charmoso",
      "whiteSpace" : false
    }, {
      "id" : "s0-t6",
      "begin" : 34,
      "end" : 35,
      "text" : "e",
      "whiteSpace" : false
    }, {
      "id" : "s0-t7",
      "begin" : 36,
      "end" : 42,
      "text" : "bonito",
      "whiteSpace" : false
    }, {
      "id" : "s0-t8",
      "begin" : 42,
      "end" : 43,
      "text" : ",",
      "whiteSpace" : false
    }, {
      "id" : "s0-t9",
      "begin" : 44,
      "end" : 48,
      "text" : "dono",
      "whiteSpace" : false
    }, {
      "id" : "s0-t10",
      "begin" : 49,
      "end" : 51,
      "text" : "de",
      "whiteSpace" : false
    }, {
      "id" : "s0-t11",
      "begin" : 52,
      "end" : 58,
      "text" : "linhas",
      "whiteSpace" : false
    }, {
      "id" : "s0-t12",
      "begin" : 59,
      "end" : 68,
      "text" : "arrojadas",
      "whiteSpace" : false
    }, {
      "id" : "s0-t13",
      "begin" : 69,
      "end" : 70,
      "text" : "e",
      "whiteSpace" : false
    }, {
      "id" : "s0-t14",
      "begin" : 71,
      "end" : 74,
      "text" : "uma",
      "whiteSpace" : false
    }, {
      "id" : "s0-t15",
      "begin" : 75,
      "end" : 84,
      "text" : "aparência",
      "whiteSpace" : false
    }, {
      "id" : "s0-t16",
      "begin" : 85,
      "end" : 93,
      "text" : "bastante",
      "whiteSpace" : false
    }, {
      "id" : "s0-t17",
      "begin" : 94,
      "end" : 103,
      "text" : "esportiva",
      "whiteSpace" : false
    }, {
      "id" : "s0-t18",
      "begin" : 103,
      "end" : 104,
      "text" : ".",
      "whiteSpace" : false
    } ]
  }, {
    "id" : "s1",
    "begin" : 105,
    "end" : 207,
    "text" : "O meu argo faz uma média entre 15.5 e 18km/L numa velocidade de 110km/h [cruzeiro] sem muitos aclives.",
    "tokens" : [ {
      "id" : "s1-t0",
      "begin" : 105,
      "end" : 106,
      "text" : "O",
      "whiteSpace" : false
    }, {
      "id" : "s1-t1",
      "begin" : 107,
      "end" : 110,
      "text" : "meu",
      "whiteSpace" : false
    }, {
      "id" : "s1-t2",
      "begin" : 111,
      "end" : 115,
      "text" : "argo",
      "whiteSpace" : false
    }, {
      "id" : "s1-t3",
      "begin" : 116,
      "end" : 119,
      "text" : "faz",
      "whiteSpace" : false
    }, {
      "id" : "s1-t4",
      "begin" : 120,
      "end" : 123,
      "text" : "uma",
      "whiteSpace" : false
    }, {
      "id" : "s1-t5",
      "begin" : 124,
      "end" : 129,
      "text" : "média",
      "whiteSpace" : false
    }, {
      "id" : "s1-t6",
      "begin" : 130,
      "end" : 135,
      "text" : "entre",
      "whiteSpace" : false
    }, {
      "id" : "s1-t7",
      "begin" : 136,
      "end" : 140,
      "text" : "15.5",
      "whiteSpace" : false
    }, {
      "id" : "s1-t8",
      "begin" : 141,
      "end" : 142,
      "text" : "e",
      "whiteSpace" : false
    }, {
      "id" : "s1-t9",
      "begin" : 143,
      "end" : 149,
      "text" : "18km/L",
      "whiteSpace" : false
    }, {
      "id" : "s1-t10",
      "begin" : 150,
      "end" : 154,
      "text" : "numa",
      "whiteSpace" : false
    }, {
      "id" : "s1-t11",
      "begin" : 155,
      "end" : 165,
      "text" : "velocidade",
      "whiteSpace" : false
    }, {
      "id" : "s1-t12",
      "begin" : 166,
      "end" : 168,
      "text" : "de",
      "whiteSpace" : false
    }, {
      "id" : "s1-t13",
      "begin" : 169,
      "end" : 176,
      "text" : "110km/h",
      "whiteSpace" : false
    }, {
      "id" : "s1-t14",
      "begin" : 177,
      "end" : 178,
      "text" : "[",
      "whiteSpace" : false
    }, {
      "id" : "s1-t15",
      "begin" : 178,
      "end" : 186,
      "text" : "cruzeiro",
      "whiteSpace" : false
    }, {
      "id" : "s1-t16",
      "begin" : 186,
      "end" : 187,
      "text" : "]",
      "whiteSpace" : false
    }, {
      "id" : "s1-t17",
      "begin" : 188,
      "end" : 191,
      "text" : "sem",
      "whiteSpace" : false
    }, {
      "id" : "s1-t18",
      "begin" : 192,
      "end" : 198,
      "text" : "muitos",
      "whiteSpace" : false
    }, {
      "id" : "s1-t19",
      "begin" : 199,
      "end" : 206,
      "text" : "aclives",
      "whiteSpace" : false
    }, {
      "id" : "s1-t20",
      "begin" : 206,
      "end" : 207,
      "text" : ".",
      "whiteSpace" : false
    } ]
  }, {
    "id" : "s2",
    "begin" : 208,
    "end" : 364,
    "text" : "O motor 3 Cilindros grita muito, mas creio que seja uma característica desse tipo de motor ou também o isolamento acústico do motor para o cockpit do carro.",
    "tokens" : [ {
      "id" : "s2-t0",
      "begin" : 208,
      "end" : 209,
      "text" : "O",
      "whiteSpace" : false
    }, {
      "id" : "s2-t1",
      "begin" : 210,
      "end" : 215,
      "text" : "motor",
      "whiteSpace" : false
    }, {
      "id" : "s2-t2",
      "begin" : 216,
      "end" : 217,
      "text" : "3",
      "whiteSpace" : false
    }, {
      "id" : "s2-t3",
      "begin" : 218,
      "end" : 227,
      "text" : "Cilindros",
      "whiteSpace" : false
    }, {
      "id" : "s2-t4",
      "begin" : 228,
      "end" : 233,
      "text" : "grita",
      "whiteSpace" : false
    }, {
      "id" : "s2-t5",
      "begin" : 234,
      "end" : 239,
      "text" : "muito",
      "whiteSpace" : false
    }, {
      "id" : "s2-t6",
      "begin" : 239,
      "end" : 240,
      "text" : ",",
      "whiteSpace" : false
    }, {
      "id" : "s2-t7",
      "begin" : 241,
      "end" : 244,
      "text" : "mas",
      "whiteSpace" : false
    }, {
      "id" : "s2-t8",
      "begin" : 245,
      "end" : 250,
      "text" : "creio",
      "whiteSpace" : false
    }, {
      "id" : "s2-t9",
      "begin" : 251,
      "end" : 254,
      "text" : "que",
      "whiteSpace" : false
    }, {
      "id" : "s2-t10",
      "begin" : 255,
      "end" : 259,
      "text" : "seja",
      "whiteSpace" : false
    }, {
      "id" : "s2-t11",
      "begin" : 260,
      "end" : 263,
      "text" : "uma",
      "whiteSpace" : false
    }, {
      "id" : "s2-t12",
      "begin" : 264,
      "end" : 278,
      "text" : "característica",
      "whiteSpace" : false
    }, {
      "id" : "s2-t13",
      "begin" : 279,
      "end" : 284,
      "text" : "desse",
      "whiteSpace" : false
    }, {
      "id" : "s2-t14",
      "begin" : 285,
      "end" : 289,
      "text" : "tipo",
      "whiteSpace" : false
    }, {
      "id" : "s2-t15",
      "begin" : 290,
      "end" : 292,
      "text" : "de",
      "whiteSpace" : false
    }, {
      "id" : "s2-t16",
      "begin" : 293,
      "end" : 298,
      "text" : "motor",
      "whiteSpace" : false
    }, {
      "id" : "s2-t17",
      "begin" : 299,
      "end" : 301,
      "text" : "ou",
      "whiteSpace" : false
    }, {
      "id" : "s2-t18",
      "begin" : 302,
      "end" : 308,
      "text" : "também",
      "whiteSpace" : false
    }, {
      "id" : "s2-t19",
      "begin" : 309,
      "end" : 310,
      "text" : "o",
      "whiteSpace" : false
    }, {
      "id" : "s2-t20",
      "begin" : 311,
      "end" : 321,
      "text" : "isolamento",
      "whiteSpace" : false
    }, {
      "id" : "s2-t21",
      "begin" : 322,
      "end" : 330,
      "text" : "acústico",
      "whiteSpace" : false
    }, {
      "id" : "s2-t22",
      "begin" : 331,
      "end" : 333,
      "text" : "do",
      "whiteSpace" : false
    }, {
      "id" : "s2-t23",
      "begin" : 334,
      "end" : 339,
      "text" : "motor",
      "whiteSpace" : false
    }, {
      "id" : "s2-t24",
      "begin" : 340,
      "end" : 344,
      "text" : "para",
      "whiteSpace" : false
    }, {
      "id" : "s2-t25",
      "begin" : 345,
      "end" : 346,
      "text" : "o",
      "whiteSpace" : false
    }, {
      "id" : "s2-t26",
      "begin" : 347,
      "end" : 354,
      "text" : "cockpit",
      "whiteSpace" : false
    }, {
      "id" : "s2-t27",
      "begin" : 355,
      "end" : 357,
      "text" : "do",
      "whiteSpace" : false
    }, {
      "id" : "s2-t28",
      "begin" : 358,
      "end" : 363,
      "text" : "carro",
      "whiteSpace" : false
    }, {
      "id" : "s2-t29",
      "begin" : 363,
      "end" : 364,
      "text" : ".",
      "whiteSpace" : false
    } ]
  } ],
  "mentions" : [ {
    "id" : "s0-m1",
    "properties" : {
      "SIRE_MENTION_ROLE" : "DESIGN",
      "SIRE_ENTITY_SUBTYPE" : "NONE",
      "SIRE_MENTION_TYPE" : "NONE",
      "SIRE_MENTION_CLASS" : "SPC"
    },
    "type" : "DESIGN",
    "begin" : 0,
    "end" : 6,
    "inCoref" : false
  }, {
    "id" : "s0-m2",
    "properties" : {
      "SIRE_MENTION_ROLE" : "DESIGN",
      "SIRE_ENTITY_SUBTYPE" : "NONE",
      "SIRE_MENTION_TYPE" : "NONE",
      "SIRE_MENTION_CLASS" : "SPC"
    },
    "type" : "DESIGN",
    "begin" : 36,
    "end" : 42,
    "inCoref" : false
  }, {
    "id" : "s1-m1",
    "properties" : {
      "SIRE_MENTION_ROLE" : "MODELO",
      "SIRE_ENTITY_SUBTYPE" : "NONE",
      "SIRE_MENTION_TYPE" : "NONE",
      "SIRE_MENTION_CLASS" : "SPC"
    },
    "type" : "MODELO",
    "begin" : 111,
    "end" : 115,
    "inCoref" : false
  }, {
    "id" : "s1-m3",
    "properties" : {
      "SIRE_MENTION_ROLE" : "CONSUMO",
      "SIRE_ENTITY_SUBTYPE" : "NONE",
      "SIRE_MENTION_TYPE" : "NONE",
      "SIRE_MENTION_CLASS" : "SPC"
    },
    "type" : "CONSUMO",
    "begin" : 143,
    "end" : 149,
    "inCoref" : false
  }, {
    "id" : "s1-m4",
    "properties" : {
      "SIRE_MENTION_ROLE" : "DESEMPENHO",
      "SIRE_ENTITY_SUBTYPE" : "NONE",
      "SIRE_MENTION_TYPE" : "NONE",
      "SIRE_MENTION_CLASS" : "SPC"
    },
    "type" : "DESEMPENHO",
    "begin" : 155,
    "end" : 176,
    "inCoref" : false
  }, {
    "id" : "s2-m5",
    "properties" : {
      "SIRE_MENTION_ROLE" : "DESEMPENHO",
      "SIRE_ENTITY_SUBTYPE" : "NONE",
      "SIRE_MENTION_TYPE" : "NONE",
      "SIRE_MENTION_CLASS" : "SPC"
    },
    "type" : "DESEMPENHO",
    "begin" : 210,
    "end" : 215,
    "inCoref" : false
  }, {
    "id" : "s2-m6",
    "properties" : {
      "SIRE_MENTION_ROLE" : "DESEMPENHO",
      "SIRE_ENTITY_SUBTYPE" : "NONE",
      "SIRE_MENTION_TYPE" : "NONE",
      "SIRE_MENTION_CLASS" : "SPC"
    },
    "type" : "DESEMPENHO",
    "begin" : 293,
    "end" : 298,
    "inCoref" : false
  }, {
    "id" : "s2-m4",
    "properties" : {
      "SIRE_MENTION_ROLE" : "CONFORTO",
      "SIRE_ENTITY_SUBTYPE" : "NONE",
      "SIRE_MENTION_TYPE" : "NONE",
      "SIRE_MENTION_CLASS" : "SPC"
    },
    "type" : "CONFORTO",
    "begin" : 311,
    "end" : 330,
    "inCoref" : false
  }, {
    "id" : "s2-m7",
    "properties" : {
      "SIRE_MENTION_ROLE" : "DESEMPENHO",
      "SIRE_ENTITY_SUBTYPE" : "NONE",
      "SIRE_MENTION_TYPE" : "NONE",
      "SIRE_MENTION_CLASS" : "SPC"
    },
    "type" : "DESEMPENHO",
    "begin" : 334,
    "end" : 339,
    "inCoref" : false
  } ],
  "relations" : [ ],
  "corefs" : [ ],
  "typeResolved" : true,
  "userResolved" : false
}