{
  "id" : "a2e93d50-f6cb-11ea-9b27-75c700284c8b-62",
  "name" : "train_56.txt",
  "createdDate" : 0,
  "version" : 3,
  "text" : "O Cronos é excelente, confortável, com acabamento de primeira e bem equipado, com computador de bordo completo. O único contra, é o consumo que é bem elevado: 7km/L na cidade com a versão 1.3.\r\n",
  "docLength" : 0,
  "language" : "PT",
  "status" : "SUBMITTED",
  "modifiedDate" : 1600308253799,
  "documentSet" : [ ],
  "preannotation" : [ ],
  "sentences" : [ {
    "id" : "s0",
    "begin" : 0,
    "end" : 111,
    "text" : "O Cronos é excelente, confortável, com acabamento de primeira e bem equipado, com computador de bordo completo.",
    "tokens" : [ {
      "id" : "s0-t0",
      "begin" : 0,
      "end" : 1,
      "text" : "O",
      "whiteSpace" : false
    }, {
      "id" : "s0-t1",
      "begin" : 2,
      "end" : 8,
      "text" : "Cronos",
      "whiteSpace" : false
    }, {
      "id" : "s0-t2",
      "begin" : 9,
      "end" : 10,
      "text" : "é",
      "whiteSpace" : false
    }, {
      "id" : "s0-t3",
      "begin" : 11,
      "end" : 20,
      "text" : "excelente",
      "whiteSpace" : false
    }, {
      "id" : "s0-t4",
      "begin" : 20,
      "end" : 21,
      "text" : ",",
      "whiteSpace" : false
    }, {
      "id" : "s0-t5",
      "begin" : 22,
      "end" : 33,
      "text" : "confortável",
      "whiteSpace" : false
    }, {
      "id" : "s0-t6",
      "begin" : 33,
      "end" : 34,
      "text" : ",",
      "whiteSpace" : false
    }, {
      "id" : "s0-t7",
      "begin" : 35,
      "end" : 38,
      "text" : "com",
      "whiteSpace" : false
    }, {
      "id" : "s0-t8",
      "begin" : 39,
      "end" : 49,
      "text" : "acabamento",
      "whiteSpace" : false
    }, {
      "id" : "s0-t9",
      "begin" : 50,
      "end" : 52,
      "text" : "de",
      "whiteSpace" : false
    }, {
      "id" : "s0-t10",
      "begin" : 53,
      "end" : 61,
      "text" : "primeira",
      "whiteSpace" : false
    }, {
      "id" : "s0-t11",
      "begin" : 62,
      "end" : 63,
      "text" : "e",
      "whiteSpace" : false
    }, {
      "id" : "s0-t12",
      "begin" : 64,
      "end" : 67,
      "text" : "bem",
      "whiteSpace" : false
    }, {
      "id" : "s0-t13",
      "begin" : 68,
      "end" : 76,
      "text" : "equipado",
      "whiteSpace" : false
    }, {
      "id" : "s0-t14",
      "begin" : 76,
      "end" : 77,
      "text" : ",",
      "whiteSpace" : false
    }, {
      "id" : "s0-t15",
      "begin" : 78,
      "end" : 81,
      "text" : "com",
      "whiteSpace" : false
    }, {
      "id" : "s0-t16",
      "begin" : 82,
      "end" : 92,
      "text" : "computador",
      "whiteSpace" : false
    }, {
      "id" : "s0-t17",
      "begin" : 93,
      "end" : 95,
      "text" : "de",
      "whiteSpace" : false
    }, {
      "id" : "s0-t18",
      "begin" : 96,
      "end" : 101,
      "text" : "bordo",
      "whiteSpace" : false
    }, {
      "id" : "s0-t19",
      "begin" : 102,
      "end" : 110,
      "text" : "completo",
      "whiteSpace" : false
    }, {
      "id" : "s0-t20",
      "begin" : 110,
      "end" : 111,
      "text" : ".",
      "whiteSpace" : false
    } ]
  }, {
    "id" : "s1",
    "begin" : 112,
    "end" : 192,
    "text" : "O único contra, é o consumo que é bem elevado: 7km/L na cidade com a versão 1.3.",
    "tokens" : [ {
      "id" : "s1-t0",
      "begin" : 112,
      "end" : 113,
      "text" : "O",
      "whiteSpace" : false
    }, {
      "id" : "s1-t1",
      "begin" : 114,
      "end" : 119,
      "text" : "único",
      "whiteSpace" : false
    }, {
      "id" : "s1-t2",
      "begin" : 120,
      "end" : 126,
      "text" : "contra",
      "whiteSpace" : false
    }, {
      "id" : "s1-t3",
      "begin" : 126,
      "end" : 127,
      "text" : ",",
      "whiteSpace" : false
    }, {
      "id" : "s1-t4",
      "begin" : 128,
      "end" : 129,
      "text" : "é",
      "whiteSpace" : false
    }, {
      "id" : "s1-t5",
      "begin" : 130,
      "end" : 131,
      "text" : "o",
      "whiteSpace" : false
    }, {
      "id" : "s1-t6",
      "begin" : 132,
      "end" : 139,
      "text" : "consumo",
      "whiteSpace" : false
    }, {
      "id" : "s1-t7",
      "begin" : 140,
      "end" : 143,
      "text" : "que",
      "whiteSpace" : false
    }, {
      "id" : "s1-t8",
      "begin" : 144,
      "end" : 145,
      "text" : "é",
      "whiteSpace" : false
    }, {
      "id" : "s1-t9",
      "begin" : 146,
      "end" : 149,
      "text" : "bem",
      "whiteSpace" : false
    }, {
      "id" : "s1-t10",
      "begin" : 150,
      "end" : 157,
      "text" : "elevado",
      "whiteSpace" : false
    }, {
      "id" : "s1-t11",
      "begin" : 157,
      "end" : 158,
      "text" : ":",
      "whiteSpace" : false
    }, {
      "id" : "s1-t12",
      "begin" : 159,
      "end" : 164,
      "text" : "7km/L",
      "whiteSpace" : false
    }, {
      "id" : "s1-t13",
      "begin" : 165,
      "end" : 167,
      "text" : "na",
      "whiteSpace" : false
    }, {
      "id" : "s1-t14",
      "begin" : 168,
      "end" : 174,
      "text" : "cidade",
      "whiteSpace" : false
    }, {
      "id" : "s1-t15",
      "begin" : 175,
      "end" : 178,
      "text" : "com",
      "whiteSpace" : false
    }, {
      "id" : "s1-t16",
      "begin" : 179,
      "end" : 180,
      "text" : "a",
      "whiteSpace" : false
    }, {
      "id" : "s1-t17",
      "begin" : 181,
      "end" : 187,
      "text" : "versão",
      "whiteSpace" : false
    }, {
      "id" : "s1-t18",
      "begin" : 188,
      "end" : 191,
      "text" : "1.3",
      "whiteSpace" : false
    }, {
      "id" : "s1-t19",
      "begin" : 191,
      "end" : 192,
      "text" : ".",
      "whiteSpace" : false
    } ]
  } ],
  "mentions" : [ {
    "id" : "s0-m5",
    "properties" : {
      "SIRE_MENTION_ROLE" : "MODELO",
      "SIRE_ENTITY_SUBTYPE" : "NONE",
      "SIRE_MENTION_TYPE" : "NONE",
      "SIRE_MENTION_CLASS" : "SPC"
    },
    "type" : "MODELO",
    "begin" : 2,
    "end" : 8,
    "inCoref" : false
  }, {
    "id" : "s0-m2",
    "properties" : {
      "SIRE_MENTION_ROLE" : "CONFORTO",
      "SIRE_ENTITY_SUBTYPE" : "NONE",
      "SIRE_MENTION_TYPE" : "NONE",
      "SIRE_MENTION_CLASS" : "SPC"
    },
    "type" : "CONFORTO",
    "begin" : 22,
    "end" : 33,
    "inCoref" : false
  }, {
    "id" : "s0-m3",
    "properties" : {
      "SIRE_MENTION_ROLE" : "DESIGN",
      "SIRE_ENTITY_SUBTYPE" : "NONE",
      "SIRE_MENTION_TYPE" : "NONE",
      "SIRE_MENTION_CLASS" : "SPC"
    },
    "type" : "DESIGN",
    "begin" : 39,
    "end" : 49,
    "inCoref" : false
  }, {
    "id" : "s0-m4",
    "properties" : {
      "SIRE_MENTION_ROLE" : "ACESSORIOS",
      "SIRE_ENTITY_SUBTYPE" : "NONE",
      "SIRE_MENTION_TYPE" : "NONE",
      "SIRE_MENTION_CLASS" : "SPC"
    },
    "type" : "ACESSORIOS",
    "begin" : 82,
    "end" : 101,
    "inCoref" : false
  }, {
    "id" : "s1-m1",
    "properties" : {
      "SIRE_MENTION_ROLE" : "CONSUMO",
      "SIRE_ENTITY_SUBTYPE" : "NONE",
      "SIRE_MENTION_TYPE" : "NONE",
      "SIRE_MENTION_CLASS" : "SPC"
    },
    "type" : "CONSUMO",
    "begin" : 132,
    "end" : 139,
    "inCoref" : false
  }, {
    "id" : "s1-m2",
    "properties" : {
      "SIRE_MENTION_ROLE" : "CONSUMO",
      "SIRE_ENTITY_SUBTYPE" : "NONE",
      "SIRE_MENTION_TYPE" : "NONE",
      "SIRE_MENTION_CLASS" : "SPC"
    },
    "type" : "CONSUMO",
    "begin" : 159,
    "end" : 164,
    "inCoref" : false
  } ],
  "relations" : [ ],
  "corefs" : [ ],
  "typeResolved" : true,
  "userResolved" : false
}