{
  "id" : "a2e93d50-f6cb-11ea-9b27-75c700284c8b-50",
  "name" : "train_44.txt",
  "createdDate" : 0,
  "version" : 3,
  "text" : "O principal do Fiat 500 é que cabe em qualquer lugar. Não terá nunca problema para estacionar já que o jogo do carro e tamanho são excelentes para isso. Direção extremamente leve com progressão [quanto maior a velocidade mais dura fica]. Em ruas sinuosas que você precisa de mais estabilidade e firmeza no volante isso faz toda a diferença. Carro estável e muito fácil controle.\r\n",
  "docLength" : 0,
  "language" : "PT",
  "status" : "SUBMITTED",
  "modifiedDate" : 1600307930639,
  "documentSet" : [ ],
  "preannotation" : [ ],
  "sentences" : [ {
    "id" : "s0",
    "begin" : 0,
    "end" : 53,
    "text" : "O principal do Fiat 500 é que cabe em qualquer lugar.",
    "tokens" : [ {
      "id" : "s0-t0",
      "begin" : 0,
      "end" : 1,
      "text" : "O",
      "whiteSpace" : false
    }, {
      "id" : "s0-t1",
      "begin" : 2,
      "end" : 11,
      "text" : "principal",
      "whiteSpace" : false
    }, {
      "id" : "s0-t2",
      "begin" : 12,
      "end" : 14,
      "text" : "do",
      "whiteSpace" : false
    }, {
      "id" : "s0-t3",
      "begin" : 15,
      "end" : 19,
      "text" : "Fiat",
      "whiteSpace" : false
    }, {
      "id" : "s0-t4",
      "begin" : 20,
      "end" : 23,
      "text" : "500",
      "whiteSpace" : false
    }, {
      "id" : "s0-t5",
      "begin" : 24,
      "end" : 25,
      "text" : "é",
      "whiteSpace" : false
    }, {
      "id" : "s0-t6",
      "begin" : 26,
      "end" : 29,
      "text" : "que",
      "whiteSpace" : false
    }, {
      "id" : "s0-t7",
      "begin" : 30,
      "end" : 34,
      "text" : "cabe",
      "whiteSpace" : false
    }, {
      "id" : "s0-t8",
      "begin" : 35,
      "end" : 37,
      "text" : "em",
      "whiteSpace" : false
    }, {
      "id" : "s0-t9",
      "begin" : 38,
      "end" : 46,
      "text" : "qualquer",
      "whiteSpace" : false
    }, {
      "id" : "s0-t10",
      "begin" : 47,
      "end" : 52,
      "text" : "lugar",
      "whiteSpace" : false
    }, {
      "id" : "s0-t11",
      "begin" : 52,
      "end" : 53,
      "text" : ".",
      "whiteSpace" : false
    } ]
  }, {
    "id" : "s1",
    "begin" : 54,
    "end" : 152,
    "text" : "Não terá nunca problema para estacionar já que o jogo do carro e tamanho são excelentes para isso.",
    "tokens" : [ {
      "id" : "s1-t0",
      "begin" : 54,
      "end" : 57,
      "text" : "Não",
      "whiteSpace" : false
    }, {
      "id" : "s1-t1",
      "begin" : 58,
      "end" : 62,
      "text" : "terá",
      "whiteSpace" : false
    }, {
      "id" : "s1-t2",
      "begin" : 63,
      "end" : 68,
      "text" : "nunca",
      "whiteSpace" : false
    }, {
      "id" : "s1-t3",
      "begin" : 69,
      "end" : 77,
      "text" : "problema",
      "whiteSpace" : false
    }, {
      "id" : "s1-t4",
      "begin" : 78,
      "end" : 82,
      "text" : "para",
      "whiteSpace" : false
    }, {
      "id" : "s1-t5",
      "begin" : 83,
      "end" : 93,
      "text" : "estacionar",
      "whiteSpace" : false
    }, {
      "id" : "s1-t6",
      "begin" : 94,
      "end" : 96,
      "text" : "já",
      "whiteSpace" : false
    }, {
      "id" : "s1-t7",
      "begin" : 97,
      "end" : 100,
      "text" : "que",
      "whiteSpace" : false
    }, {
      "id" : "s1-t8",
      "begin" : 101,
      "end" : 102,
      "text" : "o",
      "whiteSpace" : false
    }, {
      "id" : "s1-t9",
      "begin" : 103,
      "end" : 107,
      "text" : "jogo",
      "whiteSpace" : false
    }, {
      "id" : "s1-t10",
      "begin" : 108,
      "end" : 110,
      "text" : "do",
      "whiteSpace" : false
    }, {
      "id" : "s1-t11",
      "begin" : 111,
      "end" : 116,
      "text" : "carro",
      "whiteSpace" : false
    }, {
      "id" : "s1-t12",
      "begin" : 117,
      "end" : 118,
      "text" : "e",
      "whiteSpace" : false
    }, {
      "id" : "s1-t13",
      "begin" : 119,
      "end" : 126,
      "text" : "tamanho",
      "whiteSpace" : false
    }, {
      "id" : "s1-t14",
      "begin" : 127,
      "end" : 130,
      "text" : "são",
      "whiteSpace" : false
    }, {
      "id" : "s1-t15",
      "begin" : 131,
      "end" : 141,
      "text" : "excelentes",
      "whiteSpace" : false
    }, {
      "id" : "s1-t16",
      "begin" : 142,
      "end" : 146,
      "text" : "para",
      "whiteSpace" : false
    }, {
      "id" : "s1-t17",
      "begin" : 147,
      "end" : 151,
      "text" : "isso",
      "whiteSpace" : false
    }, {
      "id" : "s1-t18",
      "begin" : 151,
      "end" : 152,
      "text" : ".",
      "whiteSpace" : false
    } ]
  }, {
    "id" : "s2",
    "begin" : 153,
    "end" : 237,
    "text" : "Direção extremamente leve com progressão [quanto maior a velocidade mais dura fica].",
    "tokens" : [ {
      "id" : "s2-t0",
      "begin" : 153,
      "end" : 160,
      "text" : "Direção",
      "whiteSpace" : false
    }, {
      "id" : "s2-t1",
      "begin" : 161,
      "end" : 173,
      "text" : "extremamente",
      "whiteSpace" : false
    }, {
      "id" : "s2-t2",
      "begin" : 174,
      "end" : 178,
      "text" : "leve",
      "whiteSpace" : false
    }, {
      "id" : "s2-t3",
      "begin" : 179,
      "end" : 182,
      "text" : "com",
      "whiteSpace" : false
    }, {
      "id" : "s2-t4",
      "begin" : 183,
      "end" : 193,
      "text" : "progressão",
      "whiteSpace" : false
    }, {
      "id" : "s2-t5",
      "begin" : 194,
      "end" : 195,
      "text" : "[",
      "whiteSpace" : false
    }, {
      "id" : "s2-t6",
      "begin" : 195,
      "end" : 201,
      "text" : "quanto",
      "whiteSpace" : false
    }, {
      "id" : "s2-t7",
      "begin" : 202,
      "end" : 207,
      "text" : "maior",
      "whiteSpace" : false
    }, {
      "id" : "s2-t8",
      "begin" : 208,
      "end" : 209,
      "text" : "a",
      "whiteSpace" : false
    }, {
      "id" : "s2-t9",
      "begin" : 210,
      "end" : 220,
      "text" : "velocidade",
      "whiteSpace" : false
    }, {
      "id" : "s2-t10",
      "begin" : 221,
      "end" : 225,
      "text" : "mais",
      "whiteSpace" : false
    }, {
      "id" : "s2-t11",
      "begin" : 226,
      "end" : 230,
      "text" : "dura",
      "whiteSpace" : false
    }, {
      "id" : "s2-t12",
      "begin" : 231,
      "end" : 235,
      "text" : "fica",
      "whiteSpace" : false
    }, {
      "id" : "s2-t13",
      "begin" : 235,
      "end" : 236,
      "text" : "]",
      "whiteSpace" : false
    }, {
      "id" : "s2-t14",
      "begin" : 236,
      "end" : 237,
      "text" : ".",
      "whiteSpace" : false
    } ]
  }, {
    "id" : "s3",
    "begin" : 238,
    "end" : 340,
    "text" : "Em ruas sinuosas que você precisa de mais estabilidade e firmeza no volante isso faz toda a diferença.",
    "tokens" : [ {
      "id" : "s3-t0",
      "begin" : 238,
      "end" : 240,
      "text" : "Em",
      "whiteSpace" : false
    }, {
      "id" : "s3-t1",
      "begin" : 241,
      "end" : 245,
      "text" : "ruas",
      "whiteSpace" : false
    }, {
      "id" : "s3-t2",
      "begin" : 246,
      "end" : 254,
      "text" : "sinuosas",
      "whiteSpace" : false
    }, {
      "id" : "s3-t3",
      "begin" : 255,
      "end" : 258,
      "text" : "que",
      "whiteSpace" : false
    }, {
      "id" : "s3-t4",
      "begin" : 259,
      "end" : 263,
      "text" : "você",
      "whiteSpace" : false
    }, {
      "id" : "s3-t5",
      "begin" : 264,
      "end" : 271,
      "text" : "precisa",
      "whiteSpace" : false
    }, {
      "id" : "s3-t6",
      "begin" : 272,
      "end" : 274,
      "text" : "de",
      "whiteSpace" : false
    }, {
      "id" : "s3-t7",
      "begin" : 275,
      "end" : 279,
      "text" : "mais",
      "whiteSpace" : false
    }, {
      "id" : "s3-t8",
      "begin" : 280,
      "end" : 292,
      "text" : "estabilidade",
      "whiteSpace" : false
    }, {
      "id" : "s3-t9",
      "begin" : 293,
      "end" : 294,
      "text" : "e",
      "whiteSpace" : false
    }, {
      "id" : "s3-t10",
      "begin" : 295,
      "end" : 302,
      "text" : "firmeza",
      "whiteSpace" : false
    }, {
      "id" : "s3-t11",
      "begin" : 303,
      "end" : 305,
      "text" : "no",
      "whiteSpace" : false
    }, {
      "id" : "s3-t12",
      "begin" : 306,
      "end" : 313,
      "text" : "volante",
      "whiteSpace" : false
    }, {
      "id" : "s3-t13",
      "begin" : 314,
      "end" : 318,
      "text" : "isso",
      "whiteSpace" : false
    }, {
      "id" : "s3-t14",
      "begin" : 319,
      "end" : 322,
      "text" : "faz",
      "whiteSpace" : false
    }, {
      "id" : "s3-t15",
      "begin" : 323,
      "end" : 327,
      "text" : "toda",
      "whiteSpace" : false
    }, {
      "id" : "s3-t16",
      "begin" : 328,
      "end" : 329,
      "text" : "a",
      "whiteSpace" : false
    }, {
      "id" : "s3-t17",
      "begin" : 330,
      "end" : 339,
      "text" : "diferença",
      "whiteSpace" : false
    }, {
      "id" : "s3-t18",
      "begin" : 339,
      "end" : 340,
      "text" : ".",
      "whiteSpace" : false
    } ]
  }, {
    "id" : "s4",
    "begin" : 341,
    "end" : 378,
    "text" : "Carro estável e muito fácil controle.",
    "tokens" : [ {
      "id" : "s4-t0",
      "begin" : 341,
      "end" : 346,
      "text" : "Carro",
      "whiteSpace" : false
    }, {
      "id" : "s4-t1",
      "begin" : 347,
      "end" : 354,
      "text" : "estável",
      "whiteSpace" : false
    }, {
      "id" : "s4-t2",
      "begin" : 355,
      "end" : 356,
      "text" : "e",
      "whiteSpace" : false
    }, {
      "id" : "s4-t3",
      "begin" : 357,
      "end" : 362,
      "text" : "muito",
      "whiteSpace" : false
    }, {
      "id" : "s4-t4",
      "begin" : 363,
      "end" : 368,
      "text" : "fácil",
      "whiteSpace" : false
    }, {
      "id" : "s4-t5",
      "begin" : 369,
      "end" : 377,
      "text" : "controle",
      "whiteSpace" : false
    }, {
      "id" : "s4-t6",
      "begin" : 377,
      "end" : 378,
      "text" : ".",
      "whiteSpace" : false
    } ]
  } ],
  "mentions" : [ {
    "id" : "s0-m1",
    "properties" : {
      "SIRE_MENTION_ROLE" : "MODELO",
      "SIRE_ENTITY_SUBTYPE" : "NONE",
      "SIRE_MENTION_TYPE" : "NONE",
      "SIRE_MENTION_CLASS" : "SPC"
    },
    "type" : "MODELO",
    "begin" : 15,
    "end" : 23,
    "inCoref" : false
  }, {
    "id" : "s2-m1",
    "properties" : {
      "SIRE_MENTION_ROLE" : "CONFORTO",
      "SIRE_ENTITY_SUBTYPE" : "NONE",
      "SIRE_MENTION_TYPE" : "NONE",
      "SIRE_MENTION_CLASS" : "SPC"
    },
    "type" : "CONFORTO",
    "begin" : 153,
    "end" : 160,
    "inCoref" : false
  }, {
    "id" : "s3-m2",
    "properties" : {
      "SIRE_MENTION_ROLE" : "SEGURANCA",
      "SIRE_ENTITY_SUBTYPE" : "NONE",
      "SIRE_MENTION_TYPE" : "NONE",
      "SIRE_MENTION_CLASS" : "SPC"
    },
    "type" : "SEGURANCA",
    "begin" : 280,
    "end" : 292,
    "inCoref" : false
  }, {
    "id" : "s3-m1",
    "properties" : {
      "SIRE_MENTION_ROLE" : "CONFORTO",
      "SIRE_ENTITY_SUBTYPE" : "NONE",
      "SIRE_MENTION_TYPE" : "NONE",
      "SIRE_MENTION_CLASS" : "SPC"
    },
    "type" : "CONFORTO",
    "begin" : 306,
    "end" : 313,
    "inCoref" : false
  } ],
  "relations" : [ ],
  "corefs" : [ ],
  "typeResolved" : true,
  "userResolved" : false
}