{
  "id" : "a2e93d50-f6cb-11ea-9b27-75c700284c8b-67",
  "name" : "train_61.txt",
  "createdDate" : 0,
  "version" : 3,
  "text" : "O Cronos deveria ter um motor turbo para competir com os novos carros que estão sendo lançados, assim o modelo seria mais valorizado. O design é arrojado, robusto. Gostei muito do veículo, e é um modelo diferenciado.\r\n",
  "docLength" : 0,
  "language" : "PT",
  "status" : "SUBMITTED",
  "modifiedDate" : 1600308475796,
  "documentSet" : [ ],
  "preannotation" : [ ],
  "sentences" : [ {
    "id" : "s0",
    "begin" : 0,
    "end" : 133,
    "text" : "O Cronos deveria ter um motor turbo para competir com os novos carros que estão sendo lançados, assim o modelo seria mais valorizado.",
    "tokens" : [ {
      "id" : "s0-t0",
      "begin" : 0,
      "end" : 1,
      "text" : "O",
      "whiteSpace" : false
    }, {
      "id" : "s0-t1",
      "begin" : 2,
      "end" : 8,
      "text" : "Cronos",
      "whiteSpace" : false
    }, {
      "id" : "s0-t2",
      "begin" : 9,
      "end" : 16,
      "text" : "deveria",
      "whiteSpace" : false
    }, {
      "id" : "s0-t3",
      "begin" : 17,
      "end" : 20,
      "text" : "ter",
      "whiteSpace" : false
    }, {
      "id" : "s0-t4",
      "begin" : 21,
      "end" : 23,
      "text" : "um",
      "whiteSpace" : false
    }, {
      "id" : "s0-t5",
      "begin" : 24,
      "end" : 29,
      "text" : "motor",
      "whiteSpace" : false
    }, {
      "id" : "s0-t6",
      "begin" : 30,
      "end" : 35,
      "text" : "turbo",
      "whiteSpace" : false
    }, {
      "id" : "s0-t7",
      "begin" : 36,
      "end" : 40,
      "text" : "para",
      "whiteSpace" : false
    }, {
      "id" : "s0-t8",
      "begin" : 41,
      "end" : 49,
      "text" : "competir",
      "whiteSpace" : false
    }, {
      "id" : "s0-t9",
      "begin" : 50,
      "end" : 53,
      "text" : "com",
      "whiteSpace" : false
    }, {
      "id" : "s0-t10",
      "begin" : 54,
      "end" : 56,
      "text" : "os",
      "whiteSpace" : false
    }, {
      "id" : "s0-t11",
      "begin" : 57,
      "end" : 62,
      "text" : "novos",
      "whiteSpace" : false
    }, {
      "id" : "s0-t12",
      "begin" : 63,
      "end" : 69,
      "text" : "carros",
      "whiteSpace" : false
    }, {
      "id" : "s0-t13",
      "begin" : 70,
      "end" : 73,
      "text" : "que",
      "whiteSpace" : false
    }, {
      "id" : "s0-t14",
      "begin" : 74,
      "end" : 79,
      "text" : "estão",
      "whiteSpace" : false
    }, {
      "id" : "s0-t15",
      "begin" : 80,
      "end" : 85,
      "text" : "sendo",
      "whiteSpace" : false
    }, {
      "id" : "s0-t16",
      "begin" : 86,
      "end" : 94,
      "text" : "lançados",
      "whiteSpace" : false
    }, {
      "id" : "s0-t17",
      "begin" : 94,
      "end" : 95,
      "text" : ",",
      "whiteSpace" : false
    }, {
      "id" : "s0-t18",
      "begin" : 96,
      "end" : 101,
      "text" : "assim",
      "whiteSpace" : false
    }, {
      "id" : "s0-t19",
      "begin" : 102,
      "end" : 103,
      "text" : "o",
      "whiteSpace" : false
    }, {
      "id" : "s0-t20",
      "begin" : 104,
      "end" : 110,
      "text" : "modelo",
      "whiteSpace" : false
    }, {
      "id" : "s0-t21",
      "begin" : 111,
      "end" : 116,
      "text" : "seria",
      "whiteSpace" : false
    }, {
      "id" : "s0-t22",
      "begin" : 117,
      "end" : 121,
      "text" : "mais",
      "whiteSpace" : false
    }, {
      "id" : "s0-t23",
      "begin" : 122,
      "end" : 132,
      "text" : "valorizado",
      "whiteSpace" : false
    }, {
      "id" : "s0-t24",
      "begin" : 132,
      "end" : 133,
      "text" : ".",
      "whiteSpace" : false
    } ]
  }, {
    "id" : "s1",
    "begin" : 134,
    "end" : 163,
    "text" : "O design é arrojado, robusto.",
    "tokens" : [ {
      "id" : "s1-t0",
      "begin" : 134,
      "end" : 135,
      "text" : "O",
      "whiteSpace" : false
    }, {
      "id" : "s1-t1",
      "begin" : 136,
      "end" : 142,
      "text" : "design",
      "whiteSpace" : false
    }, {
      "id" : "s1-t2",
      "begin" : 143,
      "end" : 144,
      "text" : "é",
      "whiteSpace" : false
    }, {
      "id" : "s1-t3",
      "begin" : 145,
      "end" : 153,
      "text" : "arrojado",
      "whiteSpace" : false
    }, {
      "id" : "s1-t4",
      "begin" : 153,
      "end" : 154,
      "text" : ",",
      "whiteSpace" : false
    }, {
      "id" : "s1-t5",
      "begin" : 155,
      "end" : 162,
      "text" : "robusto",
      "whiteSpace" : false
    }, {
      "id" : "s1-t6",
      "begin" : 162,
      "end" : 163,
      "text" : ".",
      "whiteSpace" : false
    } ]
  }, {
    "id" : "s2",
    "begin" : 164,
    "end" : 216,
    "text" : "Gostei muito do veículo, e é um modelo diferenciado.",
    "tokens" : [ {
      "id" : "s2-t0",
      "begin" : 164,
      "end" : 170,
      "text" : "Gostei",
      "whiteSpace" : false
    }, {
      "id" : "s2-t1",
      "begin" : 171,
      "end" : 176,
      "text" : "muito",
      "whiteSpace" : false
    }, {
      "id" : "s2-t2",
      "begin" : 177,
      "end" : 179,
      "text" : "do",
      "whiteSpace" : false
    }, {
      "id" : "s2-t3",
      "begin" : 180,
      "end" : 187,
      "text" : "veículo",
      "whiteSpace" : false
    }, {
      "id" : "s2-t4",
      "begin" : 187,
      "end" : 188,
      "text" : ",",
      "whiteSpace" : false
    }, {
      "id" : "s2-t5",
      "begin" : 189,
      "end" : 190,
      "text" : "e",
      "whiteSpace" : false
    }, {
      "id" : "s2-t6",
      "begin" : 191,
      "end" : 192,
      "text" : "é",
      "whiteSpace" : false
    }, {
      "id" : "s2-t7",
      "begin" : 193,
      "end" : 195,
      "text" : "um",
      "whiteSpace" : false
    }, {
      "id" : "s2-t8",
      "begin" : 196,
      "end" : 202,
      "text" : "modelo",
      "whiteSpace" : false
    }, {
      "id" : "s2-t9",
      "begin" : 203,
      "end" : 215,
      "text" : "diferenciado",
      "whiteSpace" : false
    }, {
      "id" : "s2-t10",
      "begin" : 215,
      "end" : 216,
      "text" : ".",
      "whiteSpace" : false
    } ]
  } ],
  "mentions" : [ {
    "id" : "s0-m1",
    "properties" : {
      "SIRE_MENTION_ROLE" : "MODELO",
      "SIRE_ENTITY_SUBTYPE" : "NONE",
      "SIRE_MENTION_TYPE" : "NONE",
      "SIRE_MENTION_CLASS" : "SPC"
    },
    "type" : "MODELO",
    "begin" : 2,
    "end" : 8,
    "inCoref" : false
  }, {
    "id" : "s0-m2",
    "properties" : {
      "SIRE_MENTION_ROLE" : "DESEMPENHO",
      "SIRE_ENTITY_SUBTYPE" : "NONE",
      "SIRE_MENTION_TYPE" : "NONE",
      "SIRE_MENTION_CLASS" : "SPC"
    },
    "type" : "DESEMPENHO",
    "begin" : 24,
    "end" : 29,
    "inCoref" : false
  }, {
    "id" : "s1-m1",
    "properties" : {
      "SIRE_MENTION_ROLE" : "DESIGN",
      "SIRE_ENTITY_SUBTYPE" : "NONE",
      "SIRE_MENTION_TYPE" : "NONE",
      "SIRE_MENTION_CLASS" : "SPC"
    },
    "type" : "DESIGN",
    "begin" : 136,
    "end" : 142,
    "inCoref" : false
  }, {
    "id" : "s1-m2",
    "properties" : {
      "SIRE_MENTION_ROLE" : "DESIGN",
      "SIRE_ENTITY_SUBTYPE" : "NONE",
      "SIRE_MENTION_TYPE" : "NONE",
      "SIRE_MENTION_CLASS" : "SPC"
    },
    "type" : "DESIGN",
    "begin" : 145,
    "end" : 153,
    "inCoref" : false
  }, {
    "id" : "s1-m4",
    "properties" : {
      "SIRE_MENTION_ROLE" : "DESIGN",
      "SIRE_ENTITY_SUBTYPE" : "NONE",
      "SIRE_MENTION_TYPE" : "NONE",
      "SIRE_MENTION_CLASS" : "SPC"
    },
    "type" : "DESIGN",
    "begin" : 155,
    "end" : 162,
    "inCoref" : false
  } ],
  "relations" : [ ],
  "corefs" : [ ],
  "typeResolved" : true,
  "userResolved" : false
}