{
  "id" : "a2e93d50-f6cb-11ea-9b27-75c700284c8b-16",
  "name" : "train_10.txt",
  "createdDate" : 0,
  "version" : 3,
  "text" : "Se o combustível for gasolina, os números são de 11,8 segundos e 180 km/h, respectivamente. De acordo com a montadora, o carro faz 9,2 km/l na cidade e 10,2 km/l na estrada se abastecido com etanol e 12,9 km/l e 14,3 km/l com gasolina, o que é econômico para a categoria.\r\n",
  "docLength" : 0,
  "language" : "PT",
  "status" : "SUBMITTED",
  "modifiedDate" : 1600306115515,
  "documentSet" : [ ],
  "preannotation" : [ ],
  "sentences" : [ {
    "id" : "s0",
    "begin" : 0,
    "end" : 91,
    "text" : "Se o combustível for gasolina, os números são de 11,8 segundos e 180 km/h, respectivamente.",
    "tokens" : [ {
      "id" : "s0-t0",
      "begin" : 0,
      "end" : 2,
      "text" : "Se",
      "whiteSpace" : false
    }, {
      "id" : "s0-t1",
      "begin" : 3,
      "end" : 4,
      "text" : "o",
      "whiteSpace" : false
    }, {
      "id" : "s0-t2",
      "begin" : 5,
      "end" : 16,
      "text" : "combustível",
      "whiteSpace" : false
    }, {
      "id" : "s0-t3",
      "begin" : 17,
      "end" : 20,
      "text" : "for",
      "whiteSpace" : false
    }, {
      "id" : "s0-t4",
      "begin" : 21,
      "end" : 29,
      "text" : "gasolina",
      "whiteSpace" : false
    }, {
      "id" : "s0-t5",
      "begin" : 29,
      "end" : 30,
      "text" : ",",
      "whiteSpace" : false
    }, {
      "id" : "s0-t6",
      "begin" : 31,
      "end" : 33,
      "text" : "os",
      "whiteSpace" : false
    }, {
      "id" : "s0-t7",
      "begin" : 34,
      "end" : 41,
      "text" : "números",
      "whiteSpace" : false
    }, {
      "id" : "s0-t8",
      "begin" : 42,
      "end" : 45,
      "text" : "são",
      "whiteSpace" : false
    }, {
      "id" : "s0-t9",
      "begin" : 46,
      "end" : 48,
      "text" : "de",
      "whiteSpace" : false
    }, {
      "id" : "s0-t10",
      "begin" : 49,
      "end" : 53,
      "text" : "11,8",
      "whiteSpace" : false
    }, {
      "id" : "s0-t11",
      "begin" : 54,
      "end" : 62,
      "text" : "segundos",
      "whiteSpace" : false
    }, {
      "id" : "s0-t12",
      "begin" : 63,
      "end" : 64,
      "text" : "e",
      "whiteSpace" : false
    }, {
      "id" : "s0-t13",
      "begin" : 65,
      "end" : 68,
      "text" : "180",
      "whiteSpace" : false
    }, {
      "id" : "s0-t14",
      "begin" : 69,
      "end" : 73,
      "text" : "km/h",
      "whiteSpace" : false
    }, {
      "id" : "s0-t15",
      "begin" : 73,
      "end" : 74,
      "text" : ",",
      "whiteSpace" : false
    }, {
      "id" : "s0-t16",
      "begin" : 75,
      "end" : 90,
      "text" : "respectivamente",
      "whiteSpace" : false
    }, {
      "id" : "s0-t17",
      "begin" : 90,
      "end" : 91,
      "text" : ".",
      "whiteSpace" : false
    } ]
  }, {
    "id" : "s1",
    "begin" : 92,
    "end" : 271,
    "text" : "De acordo com a montadora, o carro faz 9,2 km/l na cidade e 10,2 km/l na estrada se abastecido com etanol e 12,9 km/l e 14,3 km/l com gasolina, o que é econômico para a categoria.",
    "tokens" : [ {
      "id" : "s1-t0",
      "begin" : 92,
      "end" : 94,
      "text" : "De",
      "whiteSpace" : false
    }, {
      "id" : "s1-t1",
      "begin" : 95,
      "end" : 101,
      "text" : "acordo",
      "whiteSpace" : false
    }, {
      "id" : "s1-t2",
      "begin" : 102,
      "end" : 105,
      "text" : "com",
      "whiteSpace" : false
    }, {
      "id" : "s1-t3",
      "begin" : 106,
      "end" : 107,
      "text" : "a",
      "whiteSpace" : false
    }, {
      "id" : "s1-t4",
      "begin" : 108,
      "end" : 117,
      "text" : "montadora",
      "whiteSpace" : false
    }, {
      "id" : "s1-t5",
      "begin" : 117,
      "end" : 118,
      "text" : ",",
      "whiteSpace" : false
    }, {
      "id" : "s1-t6",
      "begin" : 119,
      "end" : 120,
      "text" : "o",
      "whiteSpace" : false
    }, {
      "id" : "s1-t7",
      "begin" : 121,
      "end" : 126,
      "text" : "carro",
      "whiteSpace" : false
    }, {
      "id" : "s1-t8",
      "begin" : 127,
      "end" : 130,
      "text" : "faz",
      "whiteSpace" : false
    }, {
      "id" : "s1-t9",
      "begin" : 131,
      "end" : 134,
      "text" : "9,2",
      "whiteSpace" : false
    }, {
      "id" : "s1-t10",
      "begin" : 135,
      "end" : 139,
      "text" : "km/l",
      "whiteSpace" : false
    }, {
      "id" : "s1-t11",
      "begin" : 140,
      "end" : 142,
      "text" : "na",
      "whiteSpace" : false
    }, {
      "id" : "s1-t12",
      "begin" : 143,
      "end" : 149,
      "text" : "cidade",
      "whiteSpace" : false
    }, {
      "id" : "s1-t13",
      "begin" : 150,
      "end" : 151,
      "text" : "e",
      "whiteSpace" : false
    }, {
      "id" : "s1-t14",
      "begin" : 152,
      "end" : 156,
      "text" : "10,2",
      "whiteSpace" : false
    }, {
      "id" : "s1-t15",
      "begin" : 157,
      "end" : 161,
      "text" : "km/l",
      "whiteSpace" : false
    }, {
      "id" : "s1-t16",
      "begin" : 162,
      "end" : 164,
      "text" : "na",
      "whiteSpace" : false
    }, {
      "id" : "s1-t17",
      "begin" : 165,
      "end" : 172,
      "text" : "estrada",
      "whiteSpace" : false
    }, {
      "id" : "s1-t18",
      "begin" : 173,
      "end" : 175,
      "text" : "se",
      "whiteSpace" : false
    }, {
      "id" : "s1-t19",
      "begin" : 176,
      "end" : 186,
      "text" : "abastecido",
      "whiteSpace" : false
    }, {
      "id" : "s1-t20",
      "begin" : 187,
      "end" : 190,
      "text" : "com",
      "whiteSpace" : false
    }, {
      "id" : "s1-t21",
      "begin" : 191,
      "end" : 197,
      "text" : "etanol",
      "whiteSpace" : false
    }, {
      "id" : "s1-t22",
      "begin" : 198,
      "end" : 199,
      "text" : "e",
      "whiteSpace" : false
    }, {
      "id" : "s1-t23",
      "begin" : 200,
      "end" : 204,
      "text" : "12,9",
      "whiteSpace" : false
    }, {
      "id" : "s1-t24",
      "begin" : 205,
      "end" : 209,
      "text" : "km/l",
      "whiteSpace" : false
    }, {
      "id" : "s1-t25",
      "begin" : 210,
      "end" : 211,
      "text" : "e",
      "whiteSpace" : false
    }, {
      "id" : "s1-t26",
      "begin" : 212,
      "end" : 216,
      "text" : "14,3",
      "whiteSpace" : false
    }, {
      "id" : "s1-t27",
      "begin" : 217,
      "end" : 221,
      "text" : "km/l",
      "whiteSpace" : false
    }, {
      "id" : "s1-t28",
      "begin" : 222,
      "end" : 225,
      "text" : "com",
      "whiteSpace" : false
    }, {
      "id" : "s1-t29",
      "begin" : 226,
      "end" : 234,
      "text" : "gasolina",
      "whiteSpace" : false
    }, {
      "id" : "s1-t30",
      "begin" : 234,
      "end" : 235,
      "text" : ",",
      "whiteSpace" : false
    }, {
      "id" : "s1-t31",
      "begin" : 236,
      "end" : 237,
      "text" : "o",
      "whiteSpace" : false
    }, {
      "id" : "s1-t32",
      "begin" : 238,
      "end" : 241,
      "text" : "que",
      "whiteSpace" : false
    }, {
      "id" : "s1-t33",
      "begin" : 242,
      "end" : 243,
      "text" : "é",
      "whiteSpace" : false
    }, {
      "id" : "s1-t34",
      "begin" : 244,
      "end" : 253,
      "text" : "econômico",
      "whiteSpace" : false
    }, {
      "id" : "s1-t35",
      "begin" : 254,
      "end" : 258,
      "text" : "para",
      "whiteSpace" : false
    }, {
      "id" : "s1-t36",
      "begin" : 259,
      "end" : 260,
      "text" : "a",
      "whiteSpace" : false
    }, {
      "id" : "s1-t37",
      "begin" : 261,
      "end" : 270,
      "text" : "categoria",
      "whiteSpace" : false
    }, {
      "id" : "s1-t38",
      "begin" : 270,
      "end" : 271,
      "text" : ".",
      "whiteSpace" : false
    } ]
  } ],
  "mentions" : [ {
    "id" : "s1-m4",
    "properties" : {
      "SIRE_MENTION_ROLE" : "CONSUMO",
      "SIRE_ENTITY_SUBTYPE" : "NONE",
      "SIRE_MENTION_TYPE" : "NONE",
      "SIRE_MENTION_CLASS" : "SPC"
    },
    "type" : "CONSUMO",
    "begin" : 131,
    "end" : 139,
    "inCoref" : false
  }, {
    "id" : "s1-m5",
    "properties" : {
      "SIRE_MENTION_ROLE" : "CONSUMO",
      "SIRE_ENTITY_SUBTYPE" : "NONE",
      "SIRE_MENTION_TYPE" : "NONE",
      "SIRE_MENTION_CLASS" : "SPC"
    },
    "type" : "CONSUMO",
    "begin" : 152,
    "end" : 161,
    "inCoref" : false
  }, {
    "id" : "s1-m7",
    "properties" : {
      "SIRE_MENTION_ROLE" : "CONSUMO",
      "SIRE_ENTITY_SUBTYPE" : "NONE",
      "SIRE_MENTION_TYPE" : "NONE",
      "SIRE_MENTION_CLASS" : "SPC"
    },
    "type" : "CONSUMO",
    "begin" : 200,
    "end" : 209,
    "inCoref" : false
  }, {
    "id" : "s1-m8",
    "properties" : {
      "SIRE_MENTION_ROLE" : "CONSUMO",
      "SIRE_ENTITY_SUBTYPE" : "NONE",
      "SIRE_MENTION_TYPE" : "NONE",
      "SIRE_MENTION_CLASS" : "SPC"
    },
    "type" : "CONSUMO",
    "begin" : 212,
    "end" : 221,
    "inCoref" : false
  }, {
    "id" : "s1-m9",
    "properties" : {
      "SIRE_MENTION_ROLE" : "CONSUMO",
      "SIRE_ENTITY_SUBTYPE" : "NONE",
      "SIRE_MENTION_TYPE" : "NONE",
      "SIRE_MENTION_CLASS" : "SPC"
    },
    "type" : "CONSUMO",
    "begin" : 244,
    "end" : 253,
    "inCoref" : false
  } ],
  "relations" : [ ],
  "corefs" : [ ],
  "typeResolved" : true,
  "userResolved" : false
}