{
  "id" : "a2e93d50-f6cb-11ea-9b27-75c700284c8b-93",
  "name" : "train_87.txt",
  "createdDate" : 0,
  "version" : 3,
  "text" : "A Ducato é econômica na estrada mesmo carregada, ela chega a fazer 12km por litro de combustível só beliscando o acelerador.\r\n",
  "docLength" : 0,
  "language" : "PT",
  "status" : "SUBMITTED",
  "modifiedDate" : 1600309601777,
  "documentSet" : [ ],
  "preannotation" : [ ],
  "sentences" : [ {
    "id" : "s0",
    "begin" : 0,
    "end" : 124,
    "text" : "A Ducato é econômica na estrada mesmo carregada, ela chega a fazer 12km por litro de combustível só beliscando o acelerador.",
    "tokens" : [ {
      "id" : "s0-t0",
      "begin" : 0,
      "end" : 1,
      "text" : "A",
      "whiteSpace" : false
    }, {
      "id" : "s0-t1",
      "begin" : 2,
      "end" : 8,
      "text" : "Ducato",
      "whiteSpace" : false
    }, {
      "id" : "s0-t2",
      "begin" : 9,
      "end" : 10,
      "text" : "é",
      "whiteSpace" : false
    }, {
      "id" : "s0-t3",
      "begin" : 11,
      "end" : 20,
      "text" : "econômica",
      "whiteSpace" : false
    }, {
      "id" : "s0-t4",
      "begin" : 21,
      "end" : 23,
      "text" : "na",
      "whiteSpace" : false
    }, {
      "id" : "s0-t5",
      "begin" : 24,
      "end" : 31,
      "text" : "estrada",
      "whiteSpace" : false
    }, {
      "id" : "s0-t6",
      "begin" : 32,
      "end" : 37,
      "text" : "mesmo",
      "whiteSpace" : false
    }, {
      "id" : "s0-t7",
      "begin" : 38,
      "end" : 47,
      "text" : "carregada",
      "whiteSpace" : false
    }, {
      "id" : "s0-t8",
      "begin" : 47,
      "end" : 48,
      "text" : ",",
      "whiteSpace" : false
    }, {
      "id" : "s0-t9",
      "begin" : 49,
      "end" : 52,
      "text" : "ela",
      "whiteSpace" : false
    }, {
      "id" : "s0-t10",
      "begin" : 53,
      "end" : 58,
      "text" : "chega",
      "whiteSpace" : false
    }, {
      "id" : "s0-t11",
      "begin" : 59,
      "end" : 60,
      "text" : "a",
      "whiteSpace" : false
    }, {
      "id" : "s0-t12",
      "begin" : 61,
      "end" : 66,
      "text" : "fazer",
      "whiteSpace" : false
    }, {
      "id" : "s0-t13",
      "begin" : 67,
      "end" : 71,
      "text" : "12km",
      "whiteSpace" : false
    }, {
      "id" : "s0-t14",
      "begin" : 72,
      "end" : 75,
      "text" : "por",
      "whiteSpace" : false
    }, {
      "id" : "s0-t15",
      "begin" : 76,
      "end" : 81,
      "text" : "litro",
      "whiteSpace" : false
    }, {
      "id" : "s0-t16",
      "begin" : 82,
      "end" : 84,
      "text" : "de",
      "whiteSpace" : false
    }, {
      "id" : "s0-t17",
      "begin" : 85,
      "end" : 96,
      "text" : "combustível",
      "whiteSpace" : false
    }, {
      "id" : "s0-t18",
      "begin" : 97,
      "end" : 99,
      "text" : "só",
      "whiteSpace" : false
    }, {
      "id" : "s0-t19",
      "begin" : 100,
      "end" : 110,
      "text" : "beliscando",
      "whiteSpace" : false
    }, {
      "id" : "s0-t20",
      "begin" : 111,
      "end" : 112,
      "text" : "o",
      "whiteSpace" : false
    }, {
      "id" : "s0-t21",
      "begin" : 113,
      "end" : 123,
      "text" : "acelerador",
      "whiteSpace" : false
    }, {
      "id" : "s0-t22",
      "begin" : 123,
      "end" : 124,
      "text" : ".",
      "whiteSpace" : false
    } ]
  } ],
  "mentions" : [ {
    "id" : "s0-m4",
    "properties" : {
      "SIRE_MENTION_ROLE" : "MODELO",
      "SIRE_ENTITY_SUBTYPE" : "NONE",
      "SIRE_MENTION_TYPE" : "NONE",
      "SIRE_MENTION_CLASS" : "SPC"
    },
    "type" : "MODELO",
    "begin" : 2,
    "end" : 8,
    "inCoref" : false
  }, {
    "id" : "s0-m2",
    "properties" : {
      "SIRE_MENTION_ROLE" : "CONSUMO",
      "SIRE_ENTITY_SUBTYPE" : "NONE",
      "SIRE_MENTION_TYPE" : "NONE",
      "SIRE_MENTION_CLASS" : "SPC"
    },
    "type" : "CONSUMO",
    "begin" : 11,
    "end" : 20,
    "inCoref" : false
  }, {
    "id" : "s0-m3",
    "properties" : {
      "SIRE_MENTION_ROLE" : "CONSUMO",
      "SIRE_ENTITY_SUBTYPE" : "NONE",
      "SIRE_MENTION_TYPE" : "NONE",
      "SIRE_MENTION_CLASS" : "SPC"
    },
    "type" : "CONSUMO",
    "begin" : 67,
    "end" : 81,
    "inCoref" : false
  } ],
  "relations" : [ ],
  "corefs" : [ ],
  "typeResolved" : true,
  "userResolved" : false
}