{
  "id" : "a2e93d50-f6cb-11ea-9b27-75c700284c8b-39",
  "name" : "train_33.txt",
  "createdDate" : 0,
  "version" : 3,
  "text" : "O Linea HLX possui boa dirigibilidade, apesar de haver um pouco de rolagem da carroceria em curvas acentuadas. A suspensão é muito macia e com um ótimo motor com desempenho bom para o peso do carro. O espaço no porta-malas é excelente.\r\n",
  "docLength" : 0,
  "language" : "PT",
  "status" : "SUBMITTED",
  "modifiedDate" : 1600307433607,
  "documentSet" : [ ],
  "preannotation" : [ ],
  "sentences" : [ {
    "id" : "s0",
    "begin" : 0,
    "end" : 110,
    "text" : "O Linea HLX possui boa dirigibilidade, apesar de haver um pouco de rolagem da carroceria em curvas acentuadas.",
    "tokens" : [ {
      "id" : "s0-t0",
      "begin" : 0,
      "end" : 1,
      "text" : "O",
      "whiteSpace" : false
    }, {
      "id" : "s0-t1",
      "begin" : 2,
      "end" : 7,
      "text" : "Linea",
      "whiteSpace" : false
    }, {
      "id" : "s0-t2",
      "begin" : 8,
      "end" : 11,
      "text" : "HLX",
      "whiteSpace" : false
    }, {
      "id" : "s0-t3",
      "begin" : 12,
      "end" : 18,
      "text" : "possui",
      "whiteSpace" : false
    }, {
      "id" : "s0-t4",
      "begin" : 19,
      "end" : 22,
      "text" : "boa",
      "whiteSpace" : false
    }, {
      "id" : "s0-t5",
      "begin" : 23,
      "end" : 37,
      "text" : "dirigibilidade",
      "whiteSpace" : false
    }, {
      "id" : "s0-t6",
      "begin" : 37,
      "end" : 38,
      "text" : ",",
      "whiteSpace" : false
    }, {
      "id" : "s0-t7",
      "begin" : 39,
      "end" : 45,
      "text" : "apesar",
      "whiteSpace" : false
    }, {
      "id" : "s0-t8",
      "begin" : 46,
      "end" : 48,
      "text" : "de",
      "whiteSpace" : false
    }, {
      "id" : "s0-t9",
      "begin" : 49,
      "end" : 54,
      "text" : "haver",
      "whiteSpace" : false
    }, {
      "id" : "s0-t10",
      "begin" : 55,
      "end" : 57,
      "text" : "um",
      "whiteSpace" : false
    }, {
      "id" : "s0-t11",
      "begin" : 58,
      "end" : 63,
      "text" : "pouco",
      "whiteSpace" : false
    }, {
      "id" : "s0-t12",
      "begin" : 64,
      "end" : 66,
      "text" : "de",
      "whiteSpace" : false
    }, {
      "id" : "s0-t13",
      "begin" : 67,
      "end" : 74,
      "text" : "rolagem",
      "whiteSpace" : false
    }, {
      "id" : "s0-t14",
      "begin" : 75,
      "end" : 77,
      "text" : "da",
      "whiteSpace" : false
    }, {
      "id" : "s0-t15",
      "begin" : 78,
      "end" : 88,
      "text" : "carroceria",
      "whiteSpace" : false
    }, {
      "id" : "s0-t16",
      "begin" : 89,
      "end" : 91,
      "text" : "em",
      "whiteSpace" : false
    }, {
      "id" : "s0-t17",
      "begin" : 92,
      "end" : 98,
      "text" : "curvas",
      "whiteSpace" : false
    }, {
      "id" : "s0-t18",
      "begin" : 99,
      "end" : 109,
      "text" : "acentuadas",
      "whiteSpace" : false
    }, {
      "id" : "s0-t19",
      "begin" : 109,
      "end" : 110,
      "text" : ".",
      "whiteSpace" : false
    } ]
  }, {
    "id" : "s1",
    "begin" : 111,
    "end" : 198,
    "text" : "A suspensão é muito macia e com um ótimo motor com desempenho bom para o peso do carro.",
    "tokens" : [ {
      "id" : "s1-t0",
      "begin" : 111,
      "end" : 112,
      "text" : "A",
      "whiteSpace" : false
    }, {
      "id" : "s1-t1",
      "begin" : 113,
      "end" : 122,
      "text" : "suspensão",
      "whiteSpace" : false
    }, {
      "id" : "s1-t2",
      "begin" : 123,
      "end" : 124,
      "text" : "é",
      "whiteSpace" : false
    }, {
      "id" : "s1-t3",
      "begin" : 125,
      "end" : 130,
      "text" : "muito",
      "whiteSpace" : false
    }, {
      "id" : "s1-t4",
      "begin" : 131,
      "end" : 136,
      "text" : "macia",
      "whiteSpace" : false
    }, {
      "id" : "s1-t5",
      "begin" : 137,
      "end" : 138,
      "text" : "e",
      "whiteSpace" : false
    }, {
      "id" : "s1-t6",
      "begin" : 139,
      "end" : 142,
      "text" : "com",
      "whiteSpace" : false
    }, {
      "id" : "s1-t7",
      "begin" : 143,
      "end" : 145,
      "text" : "um",
      "whiteSpace" : false
    }, {
      "id" : "s1-t8",
      "begin" : 146,
      "end" : 151,
      "text" : "ótimo",
      "whiteSpace" : false
    }, {
      "id" : "s1-t9",
      "begin" : 152,
      "end" : 157,
      "text" : "motor",
      "whiteSpace" : false
    }, {
      "id" : "s1-t10",
      "begin" : 158,
      "end" : 161,
      "text" : "com",
      "whiteSpace" : false
    }, {
      "id" : "s1-t11",
      "begin" : 162,
      "end" : 172,
      "text" : "desempenho",
      "whiteSpace" : false
    }, {
      "id" : "s1-t12",
      "begin" : 173,
      "end" : 176,
      "text" : "bom",
      "whiteSpace" : false
    }, {
      "id" : "s1-t13",
      "begin" : 177,
      "end" : 181,
      "text" : "para",
      "whiteSpace" : false
    }, {
      "id" : "s1-t14",
      "begin" : 182,
      "end" : 183,
      "text" : "o",
      "whiteSpace" : false
    }, {
      "id" : "s1-t15",
      "begin" : 184,
      "end" : 188,
      "text" : "peso",
      "whiteSpace" : false
    }, {
      "id" : "s1-t16",
      "begin" : 189,
      "end" : 191,
      "text" : "do",
      "whiteSpace" : false
    }, {
      "id" : "s1-t17",
      "begin" : 192,
      "end" : 197,
      "text" : "carro",
      "whiteSpace" : false
    }, {
      "id" : "s1-t18",
      "begin" : 197,
      "end" : 198,
      "text" : ".",
      "whiteSpace" : false
    } ]
  }, {
    "id" : "s2",
    "begin" : 199,
    "end" : 235,
    "text" : "O espaço no porta-malas é excelente.",
    "tokens" : [ {
      "id" : "s2-t0",
      "begin" : 199,
      "end" : 200,
      "text" : "O",
      "whiteSpace" : false
    }, {
      "id" : "s2-t1",
      "begin" : 201,
      "end" : 207,
      "text" : "espaço",
      "whiteSpace" : false
    }, {
      "id" : "s2-t2",
      "begin" : 208,
      "end" : 210,
      "text" : "no",
      "whiteSpace" : false
    }, {
      "id" : "s2-t3",
      "begin" : 211,
      "end" : 222,
      "text" : "porta-malas",
      "whiteSpace" : false
    }, {
      "id" : "s2-t4",
      "begin" : 223,
      "end" : 224,
      "text" : "é",
      "whiteSpace" : false
    }, {
      "id" : "s2-t5",
      "begin" : 225,
      "end" : 234,
      "text" : "excelente",
      "whiteSpace" : false
    }, {
      "id" : "s2-t6",
      "begin" : 234,
      "end" : 235,
      "text" : ".",
      "whiteSpace" : false
    } ]
  } ],
  "mentions" : [ {
    "id" : "s0-m3",
    "properties" : {
      "SIRE_MENTION_ROLE" : "MODELO",
      "SIRE_ENTITY_SUBTYPE" : "NONE",
      "SIRE_MENTION_TYPE" : "NONE",
      "SIRE_MENTION_CLASS" : "SPC"
    },
    "type" : "MODELO",
    "begin" : 2,
    "end" : 7,
    "inCoref" : false
  }, {
    "id" : "s1-m1",
    "properties" : {
      "SIRE_MENTION_ROLE" : "CONFORTO",
      "SIRE_ENTITY_SUBTYPE" : "NONE",
      "SIRE_MENTION_TYPE" : "NONE",
      "SIRE_MENTION_CLASS" : "SPC"
    },
    "type" : "CONFORTO",
    "begin" : 113,
    "end" : 122,
    "inCoref" : false
  }, {
    "id" : "s1-m2",
    "properties" : {
      "SIRE_MENTION_ROLE" : "DESEMPENHO",
      "SIRE_ENTITY_SUBTYPE" : "NONE",
      "SIRE_MENTION_TYPE" : "NONE",
      "SIRE_MENTION_CLASS" : "SPC"
    },
    "type" : "DESEMPENHO",
    "begin" : 152,
    "end" : 157,
    "inCoref" : false
  }, {
    "id" : "s1-m3",
    "properties" : {
      "SIRE_MENTION_ROLE" : "DESEMPENHO",
      "SIRE_ENTITY_SUBTYPE" : "NONE",
      "SIRE_MENTION_TYPE" : "NONE",
      "SIRE_MENTION_CLASS" : "SPC"
    },
    "type" : "DESEMPENHO",
    "begin" : 162,
    "end" : 172,
    "inCoref" : false
  }, {
    "id" : "s2-m1",
    "properties" : {
      "SIRE_MENTION_ROLE" : "CONFORTO",
      "SIRE_ENTITY_SUBTYPE" : "NONE",
      "SIRE_MENTION_TYPE" : "NONE",
      "SIRE_MENTION_CLASS" : "SPC"
    },
    "type" : "CONFORTO",
    "begin" : 211,
    "end" : 222,
    "inCoref" : false
  } ],
  "relations" : [ ],
  "corefs" : [ ],
  "typeResolved" : true,
  "userResolved" : false
}