{
  "id" : "a2e93d50-f6cb-11ea-9b27-75c700284c8b-49",
  "name" : "train_43.txt",
  "createdDate" : 0,
  "version" : 3,
  "text" : "O Marea possui bom desempenho em área urbana e rodovias, boa estabilidade. Tem um consumo baixo para um carro desse porte, com um belo acabamento interno. Estilo e conforto inquestionáveis, é um carro que possui um bom espaço interno ótimo para viagens.\r\n",
  "docLength" : 0,
  "language" : "PT",
  "status" : "SUBMITTED",
  "modifiedDate" : 1600307888357,
  "documentSet" : [ ],
  "preannotation" : [ ],
  "sentences" : [ {
    "id" : "s0",
    "begin" : 0,
    "end" : 74,
    "text" : "O Marea possui bom desempenho em área urbana e rodovias, boa estabilidade.",
    "tokens" : [ {
      "id" : "s0-t0",
      "begin" : 0,
      "end" : 1,
      "text" : "O",
      "whiteSpace" : false
    }, {
      "id" : "s0-t1",
      "begin" : 2,
      "end" : 7,
      "text" : "Marea",
      "whiteSpace" : false
    }, {
      "id" : "s0-t2",
      "begin" : 8,
      "end" : 14,
      "text" : "possui",
      "whiteSpace" : false
    }, {
      "id" : "s0-t3",
      "begin" : 15,
      "end" : 18,
      "text" : "bom",
      "whiteSpace" : false
    }, {
      "id" : "s0-t4",
      "begin" : 19,
      "end" : 29,
      "text" : "desempenho",
      "whiteSpace" : false
    }, {
      "id" : "s0-t5",
      "begin" : 30,
      "end" : 32,
      "text" : "em",
      "whiteSpace" : false
    }, {
      "id" : "s0-t6",
      "begin" : 33,
      "end" : 37,
      "text" : "área",
      "whiteSpace" : false
    }, {
      "id" : "s0-t7",
      "begin" : 38,
      "end" : 44,
      "text" : "urbana",
      "whiteSpace" : false
    }, {
      "id" : "s0-t8",
      "begin" : 45,
      "end" : 46,
      "text" : "e",
      "whiteSpace" : false
    }, {
      "id" : "s0-t9",
      "begin" : 47,
      "end" : 55,
      "text" : "rodovias",
      "whiteSpace" : false
    }, {
      "id" : "s0-t10",
      "begin" : 55,
      "end" : 56,
      "text" : ",",
      "whiteSpace" : false
    }, {
      "id" : "s0-t11",
      "begin" : 57,
      "end" : 60,
      "text" : "boa",
      "whiteSpace" : false
    }, {
      "id" : "s0-t12",
      "begin" : 61,
      "end" : 73,
      "text" : "estabilidade",
      "whiteSpace" : false
    }, {
      "id" : "s0-t13",
      "begin" : 73,
      "end" : 74,
      "text" : ".",
      "whiteSpace" : false
    } ]
  }, {
    "id" : "s1",
    "begin" : 75,
    "end" : 154,
    "text" : "Tem um consumo baixo para um carro desse porte, com um belo acabamento interno.",
    "tokens" : [ {
      "id" : "s1-t0",
      "begin" : 75,
      "end" : 78,
      "text" : "Tem",
      "whiteSpace" : false
    }, {
      "id" : "s1-t1",
      "begin" : 79,
      "end" : 81,
      "text" : "um",
      "whiteSpace" : false
    }, {
      "id" : "s1-t2",
      "begin" : 82,
      "end" : 89,
      "text" : "consumo",
      "whiteSpace" : false
    }, {
      "id" : "s1-t3",
      "begin" : 90,
      "end" : 95,
      "text" : "baixo",
      "whiteSpace" : false
    }, {
      "id" : "s1-t4",
      "begin" : 96,
      "end" : 100,
      "text" : "para",
      "whiteSpace" : false
    }, {
      "id" : "s1-t5",
      "begin" : 101,
      "end" : 103,
      "text" : "um",
      "whiteSpace" : false
    }, {
      "id" : "s1-t6",
      "begin" : 104,
      "end" : 109,
      "text" : "carro",
      "whiteSpace" : false
    }, {
      "id" : "s1-t7",
      "begin" : 110,
      "end" : 115,
      "text" : "desse",
      "whiteSpace" : false
    }, {
      "id" : "s1-t8",
      "begin" : 116,
      "end" : 121,
      "text" : "porte",
      "whiteSpace" : false
    }, {
      "id" : "s1-t9",
      "begin" : 121,
      "end" : 122,
      "text" : ",",
      "whiteSpace" : false
    }, {
      "id" : "s1-t10",
      "begin" : 123,
      "end" : 126,
      "text" : "com",
      "whiteSpace" : false
    }, {
      "id" : "s1-t11",
      "begin" : 127,
      "end" : 129,
      "text" : "um",
      "whiteSpace" : false
    }, {
      "id" : "s1-t12",
      "begin" : 130,
      "end" : 134,
      "text" : "belo",
      "whiteSpace" : false
    }, {
      "id" : "s1-t13",
      "begin" : 135,
      "end" : 145,
      "text" : "acabamento",
      "whiteSpace" : false
    }, {
      "id" : "s1-t14",
      "begin" : 146,
      "end" : 153,
      "text" : "interno",
      "whiteSpace" : false
    }, {
      "id" : "s1-t15",
      "begin" : 153,
      "end" : 154,
      "text" : ".",
      "whiteSpace" : false
    } ]
  }, {
    "id" : "s2",
    "begin" : 155,
    "end" : 253,
    "text" : "Estilo e conforto inquestionáveis, é um carro que possui um bom espaço interno ótimo para viagens.",
    "tokens" : [ {
      "id" : "s2-t0",
      "begin" : 155,
      "end" : 161,
      "text" : "Estilo",
      "whiteSpace" : false
    }, {
      "id" : "s2-t1",
      "begin" : 162,
      "end" : 163,
      "text" : "e",
      "whiteSpace" : false
    }, {
      "id" : "s2-t2",
      "begin" : 164,
      "end" : 172,
      "text" : "conforto",
      "whiteSpace" : false
    }, {
      "id" : "s2-t3",
      "begin" : 173,
      "end" : 188,
      "text" : "inquestionáveis",
      "whiteSpace" : false
    }, {
      "id" : "s2-t4",
      "begin" : 188,
      "end" : 189,
      "text" : ",",
      "whiteSpace" : false
    }, {
      "id" : "s2-t5",
      "begin" : 190,
      "end" : 191,
      "text" : "é",
      "whiteSpace" : false
    }, {
      "id" : "s2-t6",
      "begin" : 192,
      "end" : 194,
      "text" : "um",
      "whiteSpace" : false
    }, {
      "id" : "s2-t7",
      "begin" : 195,
      "end" : 200,
      "text" : "carro",
      "whiteSpace" : false
    }, {
      "id" : "s2-t8",
      "begin" : 201,
      "end" : 204,
      "text" : "que",
      "whiteSpace" : false
    }, {
      "id" : "s2-t9",
      "begin" : 205,
      "end" : 211,
      "text" : "possui",
      "whiteSpace" : false
    }, {
      "id" : "s2-t10",
      "begin" : 212,
      "end" : 214,
      "text" : "um",
      "whiteSpace" : false
    }, {
      "id" : "s2-t11",
      "begin" : 215,
      "end" : 218,
      "text" : "bom",
      "whiteSpace" : false
    }, {
      "id" : "s2-t12",
      "begin" : 219,
      "end" : 225,
      "text" : "espaço",
      "whiteSpace" : false
    }, {
      "id" : "s2-t13",
      "begin" : 226,
      "end" : 233,
      "text" : "interno",
      "whiteSpace" : false
    }, {
      "id" : "s2-t14",
      "begin" : 234,
      "end" : 239,
      "text" : "ótimo",
      "whiteSpace" : false
    }, {
      "id" : "s2-t15",
      "begin" : 240,
      "end" : 244,
      "text" : "para",
      "whiteSpace" : false
    }, {
      "id" : "s2-t16",
      "begin" : 245,
      "end" : 252,
      "text" : "viagens",
      "whiteSpace" : false
    }, {
      "id" : "s2-t17",
      "begin" : 252,
      "end" : 253,
      "text" : ".",
      "whiteSpace" : false
    } ]
  } ],
  "mentions" : [ {
    "id" : "s0-m3",
    "properties" : {
      "SIRE_MENTION_ROLE" : "MODELO",
      "SIRE_ENTITY_SUBTYPE" : "NONE",
      "SIRE_MENTION_TYPE" : "NONE",
      "SIRE_MENTION_CLASS" : "SPC"
    },
    "type" : "MODELO",
    "begin" : 2,
    "end" : 7,
    "inCoref" : false
  }, {
    "id" : "s0-m2",
    "properties" : {
      "SIRE_MENTION_ROLE" : "DESEMPENHO",
      "SIRE_ENTITY_SUBTYPE" : "NONE",
      "SIRE_MENTION_TYPE" : "NONE",
      "SIRE_MENTION_CLASS" : "SPC"
    },
    "type" : "DESEMPENHO",
    "begin" : 19,
    "end" : 29,
    "inCoref" : false
  }, {
    "id" : "s1-m1",
    "properties" : {
      "SIRE_MENTION_ROLE" : "CONSUMO",
      "SIRE_ENTITY_SUBTYPE" : "NONE",
      "SIRE_MENTION_TYPE" : "NONE",
      "SIRE_MENTION_CLASS" : "SPC"
    },
    "type" : "CONSUMO",
    "begin" : 82,
    "end" : 89,
    "inCoref" : false
  }, {
    "id" : "s1-m3",
    "properties" : {
      "SIRE_MENTION_ROLE" : "DESIGN",
      "SIRE_ENTITY_SUBTYPE" : "NONE",
      "SIRE_MENTION_TYPE" : "NONE",
      "SIRE_MENTION_CLASS" : "SPC"
    },
    "type" : "DESIGN",
    "begin" : 135,
    "end" : 153,
    "inCoref" : false
  }, {
    "id" : "s2-m1",
    "properties" : {
      "SIRE_MENTION_ROLE" : "DESIGN",
      "SIRE_ENTITY_SUBTYPE" : "NONE",
      "SIRE_MENTION_TYPE" : "NONE",
      "SIRE_MENTION_CLASS" : "SPC"
    },
    "type" : "DESIGN",
    "begin" : 155,
    "end" : 161,
    "inCoref" : false
  }, {
    "id" : "s2-m2",
    "properties" : {
      "SIRE_MENTION_ROLE" : "CONFORTO",
      "SIRE_ENTITY_SUBTYPE" : "NONE",
      "SIRE_MENTION_TYPE" : "NONE",
      "SIRE_MENTION_CLASS" : "SPC"
    },
    "type" : "CONFORTO",
    "begin" : 164,
    "end" : 172,
    "inCoref" : false
  }, {
    "id" : "s2-m3",
    "properties" : {
      "SIRE_MENTION_ROLE" : "CONFORTO",
      "SIRE_ENTITY_SUBTYPE" : "NONE",
      "SIRE_MENTION_TYPE" : "NONE",
      "SIRE_MENTION_CLASS" : "SPC"
    },
    "type" : "CONFORTO",
    "begin" : 219,
    "end" : 233,
    "inCoref" : false
  } ],
  "relations" : [ ],
  "corefs" : [ ],
  "typeResolved" : true,
  "userResolved" : false
}