{
  "id" : "a2e93d50-f6cb-11ea-9b27-75c700284c8b-87",
  "name" : "train_81.txt",
  "createdDate" : 0,
  "version" : 3,
  "text" : "O Fiat Ducato 2020 manteve o propulsor diesel 2.3 Multijet II da geração anterior do produto, já que se trata de um motor atual e comercializado no mercado brasileiro há bastante tempo, entregando 130 cavalos de potência, a 3.600 rpm, e 32,6 kgfm de torque, a 1.800 rpm, associado a um câmbio manual de seis velocidades e tração dianteira.\r\n",
  "docLength" : 0,
  "language" : "PT",
  "status" : "SUBMITTED",
  "modifiedDate" : 1600309398954,
  "documentSet" : [ ],
  "preannotation" : [ ],
  "sentences" : [ {
    "id" : "s0",
    "begin" : 0,
    "end" : 339,
    "text" : "O Fiat Ducato 2020 manteve o propulsor diesel 2.3 Multijet II da geração anterior do produto, já que se trata de um motor atual e comercializado no mercado brasileiro há bastante tempo, entregando 130 cavalos de potência, a 3.600 rpm, e 32,6 kgfm de torque, a 1.800 rpm, associado a um câmbio manual de seis velocidades e tração dianteira.",
    "tokens" : [ {
      "id" : "s0-t0",
      "begin" : 0,
      "end" : 1,
      "text" : "O",
      "whiteSpace" : false
    }, {
      "id" : "s0-t1",
      "begin" : 2,
      "end" : 6,
      "text" : "Fiat",
      "whiteSpace" : false
    }, {
      "id" : "s0-t2",
      "begin" : 7,
      "end" : 13,
      "text" : "Ducato",
      "whiteSpace" : false
    }, {
      "id" : "s0-t3",
      "begin" : 14,
      "end" : 18,
      "text" : "2020",
      "whiteSpace" : false
    }, {
      "id" : "s0-t4",
      "begin" : 19,
      "end" : 26,
      "text" : "manteve",
      "whiteSpace" : false
    }, {
      "id" : "s0-t5",
      "begin" : 27,
      "end" : 28,
      "text" : "o",
      "whiteSpace" : false
    }, {
      "id" : "s0-t6",
      "begin" : 29,
      "end" : 38,
      "text" : "propulsor",
      "whiteSpace" : false
    }, {
      "id" : "s0-t7",
      "begin" : 39,
      "end" : 45,
      "text" : "diesel",
      "whiteSpace" : false
    }, {
      "id" : "s0-t8",
      "begin" : 46,
      "end" : 49,
      "text" : "2.3",
      "whiteSpace" : false
    }, {
      "id" : "s0-t9",
      "begin" : 50,
      "end" : 58,
      "text" : "Multijet",
      "whiteSpace" : false
    }, {
      "id" : "s0-t10",
      "begin" : 59,
      "end" : 61,
      "text" : "II",
      "whiteSpace" : false
    }, {
      "id" : "s0-t11",
      "begin" : 62,
      "end" : 64,
      "text" : "da",
      "whiteSpace" : false
    }, {
      "id" : "s0-t12",
      "begin" : 65,
      "end" : 72,
      "text" : "geração",
      "whiteSpace" : false
    }, {
      "id" : "s0-t13",
      "begin" : 73,
      "end" : 81,
      "text" : "anterior",
      "whiteSpace" : false
    }, {
      "id" : "s0-t14",
      "begin" : 82,
      "end" : 84,
      "text" : "do",
      "whiteSpace" : false
    }, {
      "id" : "s0-t15",
      "begin" : 85,
      "end" : 92,
      "text" : "produto",
      "whiteSpace" : false
    }, {
      "id" : "s0-t16",
      "begin" : 92,
      "end" : 93,
      "text" : ",",
      "whiteSpace" : false
    }, {
      "id" : "s0-t17",
      "begin" : 94,
      "end" : 96,
      "text" : "já",
      "whiteSpace" : false
    }, {
      "id" : "s0-t18",
      "begin" : 97,
      "end" : 100,
      "text" : "que",
      "whiteSpace" : false
    }, {
      "id" : "s0-t19",
      "begin" : 101,
      "end" : 103,
      "text" : "se",
      "whiteSpace" : false
    }, {
      "id" : "s0-t20",
      "begin" : 104,
      "end" : 109,
      "text" : "trata",
      "whiteSpace" : false
    }, {
      "id" : "s0-t21",
      "begin" : 110,
      "end" : 112,
      "text" : "de",
      "whiteSpace" : false
    }, {
      "id" : "s0-t22",
      "begin" : 113,
      "end" : 115,
      "text" : "um",
      "whiteSpace" : false
    }, {
      "id" : "s0-t23",
      "begin" : 116,
      "end" : 121,
      "text" : "motor",
      "whiteSpace" : false
    }, {
      "id" : "s0-t24",
      "begin" : 122,
      "end" : 127,
      "text" : "atual",
      "whiteSpace" : false
    }, {
      "id" : "s0-t25",
      "begin" : 128,
      "end" : 129,
      "text" : "e",
      "whiteSpace" : false
    }, {
      "id" : "s0-t26",
      "begin" : 130,
      "end" : 144,
      "text" : "comercializado",
      "whiteSpace" : false
    }, {
      "id" : "s0-t27",
      "begin" : 145,
      "end" : 147,
      "text" : "no",
      "whiteSpace" : false
    }, {
      "id" : "s0-t28",
      "begin" : 148,
      "end" : 155,
      "text" : "mercado",
      "whiteSpace" : false
    }, {
      "id" : "s0-t29",
      "begin" : 156,
      "end" : 166,
      "text" : "brasileiro",
      "whiteSpace" : false
    }, {
      "id" : "s0-t30",
      "begin" : 167,
      "end" : 169,
      "text" : "há",
      "whiteSpace" : false
    }, {
      "id" : "s0-t31",
      "begin" : 170,
      "end" : 178,
      "text" : "bastante",
      "whiteSpace" : false
    }, {
      "id" : "s0-t32",
      "begin" : 179,
      "end" : 184,
      "text" : "tempo",
      "whiteSpace" : false
    }, {
      "id" : "s0-t33",
      "begin" : 184,
      "end" : 185,
      "text" : ",",
      "whiteSpace" : false
    }, {
      "id" : "s0-t34",
      "begin" : 186,
      "end" : 196,
      "text" : "entregando",
      "whiteSpace" : false
    }, {
      "id" : "s0-t35",
      "begin" : 197,
      "end" : 200,
      "text" : "130",
      "whiteSpace" : false
    }, {
      "id" : "s0-t36",
      "begin" : 201,
      "end" : 208,
      "text" : "cavalos",
      "whiteSpace" : false
    }, {
      "id" : "s0-t37",
      "begin" : 209,
      "end" : 211,
      "text" : "de",
      "whiteSpace" : false
    }, {
      "id" : "s0-t38",
      "begin" : 212,
      "end" : 220,
      "text" : "potência",
      "whiteSpace" : false
    }, {
      "id" : "s0-t39",
      "begin" : 220,
      "end" : 221,
      "text" : ",",
      "whiteSpace" : false
    }, {
      "id" : "s0-t40",
      "begin" : 222,
      "end" : 223,
      "text" : "a",
      "whiteSpace" : false
    }, {
      "id" : "s0-t41",
      "begin" : 224,
      "end" : 229,
      "text" : "3.600",
      "whiteSpace" : false
    }, {
      "id" : "s0-t42",
      "begin" : 230,
      "end" : 233,
      "text" : "rpm",
      "whiteSpace" : false
    }, {
      "id" : "s0-t43",
      "begin" : 233,
      "end" : 234,
      "text" : ",",
      "whiteSpace" : false
    }, {
      "id" : "s0-t44",
      "begin" : 235,
      "end" : 236,
      "text" : "e",
      "whiteSpace" : false
    }, {
      "id" : "s0-t45",
      "begin" : 237,
      "end" : 241,
      "text" : "32,6",
      "whiteSpace" : false
    }, {
      "id" : "s0-t46",
      "begin" : 242,
      "end" : 246,
      "text" : "kgfm",
      "whiteSpace" : false
    }, {
      "id" : "s0-t47",
      "begin" : 247,
      "end" : 249,
      "text" : "de",
      "whiteSpace" : false
    }, {
      "id" : "s0-t48",
      "begin" : 250,
      "end" : 256,
      "text" : "torque",
      "whiteSpace" : false
    }, {
      "id" : "s0-t49",
      "begin" : 256,
      "end" : 257,
      "text" : ",",
      "whiteSpace" : false
    }, {
      "id" : "s0-t50",
      "begin" : 258,
      "end" : 259,
      "text" : "a",
      "whiteSpace" : false
    }, {
      "id" : "s0-t51",
      "begin" : 260,
      "end" : 265,
      "text" : "1.800",
      "whiteSpace" : false
    }, {
      "id" : "s0-t52",
      "begin" : 266,
      "end" : 269,
      "text" : "rpm",
      "whiteSpace" : false
    }, {
      "id" : "s0-t53",
      "begin" : 269,
      "end" : 270,
      "text" : ",",
      "whiteSpace" : false
    }, {
      "id" : "s0-t54",
      "begin" : 271,
      "end" : 280,
      "text" : "associado",
      "whiteSpace" : false
    }, {
      "id" : "s0-t55",
      "begin" : 281,
      "end" : 282,
      "text" : "a",
      "whiteSpace" : false
    }, {
      "id" : "s0-t56",
      "begin" : 283,
      "end" : 285,
      "text" : "um",
      "whiteSpace" : false
    }, {
      "id" : "s0-t57",
      "begin" : 286,
      "end" : 292,
      "text" : "câmbio",
      "whiteSpace" : false
    }, {
      "id" : "s0-t58",
      "begin" : 293,
      "end" : 299,
      "text" : "manual",
      "whiteSpace" : false
    }, {
      "id" : "s0-t59",
      "begin" : 300,
      "end" : 302,
      "text" : "de",
      "whiteSpace" : false
    }, {
      "id" : "s0-t60",
      "begin" : 303,
      "end" : 307,
      "text" : "seis",
      "whiteSpace" : false
    }, {
      "id" : "s0-t61",
      "begin" : 308,
      "end" : 319,
      "text" : "velocidades",
      "whiteSpace" : false
    }, {
      "id" : "s0-t62",
      "begin" : 320,
      "end" : 321,
      "text" : "e",
      "whiteSpace" : false
    }, {
      "id" : "s0-t63",
      "begin" : 322,
      "end" : 328,
      "text" : "tração",
      "whiteSpace" : false
    }, {
      "id" : "s0-t64",
      "begin" : 329,
      "end" : 338,
      "text" : "dianteira",
      "whiteSpace" : false
    }, {
      "id" : "s0-t65",
      "begin" : 338,
      "end" : 339,
      "text" : ".",
      "whiteSpace" : false
    } ]
  } ],
  "mentions" : [ {
    "id" : "s0-m4",
    "properties" : {
      "SIRE_MENTION_ROLE" : "MODELO",
      "SIRE_ENTITY_SUBTYPE" : "NONE",
      "SIRE_MENTION_TYPE" : "NONE",
      "SIRE_MENTION_CLASS" : "SPC"
    },
    "type" : "MODELO",
    "begin" : 7,
    "end" : 13,
    "inCoref" : false
  }, {
    "id" : "s0-m2",
    "properties" : {
      "SIRE_MENTION_ROLE" : "DESEMPENHO",
      "SIRE_ENTITY_SUBTYPE" : "NONE",
      "SIRE_MENTION_TYPE" : "NONE",
      "SIRE_MENTION_CLASS" : "SPC"
    },
    "type" : "DESEMPENHO",
    "begin" : 116,
    "end" : 121,
    "inCoref" : false
  }, {
    "id" : "s0-m6",
    "properties" : {
      "SIRE_MENTION_ROLE" : "DESEMPENHO",
      "SIRE_ENTITY_SUBTYPE" : "NONE",
      "SIRE_MENTION_TYPE" : "NONE",
      "SIRE_MENTION_CLASS" : "SPC"
    },
    "type" : "DESEMPENHO",
    "begin" : 212,
    "end" : 220,
    "inCoref" : false
  }, {
    "id" : "s0-m7",
    "properties" : {
      "SIRE_MENTION_ROLE" : "DESEMPENHO",
      "SIRE_ENTITY_SUBTYPE" : "NONE",
      "SIRE_MENTION_TYPE" : "NONE",
      "SIRE_MENTION_CLASS" : "SPC"
    },
    "type" : "DESEMPENHO",
    "begin" : 250,
    "end" : 256,
    "inCoref" : false
  }, {
    "id" : "s0-m3",
    "properties" : {
      "SIRE_MENTION_ROLE" : "CONFORTO",
      "SIRE_ENTITY_SUBTYPE" : "NONE",
      "SIRE_MENTION_TYPE" : "NONE",
      "SIRE_MENTION_CLASS" : "SPC"
    },
    "type" : "CONFORTO",
    "begin" : 286,
    "end" : 292,
    "inCoref" : false
  }, {
    "id" : "s0-m5",
    "properties" : {
      "SIRE_MENTION_ROLE" : "SEGURANCA",
      "SIRE_ENTITY_SUBTYPE" : "NONE",
      "SIRE_MENTION_TYPE" : "NONE",
      "SIRE_MENTION_CLASS" : "SPC"
    },
    "type" : "SEGURANCA",
    "begin" : 322,
    "end" : 328,
    "inCoref" : false
  } ],
  "relations" : [ ],
  "corefs" : [ ],
  "typeResolved" : true,
  "userResolved" : false
}