{
  "id" : "a2e93d50-f6cb-11ea-9b27-75c700284c8b-40",
  "name" : "train_34.txt",
  "createdDate" : 0,
  "version" : 3,
  "text" : "Manutenção é um ponto desastroso para o Linea HLX: peças caras, mão de obra sempre tem um custo alto, e apresenta defeitos bizarros. Como ele é baixo, o uso em estradas de terra faz com que o abafador resvale em pedras, e a vida-útil das peças seja bem menor. O motor tem pouco torque em baixa, apesar de ser um verdadeiro monstro em ultrapassagens.\r\n",
  "docLength" : 0,
  "language" : "PT",
  "status" : "SUBMITTED",
  "modifiedDate" : 1600307517019,
  "documentSet" : [ ],
  "preannotation" : [ ],
  "sentences" : [ {
    "id" : "s0",
    "begin" : 0,
    "end" : 132,
    "text" : "Manutenção é um ponto desastroso para o Linea HLX: peças caras, mão de obra sempre tem um custo alto, e apresenta defeitos bizarros.",
    "tokens" : [ {
      "id" : "s0-t0",
      "begin" : 0,
      "end" : 10,
      "text" : "Manutenção",
      "whiteSpace" : false
    }, {
      "id" : "s0-t1",
      "begin" : 11,
      "end" : 12,
      "text" : "é",
      "whiteSpace" : false
    }, {
      "id" : "s0-t2",
      "begin" : 13,
      "end" : 15,
      "text" : "um",
      "whiteSpace" : false
    }, {
      "id" : "s0-t3",
      "begin" : 16,
      "end" : 21,
      "text" : "ponto",
      "whiteSpace" : false
    }, {
      "id" : "s0-t4",
      "begin" : 22,
      "end" : 32,
      "text" : "desastroso",
      "whiteSpace" : false
    }, {
      "id" : "s0-t5",
      "begin" : 33,
      "end" : 37,
      "text" : "para",
      "whiteSpace" : false
    }, {
      "id" : "s0-t6",
      "begin" : 38,
      "end" : 39,
      "text" : "o",
      "whiteSpace" : false
    }, {
      "id" : "s0-t7",
      "begin" : 40,
      "end" : 45,
      "text" : "Linea",
      "whiteSpace" : false
    }, {
      "id" : "s0-t8",
      "begin" : 46,
      "end" : 49,
      "text" : "HLX",
      "whiteSpace" : false
    }, {
      "id" : "s0-t9",
      "begin" : 49,
      "end" : 50,
      "text" : ":",
      "whiteSpace" : false
    }, {
      "id" : "s0-t10",
      "begin" : 51,
      "end" : 56,
      "text" : "peças",
      "whiteSpace" : false
    }, {
      "id" : "s0-t11",
      "begin" : 57,
      "end" : 62,
      "text" : "caras",
      "whiteSpace" : false
    }, {
      "id" : "s0-t12",
      "begin" : 62,
      "end" : 63,
      "text" : ",",
      "whiteSpace" : false
    }, {
      "id" : "s0-t13",
      "begin" : 64,
      "end" : 67,
      "text" : "mão",
      "whiteSpace" : false
    }, {
      "id" : "s0-t14",
      "begin" : 68,
      "end" : 70,
      "text" : "de",
      "whiteSpace" : false
    }, {
      "id" : "s0-t15",
      "begin" : 71,
      "end" : 75,
      "text" : "obra",
      "whiteSpace" : false
    }, {
      "id" : "s0-t16",
      "begin" : 76,
      "end" : 82,
      "text" : "sempre",
      "whiteSpace" : false
    }, {
      "id" : "s0-t17",
      "begin" : 83,
      "end" : 86,
      "text" : "tem",
      "whiteSpace" : false
    }, {
      "id" : "s0-t18",
      "begin" : 87,
      "end" : 89,
      "text" : "um",
      "whiteSpace" : false
    }, {
      "id" : "s0-t19",
      "begin" : 90,
      "end" : 95,
      "text" : "custo",
      "whiteSpace" : false
    }, {
      "id" : "s0-t20",
      "begin" : 96,
      "end" : 100,
      "text" : "alto",
      "whiteSpace" : false
    }, {
      "id" : "s0-t21",
      "begin" : 100,
      "end" : 101,
      "text" : ",",
      "whiteSpace" : false
    }, {
      "id" : "s0-t22",
      "begin" : 102,
      "end" : 103,
      "text" : "e",
      "whiteSpace" : false
    }, {
      "id" : "s0-t23",
      "begin" : 104,
      "end" : 113,
      "text" : "apresenta",
      "whiteSpace" : false
    }, {
      "id" : "s0-t24",
      "begin" : 114,
      "end" : 122,
      "text" : "defeitos",
      "whiteSpace" : false
    }, {
      "id" : "s0-t25",
      "begin" : 123,
      "end" : 131,
      "text" : "bizarros",
      "whiteSpace" : false
    }, {
      "id" : "s0-t26",
      "begin" : 131,
      "end" : 132,
      "text" : ".",
      "whiteSpace" : false
    } ]
  }, {
    "id" : "s1",
    "begin" : 133,
    "end" : 259,
    "text" : "Como ele é baixo, o uso em estradas de terra faz com que o abafador resvale em pedras, e a vida-útil das peças seja bem menor.",
    "tokens" : [ {
      "id" : "s1-t0",
      "begin" : 133,
      "end" : 137,
      "text" : "Como",
      "whiteSpace" : false
    }, {
      "id" : "s1-t1",
      "begin" : 138,
      "end" : 141,
      "text" : "ele",
      "whiteSpace" : false
    }, {
      "id" : "s1-t2",
      "begin" : 142,
      "end" : 143,
      "text" : "é",
      "whiteSpace" : false
    }, {
      "id" : "s1-t3",
      "begin" : 144,
      "end" : 149,
      "text" : "baixo",
      "whiteSpace" : false
    }, {
      "id" : "s1-t4",
      "begin" : 149,
      "end" : 150,
      "text" : ",",
      "whiteSpace" : false
    }, {
      "id" : "s1-t5",
      "begin" : 151,
      "end" : 152,
      "text" : "o",
      "whiteSpace" : false
    }, {
      "id" : "s1-t6",
      "begin" : 153,
      "end" : 156,
      "text" : "uso",
      "whiteSpace" : false
    }, {
      "id" : "s1-t7",
      "begin" : 157,
      "end" : 159,
      "text" : "em",
      "whiteSpace" : false
    }, {
      "id" : "s1-t8",
      "begin" : 160,
      "end" : 168,
      "text" : "estradas",
      "whiteSpace" : false
    }, {
      "id" : "s1-t9",
      "begin" : 169,
      "end" : 171,
      "text" : "de",
      "whiteSpace" : false
    }, {
      "id" : "s1-t10",
      "begin" : 172,
      "end" : 177,
      "text" : "terra",
      "whiteSpace" : false
    }, {
      "id" : "s1-t11",
      "begin" : 178,
      "end" : 181,
      "text" : "faz",
      "whiteSpace" : false
    }, {
      "id" : "s1-t12",
      "begin" : 182,
      "end" : 185,
      "text" : "com",
      "whiteSpace" : false
    }, {
      "id" : "s1-t13",
      "begin" : 186,
      "end" : 189,
      "text" : "que",
      "whiteSpace" : false
    }, {
      "id" : "s1-t14",
      "begin" : 190,
      "end" : 191,
      "text" : "o",
      "whiteSpace" : false
    }, {
      "id" : "s1-t15",
      "begin" : 192,
      "end" : 200,
      "text" : "abafador",
      "whiteSpace" : false
    }, {
      "id" : "s1-t16",
      "begin" : 201,
      "end" : 208,
      "text" : "resvale",
      "whiteSpace" : false
    }, {
      "id" : "s1-t17",
      "begin" : 209,
      "end" : 211,
      "text" : "em",
      "whiteSpace" : false
    }, {
      "id" : "s1-t18",
      "begin" : 212,
      "end" : 218,
      "text" : "pedras",
      "whiteSpace" : false
    }, {
      "id" : "s1-t19",
      "begin" : 218,
      "end" : 219,
      "text" : ",",
      "whiteSpace" : false
    }, {
      "id" : "s1-t20",
      "begin" : 220,
      "end" : 221,
      "text" : "e",
      "whiteSpace" : false
    }, {
      "id" : "s1-t21",
      "begin" : 222,
      "end" : 223,
      "text" : "a",
      "whiteSpace" : false
    }, {
      "id" : "s1-t22",
      "begin" : 224,
      "end" : 233,
      "text" : "vida-útil",
      "whiteSpace" : false
    }, {
      "id" : "s1-t23",
      "begin" : 234,
      "end" : 237,
      "text" : "das",
      "whiteSpace" : false
    }, {
      "id" : "s1-t24",
      "begin" : 238,
      "end" : 243,
      "text" : "peças",
      "whiteSpace" : false
    }, {
      "id" : "s1-t25",
      "begin" : 244,
      "end" : 248,
      "text" : "seja",
      "whiteSpace" : false
    }, {
      "id" : "s1-t26",
      "begin" : 249,
      "end" : 252,
      "text" : "bem",
      "whiteSpace" : false
    }, {
      "id" : "s1-t27",
      "begin" : 253,
      "end" : 258,
      "text" : "menor",
      "whiteSpace" : false
    }, {
      "id" : "s1-t28",
      "begin" : 258,
      "end" : 259,
      "text" : ".",
      "whiteSpace" : false
    } ]
  }, {
    "id" : "s2",
    "begin" : 260,
    "end" : 349,
    "text" : "O motor tem pouco torque em baixa, apesar de ser um verdadeiro monstro em ultrapassagens.",
    "tokens" : [ {
      "id" : "s2-t0",
      "begin" : 260,
      "end" : 261,
      "text" : "O",
      "whiteSpace" : false
    }, {
      "id" : "s2-t1",
      "begin" : 262,
      "end" : 267,
      "text" : "motor",
      "whiteSpace" : false
    }, {
      "id" : "s2-t2",
      "begin" : 268,
      "end" : 271,
      "text" : "tem",
      "whiteSpace" : false
    }, {
      "id" : "s2-t3",
      "begin" : 272,
      "end" : 277,
      "text" : "pouco",
      "whiteSpace" : false
    }, {
      "id" : "s2-t4",
      "begin" : 278,
      "end" : 284,
      "text" : "torque",
      "whiteSpace" : false
    }, {
      "id" : "s2-t5",
      "begin" : 285,
      "end" : 287,
      "text" : "em",
      "whiteSpace" : false
    }, {
      "id" : "s2-t6",
      "begin" : 288,
      "end" : 293,
      "text" : "baixa",
      "whiteSpace" : false
    }, {
      "id" : "s2-t7",
      "begin" : 293,
      "end" : 294,
      "text" : ",",
      "whiteSpace" : false
    }, {
      "id" : "s2-t8",
      "begin" : 295,
      "end" : 301,
      "text" : "apesar",
      "whiteSpace" : false
    }, {
      "id" : "s2-t9",
      "begin" : 302,
      "end" : 304,
      "text" : "de",
      "whiteSpace" : false
    }, {
      "id" : "s2-t10",
      "begin" : 305,
      "end" : 308,
      "text" : "ser",
      "whiteSpace" : false
    }, {
      "id" : "s2-t11",
      "begin" : 309,
      "end" : 311,
      "text" : "um",
      "whiteSpace" : false
    }, {
      "id" : "s2-t12",
      "begin" : 312,
      "end" : 322,
      "text" : "verdadeiro",
      "whiteSpace" : false
    }, {
      "id" : "s2-t13",
      "begin" : 323,
      "end" : 330,
      "text" : "monstro",
      "whiteSpace" : false
    }, {
      "id" : "s2-t14",
      "begin" : 331,
      "end" : 333,
      "text" : "em",
      "whiteSpace" : false
    }, {
      "id" : "s2-t15",
      "begin" : 334,
      "end" : 348,
      "text" : "ultrapassagens",
      "whiteSpace" : false
    }, {
      "id" : "s2-t16",
      "begin" : 348,
      "end" : 349,
      "text" : ".",
      "whiteSpace" : false
    } ]
  } ],
  "mentions" : [ {
    "id" : "s0-m1",
    "properties" : {
      "SIRE_MENTION_ROLE" : "MANUTENCAO",
      "SIRE_ENTITY_SUBTYPE" : "NONE",
      "SIRE_MENTION_TYPE" : "NONE",
      "SIRE_MENTION_CLASS" : "SPC"
    },
    "type" : "MANUTENCAO",
    "begin" : 0,
    "end" : 10,
    "inCoref" : false
  }, {
    "id" : "s0-m5",
    "properties" : {
      "SIRE_MENTION_ROLE" : "MODELO",
      "SIRE_ENTITY_SUBTYPE" : "NONE",
      "SIRE_MENTION_TYPE" : "NONE",
      "SIRE_MENTION_CLASS" : "SPC"
    },
    "type" : "MODELO",
    "begin" : 40,
    "end" : 45,
    "inCoref" : false
  }, {
    "id" : "s0-m3",
    "properties" : {
      "SIRE_MENTION_ROLE" : "MANUTENCAO",
      "SIRE_ENTITY_SUBTYPE" : "NONE",
      "SIRE_MENTION_TYPE" : "NONE",
      "SIRE_MENTION_CLASS" : "SPC"
    },
    "type" : "MANUTENCAO",
    "begin" : 51,
    "end" : 56,
    "inCoref" : false
  }, {
    "id" : "s0-m4",
    "properties" : {
      "SIRE_MENTION_ROLE" : "MANUTENCAO",
      "SIRE_ENTITY_SUBTYPE" : "NONE",
      "SIRE_MENTION_TYPE" : "NONE",
      "SIRE_MENTION_CLASS" : "SPC"
    },
    "type" : "MANUTENCAO",
    "begin" : 64,
    "end" : 75,
    "inCoref" : false
  }, {
    "id" : "s1-m1",
    "properties" : {
      "SIRE_MENTION_ROLE" : "MANUTENCAO",
      "SIRE_ENTITY_SUBTYPE" : "NONE",
      "SIRE_MENTION_TYPE" : "NONE",
      "SIRE_MENTION_CLASS" : "SPC"
    },
    "type" : "MANUTENCAO",
    "begin" : 238,
    "end" : 243,
    "inCoref" : false
  }, {
    "id" : "s2-m1",
    "properties" : {
      "SIRE_MENTION_ROLE" : "DESEMPENHO",
      "SIRE_ENTITY_SUBTYPE" : "NONE",
      "SIRE_MENTION_TYPE" : "NONE",
      "SIRE_MENTION_CLASS" : "SPC"
    },
    "type" : "DESEMPENHO",
    "begin" : 262,
    "end" : 267,
    "inCoref" : false
  }, {
    "id" : "s2-m2",
    "properties" : {
      "SIRE_MENTION_ROLE" : "DESEMPENHO",
      "SIRE_ENTITY_SUBTYPE" : "NONE",
      "SIRE_MENTION_TYPE" : "NONE",
      "SIRE_MENTION_CLASS" : "SPC"
    },
    "type" : "DESEMPENHO",
    "begin" : 278,
    "end" : 284,
    "inCoref" : false
  } ],
  "relations" : [ ],
  "corefs" : [ ],
  "typeResolved" : true,
  "userResolved" : false
}