{
  "id" : "a2e93d50-f6cb-11ea-9b27-75c700284c8b-23",
  "name" : "train_17.txt",
  "createdDate" : 0,
  "version" : 3,
  "text" : "Motor etorque é excelente ainda mais depois das atualizações para o Argo ficou mais potente e pela potência o carro é até econômico com o câmbio manual, e cambio muito macio, carro completo de tudo\r\n",
  "docLength" : 0,
  "language" : "PT",
  "status" : "SUBMITTED",
  "modifiedDate" : 1600306797941,
  "documentSet" : [ ],
  "preannotation" : [ ],
  "sentences" : [ {
    "id" : "s0",
    "begin" : 0,
    "end" : 197,
    "text" : "Motor etorque é excelente ainda mais depois das atualizações para o Argo ficou mais potente e pela potência o carro é até econômico com o câmbio manual, e cambio muito macio, carro completo de tudo",
    "tokens" : [ {
      "id" : "s0-t0",
      "begin" : 0,
      "end" : 5,
      "text" : "Motor",
      "whiteSpace" : false
    }, {
      "id" : "s0-t1",
      "begin" : 6,
      "end" : 13,
      "text" : "etorque",
      "whiteSpace" : false
    }, {
      "id" : "s0-t2",
      "begin" : 14,
      "end" : 15,
      "text" : "é",
      "whiteSpace" : false
    }, {
      "id" : "s0-t3",
      "begin" : 16,
      "end" : 25,
      "text" : "excelente",
      "whiteSpace" : false
    }, {
      "id" : "s0-t4",
      "begin" : 26,
      "end" : 31,
      "text" : "ainda",
      "whiteSpace" : false
    }, {
      "id" : "s0-t5",
      "begin" : 32,
      "end" : 36,
      "text" : "mais",
      "whiteSpace" : false
    }, {
      "id" : "s0-t6",
      "begin" : 37,
      "end" : 43,
      "text" : "depois",
      "whiteSpace" : false
    }, {
      "id" : "s0-t7",
      "begin" : 44,
      "end" : 47,
      "text" : "das",
      "whiteSpace" : false
    }, {
      "id" : "s0-t8",
      "begin" : 48,
      "end" : 60,
      "text" : "atualizações",
      "whiteSpace" : false
    }, {
      "id" : "s0-t9",
      "begin" : 61,
      "end" : 65,
      "text" : "para",
      "whiteSpace" : false
    }, {
      "id" : "s0-t10",
      "begin" : 66,
      "end" : 67,
      "text" : "o",
      "whiteSpace" : false
    }, {
      "id" : "s0-t11",
      "begin" : 68,
      "end" : 72,
      "text" : "Argo",
      "whiteSpace" : false
    }, {
      "id" : "s0-t12",
      "begin" : 73,
      "end" : 78,
      "text" : "ficou",
      "whiteSpace" : false
    }, {
      "id" : "s0-t13",
      "begin" : 79,
      "end" : 83,
      "text" : "mais",
      "whiteSpace" : false
    }, {
      "id" : "s0-t14",
      "begin" : 84,
      "end" : 91,
      "text" : "potente",
      "whiteSpace" : false
    }, {
      "id" : "s0-t15",
      "begin" : 92,
      "end" : 93,
      "text" : "e",
      "whiteSpace" : false
    }, {
      "id" : "s0-t16",
      "begin" : 94,
      "end" : 98,
      "text" : "pela",
      "whiteSpace" : false
    }, {
      "id" : "s0-t17",
      "begin" : 99,
      "end" : 107,
      "text" : "potência",
      "whiteSpace" : false
    }, {
      "id" : "s0-t18",
      "begin" : 108,
      "end" : 109,
      "text" : "o",
      "whiteSpace" : false
    }, {
      "id" : "s0-t19",
      "begin" : 110,
      "end" : 115,
      "text" : "carro",
      "whiteSpace" : false
    }, {
      "id" : "s0-t20",
      "begin" : 116,
      "end" : 117,
      "text" : "é",
      "whiteSpace" : false
    }, {
      "id" : "s0-t21",
      "begin" : 118,
      "end" : 121,
      "text" : "até",
      "whiteSpace" : false
    }, {
      "id" : "s0-t22",
      "begin" : 122,
      "end" : 131,
      "text" : "econômico",
      "whiteSpace" : false
    }, {
      "id" : "s0-t23",
      "begin" : 132,
      "end" : 135,
      "text" : "com",
      "whiteSpace" : false
    }, {
      "id" : "s0-t24",
      "begin" : 136,
      "end" : 137,
      "text" : "o",
      "whiteSpace" : false
    }, {
      "id" : "s0-t25",
      "begin" : 138,
      "end" : 144,
      "text" : "câmbio",
      "whiteSpace" : false
    }, {
      "id" : "s0-t26",
      "begin" : 145,
      "end" : 151,
      "text" : "manual",
      "whiteSpace" : false
    }, {
      "id" : "s0-t27",
      "begin" : 151,
      "end" : 152,
      "text" : ",",
      "whiteSpace" : false
    }, {
      "id" : "s0-t28",
      "begin" : 153,
      "end" : 154,
      "text" : "e",
      "whiteSpace" : false
    }, {
      "id" : "s0-t29",
      "begin" : 155,
      "end" : 161,
      "text" : "cambio",
      "whiteSpace" : false
    }, {
      "id" : "s0-t30",
      "begin" : 162,
      "end" : 167,
      "text" : "muito",
      "whiteSpace" : false
    }, {
      "id" : "s0-t31",
      "begin" : 168,
      "end" : 173,
      "text" : "macio",
      "whiteSpace" : false
    }, {
      "id" : "s0-t32",
      "begin" : 173,
      "end" : 174,
      "text" : ",",
      "whiteSpace" : false
    }, {
      "id" : "s0-t33",
      "begin" : 175,
      "end" : 180,
      "text" : "carro",
      "whiteSpace" : false
    }, {
      "id" : "s0-t34",
      "begin" : 181,
      "end" : 189,
      "text" : "completo",
      "whiteSpace" : false
    }, {
      "id" : "s0-t35",
      "begin" : 190,
      "end" : 192,
      "text" : "de",
      "whiteSpace" : false
    }, {
      "id" : "s0-t36",
      "begin" : 193,
      "end" : 197,
      "text" : "tudo",
      "whiteSpace" : false
    } ]
  } ],
  "mentions" : [ {
    "id" : "s0-m8",
    "properties" : {
      "SIRE_MENTION_ROLE" : "DESEMPENHO",
      "SIRE_ENTITY_SUBTYPE" : "NONE",
      "SIRE_MENTION_TYPE" : "NONE",
      "SIRE_MENTION_CLASS" : "SPC"
    },
    "type" : "DESEMPENHO",
    "begin" : 0,
    "end" : 5,
    "inCoref" : false
  }, {
    "id" : "s0-m2",
    "properties" : {
      "SIRE_MENTION_ROLE" : "MODELO",
      "SIRE_ENTITY_SUBTYPE" : "NONE",
      "SIRE_MENTION_TYPE" : "NONE",
      "SIRE_MENTION_CLASS" : "SPC"
    },
    "type" : "MODELO",
    "begin" : 68,
    "end" : 72,
    "inCoref" : false
  }, {
    "id" : "s0-m3",
    "properties" : {
      "SIRE_MENTION_ROLE" : "DESEMPENHO",
      "SIRE_ENTITY_SUBTYPE" : "NONE",
      "SIRE_MENTION_TYPE" : "NONE",
      "SIRE_MENTION_CLASS" : "SPC"
    },
    "type" : "DESEMPENHO",
    "begin" : 84,
    "end" : 91,
    "inCoref" : false
  }, {
    "id" : "s0-m4",
    "properties" : {
      "SIRE_MENTION_ROLE" : "CONSUMO",
      "SIRE_ENTITY_SUBTYPE" : "NONE",
      "SIRE_MENTION_TYPE" : "NONE",
      "SIRE_MENTION_CLASS" : "SPC"
    },
    "type" : "CONSUMO",
    "begin" : 122,
    "end" : 131,
    "inCoref" : false
  }, {
    "id" : "s0-m6",
    "properties" : {
      "SIRE_MENTION_ROLE" : "CONFORTO",
      "SIRE_ENTITY_SUBTYPE" : "NONE",
      "SIRE_MENTION_TYPE" : "NONE",
      "SIRE_MENTION_CLASS" : "SPC"
    },
    "type" : "CONFORTO",
    "begin" : 138,
    "end" : 144,
    "inCoref" : false
  }, {
    "id" : "s0-m7",
    "properties" : {
      "SIRE_MENTION_ROLE" : "CONFORTO",
      "SIRE_ENTITY_SUBTYPE" : "NONE",
      "SIRE_MENTION_TYPE" : "NONE",
      "SIRE_MENTION_CLASS" : "SPC"
    },
    "type" : "CONFORTO",
    "begin" : 155,
    "end" : 161,
    "inCoref" : false
  } ],
  "relations" : [ ],
  "corefs" : [ ],
  "typeResolved" : true,
  "userResolved" : false
}