{
  "id" : "a2e93d50-f6cb-11ea-9b27-75c700284c8b-86",
  "name" : "train_80.txt",
  "createdDate" : 0,
  "version" : 3,
  "text" : "A versão Cargo, que é o furgão tradicional agora tem versão Extra Longo com 6,35 m. Esta versão tem dois tamanhos de entre-eixos e também de altura. O Fiat Ducato 2020 nesta configuração, apresenta espaço para carga de (9,5 m3, 11,5 m3 e 15 m3).\r\n",
  "docLength" : 0,
  "language" : "PT",
  "status" : "SUBMITTED",
  "modifiedDate" : 1600309353939,
  "documentSet" : [ ],
  "preannotation" : [ ],
  "sentences" : [ {
    "id" : "s0",
    "begin" : 0,
    "end" : 83,
    "text" : "A versão Cargo, que é o furgão tradicional agora tem versão Extra Longo com 6,35 m.",
    "tokens" : [ {
      "id" : "s0-t0",
      "begin" : 0,
      "end" : 1,
      "text" : "A",
      "whiteSpace" : false
    }, {
      "id" : "s0-t1",
      "begin" : 2,
      "end" : 8,
      "text" : "versão",
      "whiteSpace" : false
    }, {
      "id" : "s0-t2",
      "begin" : 9,
      "end" : 14,
      "text" : "Cargo",
      "whiteSpace" : false
    }, {
      "id" : "s0-t3",
      "begin" : 14,
      "end" : 15,
      "text" : ",",
      "whiteSpace" : false
    }, {
      "id" : "s0-t4",
      "begin" : 16,
      "end" : 19,
      "text" : "que",
      "whiteSpace" : false
    }, {
      "id" : "s0-t5",
      "begin" : 20,
      "end" : 21,
      "text" : "é",
      "whiteSpace" : false
    }, {
      "id" : "s0-t6",
      "begin" : 22,
      "end" : 23,
      "text" : "o",
      "whiteSpace" : false
    }, {
      "id" : "s0-t7",
      "begin" : 24,
      "end" : 30,
      "text" : "furgão",
      "whiteSpace" : false
    }, {
      "id" : "s0-t8",
      "begin" : 31,
      "end" : 42,
      "text" : "tradicional",
      "whiteSpace" : false
    }, {
      "id" : "s0-t9",
      "begin" : 43,
      "end" : 48,
      "text" : "agora",
      "whiteSpace" : false
    }, {
      "id" : "s0-t10",
      "begin" : 49,
      "end" : 52,
      "text" : "tem",
      "whiteSpace" : false
    }, {
      "id" : "s0-t11",
      "begin" : 53,
      "end" : 59,
      "text" : "versão",
      "whiteSpace" : false
    }, {
      "id" : "s0-t12",
      "begin" : 60,
      "end" : 65,
      "text" : "Extra",
      "whiteSpace" : false
    }, {
      "id" : "s0-t13",
      "begin" : 66,
      "end" : 71,
      "text" : "Longo",
      "whiteSpace" : false
    }, {
      "id" : "s0-t14",
      "begin" : 72,
      "end" : 75,
      "text" : "com",
      "whiteSpace" : false
    }, {
      "id" : "s0-t15",
      "begin" : 76,
      "end" : 80,
      "text" : "6,35",
      "whiteSpace" : false
    }, {
      "id" : "s0-t16",
      "begin" : 81,
      "end" : 82,
      "text" : "m",
      "whiteSpace" : false
    }, {
      "id" : "s0-t17",
      "begin" : 82,
      "end" : 83,
      "text" : ".",
      "whiteSpace" : false
    } ]
  }, {
    "id" : "s1",
    "begin" : 84,
    "end" : 148,
    "text" : "Esta versão tem dois tamanhos de entre-eixos e também de altura.",
    "tokens" : [ {
      "id" : "s1-t0",
      "begin" : 84,
      "end" : 88,
      "text" : "Esta",
      "whiteSpace" : false
    }, {
      "id" : "s1-t1",
      "begin" : 89,
      "end" : 95,
      "text" : "versão",
      "whiteSpace" : false
    }, {
      "id" : "s1-t2",
      "begin" : 96,
      "end" : 99,
      "text" : "tem",
      "whiteSpace" : false
    }, {
      "id" : "s1-t3",
      "begin" : 100,
      "end" : 104,
      "text" : "dois",
      "whiteSpace" : false
    }, {
      "id" : "s1-t4",
      "begin" : 105,
      "end" : 113,
      "text" : "tamanhos",
      "whiteSpace" : false
    }, {
      "id" : "s1-t5",
      "begin" : 114,
      "end" : 116,
      "text" : "de",
      "whiteSpace" : false
    }, {
      "id" : "s1-t6",
      "begin" : 117,
      "end" : 128,
      "text" : "entre-eixos",
      "whiteSpace" : false
    }, {
      "id" : "s1-t7",
      "begin" : 129,
      "end" : 130,
      "text" : "e",
      "whiteSpace" : false
    }, {
      "id" : "s1-t8",
      "begin" : 131,
      "end" : 137,
      "text" : "também",
      "whiteSpace" : false
    }, {
      "id" : "s1-t9",
      "begin" : 138,
      "end" : 140,
      "text" : "de",
      "whiteSpace" : false
    }, {
      "id" : "s1-t10",
      "begin" : 141,
      "end" : 147,
      "text" : "altura",
      "whiteSpace" : false
    }, {
      "id" : "s1-t11",
      "begin" : 147,
      "end" : 148,
      "text" : ".",
      "whiteSpace" : false
    } ]
  }, {
    "id" : "s2",
    "begin" : 149,
    "end" : 245,
    "text" : "O Fiat Ducato 2020 nesta configuração, apresenta espaço para carga de (9,5 m3, 11,5 m3 e 15 m3).",
    "tokens" : [ {
      "id" : "s2-t0",
      "begin" : 149,
      "end" : 150,
      "text" : "O",
      "whiteSpace" : false
    }, {
      "id" : "s2-t1",
      "begin" : 151,
      "end" : 155,
      "text" : "Fiat",
      "whiteSpace" : false
    }, {
      "id" : "s2-t2",
      "begin" : 156,
      "end" : 162,
      "text" : "Ducato",
      "whiteSpace" : false
    }, {
      "id" : "s2-t3",
      "begin" : 163,
      "end" : 167,
      "text" : "2020",
      "whiteSpace" : false
    }, {
      "id" : "s2-t4",
      "begin" : 168,
      "end" : 173,
      "text" : "nesta",
      "whiteSpace" : false
    }, {
      "id" : "s2-t5",
      "begin" : 174,
      "end" : 186,
      "text" : "configuração",
      "whiteSpace" : false
    }, {
      "id" : "s2-t6",
      "begin" : 186,
      "end" : 187,
      "text" : ",",
      "whiteSpace" : false
    }, {
      "id" : "s2-t7",
      "begin" : 188,
      "end" : 197,
      "text" : "apresenta",
      "whiteSpace" : false
    }, {
      "id" : "s2-t8",
      "begin" : 198,
      "end" : 204,
      "text" : "espaço",
      "whiteSpace" : false
    }, {
      "id" : "s2-t9",
      "begin" : 205,
      "end" : 209,
      "text" : "para",
      "whiteSpace" : false
    }, {
      "id" : "s2-t10",
      "begin" : 210,
      "end" : 215,
      "text" : "carga",
      "whiteSpace" : false
    }, {
      "id" : "s2-t11",
      "begin" : 216,
      "end" : 218,
      "text" : "de",
      "whiteSpace" : false
    }, {
      "id" : "s2-t12",
      "begin" : 219,
      "end" : 220,
      "text" : "(",
      "whiteSpace" : false
    }, {
      "id" : "s2-t13",
      "begin" : 220,
      "end" : 223,
      "text" : "9,5",
      "whiteSpace" : false
    }, {
      "id" : "s2-t14",
      "begin" : 224,
      "end" : 226,
      "text" : "m3",
      "whiteSpace" : false
    }, {
      "id" : "s2-t15",
      "begin" : 226,
      "end" : 227,
      "text" : ",",
      "whiteSpace" : false
    }, {
      "id" : "s2-t16",
      "begin" : 228,
      "end" : 232,
      "text" : "11,5",
      "whiteSpace" : false
    }, {
      "id" : "s2-t17",
      "begin" : 233,
      "end" : 235,
      "text" : "m3",
      "whiteSpace" : false
    }, {
      "id" : "s2-t18",
      "begin" : 236,
      "end" : 237,
      "text" : "e",
      "whiteSpace" : false
    }, {
      "id" : "s2-t19",
      "begin" : 238,
      "end" : 240,
      "text" : "15",
      "whiteSpace" : false
    }, {
      "id" : "s2-t20",
      "begin" : 241,
      "end" : 243,
      "text" : "m3",
      "whiteSpace" : false
    }, {
      "id" : "s2-t21",
      "begin" : 243,
      "end" : 244,
      "text" : ")",
      "whiteSpace" : false
    }, {
      "id" : "s2-t22",
      "begin" : 244,
      "end" : 245,
      "text" : ".",
      "whiteSpace" : false
    } ]
  } ],
  "mentions" : [ {
    "id" : "s2-m2",
    "properties" : {
      "SIRE_MENTION_ROLE" : "MODELO",
      "SIRE_ENTITY_SUBTYPE" : "NONE",
      "SIRE_MENTION_TYPE" : "NONE",
      "SIRE_MENTION_CLASS" : "SPC"
    },
    "type" : "MODELO",
    "begin" : 156,
    "end" : 162,
    "inCoref" : false
  }, {
    "id" : "s2-m3",
    "properties" : {
      "SIRE_MENTION_ROLE" : "CONFORTO",
      "SIRE_ENTITY_SUBTYPE" : "NONE",
      "SIRE_MENTION_TYPE" : "NONE",
      "SIRE_MENTION_CLASS" : "SPC"
    },
    "type" : "CONFORTO",
    "begin" : 198,
    "end" : 204,
    "inCoref" : false
  } ],
  "relations" : [ ],
  "corefs" : [ ],
  "typeResolved" : true,
  "userResolved" : false
}