{
  "id" : "a2e93d50-f6cb-11ea-9b27-75c700284c8b-9",
  "name" : "train_3.txt",
  "createdDate" : 0,
  "version" : 3,
  "text" : "O Renegade foge um pouco à regra por oferecer equipamentos sofisticados, como controle de funções por meio de aplicativo no celular, carregamento sem fio para smartphones, internet Wi-Fi a bordo e alerta de pontos cegos e assistente de estacionamento automático, opcionais em pacote de R$ 3.100.\r\n",
  "docLength" : 0,
  "language" : "PT",
  "status" : "SUBMITTED",
  "modifiedDate" : 1600309506080,
  "documentSet" : [ ],
  "preannotation" : [ ],
  "sentences" : [ {
    "id" : "s0",
    "begin" : 0,
    "end" : 295,
    "text" : "O Renegade foge um pouco à regra por oferecer equipamentos sofisticados, como controle de funções por meio de aplicativo no celular, carregamento sem fio para smartphones, internet Wi-Fi a bordo e alerta de pontos cegos e assistente de estacionamento automático, opcionais em pacote de R$ 3.100.",
    "tokens" : [ {
      "id" : "s0-t0",
      "begin" : 0,
      "end" : 1,
      "text" : "O",
      "whiteSpace" : false
    }, {
      "id" : "s0-t1",
      "begin" : 2,
      "end" : 10,
      "text" : "Renegade",
      "whiteSpace" : false
    }, {
      "id" : "s0-t2",
      "begin" : 11,
      "end" : 15,
      "text" : "foge",
      "whiteSpace" : false
    }, {
      "id" : "s0-t3",
      "begin" : 16,
      "end" : 18,
      "text" : "um",
      "whiteSpace" : false
    }, {
      "id" : "s0-t4",
      "begin" : 19,
      "end" : 24,
      "text" : "pouco",
      "whiteSpace" : false
    }, {
      "id" : "s0-t5",
      "begin" : 25,
      "end" : 26,
      "text" : "à",
      "whiteSpace" : false
    }, {
      "id" : "s0-t6",
      "begin" : 27,
      "end" : 32,
      "text" : "regra",
      "whiteSpace" : false
    }, {
      "id" : "s0-t7",
      "begin" : 33,
      "end" : 36,
      "text" : "por",
      "whiteSpace" : false
    }, {
      "id" : "s0-t8",
      "begin" : 37,
      "end" : 45,
      "text" : "oferecer",
      "whiteSpace" : false
    }, {
      "id" : "s0-t9",
      "begin" : 46,
      "end" : 58,
      "text" : "equipamentos",
      "whiteSpace" : false
    }, {
      "id" : "s0-t10",
      "begin" : 59,
      "end" : 71,
      "text" : "sofisticados",
      "whiteSpace" : false
    }, {
      "id" : "s0-t11",
      "begin" : 71,
      "end" : 72,
      "text" : ",",
      "whiteSpace" : false
    }, {
      "id" : "s0-t12",
      "begin" : 73,
      "end" : 77,
      "text" : "como",
      "whiteSpace" : false
    }, {
      "id" : "s0-t13",
      "begin" : 78,
      "end" : 86,
      "text" : "controle",
      "whiteSpace" : false
    }, {
      "id" : "s0-t14",
      "begin" : 87,
      "end" : 89,
      "text" : "de",
      "whiteSpace" : false
    }, {
      "id" : "s0-t15",
      "begin" : 90,
      "end" : 97,
      "text" : "funções",
      "whiteSpace" : false
    }, {
      "id" : "s0-t16",
      "begin" : 98,
      "end" : 101,
      "text" : "por",
      "whiteSpace" : false
    }, {
      "id" : "s0-t17",
      "begin" : 102,
      "end" : 106,
      "text" : "meio",
      "whiteSpace" : false
    }, {
      "id" : "s0-t18",
      "begin" : 107,
      "end" : 109,
      "text" : "de",
      "whiteSpace" : false
    }, {
      "id" : "s0-t19",
      "begin" : 110,
      "end" : 120,
      "text" : "aplicativo",
      "whiteSpace" : false
    }, {
      "id" : "s0-t20",
      "begin" : 121,
      "end" : 123,
      "text" : "no",
      "whiteSpace" : false
    }, {
      "id" : "s0-t21",
      "begin" : 124,
      "end" : 131,
      "text" : "celular",
      "whiteSpace" : false
    }, {
      "id" : "s0-t22",
      "begin" : 131,
      "end" : 132,
      "text" : ",",
      "whiteSpace" : false
    }, {
      "id" : "s0-t23",
      "begin" : 133,
      "end" : 145,
      "text" : "carregamento",
      "whiteSpace" : false
    }, {
      "id" : "s0-t24",
      "begin" : 146,
      "end" : 149,
      "text" : "sem",
      "whiteSpace" : false
    }, {
      "id" : "s0-t25",
      "begin" : 150,
      "end" : 153,
      "text" : "fio",
      "whiteSpace" : false
    }, {
      "id" : "s0-t26",
      "begin" : 154,
      "end" : 158,
      "text" : "para",
      "whiteSpace" : false
    }, {
      "id" : "s0-t27",
      "begin" : 159,
      "end" : 170,
      "text" : "smartphones",
      "whiteSpace" : false
    }, {
      "id" : "s0-t28",
      "begin" : 170,
      "end" : 171,
      "text" : ",",
      "whiteSpace" : false
    }, {
      "id" : "s0-t29",
      "begin" : 172,
      "end" : 180,
      "text" : "internet",
      "whiteSpace" : false
    }, {
      "id" : "s0-t30",
      "begin" : 181,
      "end" : 186,
      "text" : "Wi-Fi",
      "whiteSpace" : false
    }, {
      "id" : "s0-t31",
      "begin" : 187,
      "end" : 188,
      "text" : "a",
      "whiteSpace" : false
    }, {
      "id" : "s0-t32",
      "begin" : 189,
      "end" : 194,
      "text" : "bordo",
      "whiteSpace" : false
    }, {
      "id" : "s0-t33",
      "begin" : 195,
      "end" : 196,
      "text" : "e",
      "whiteSpace" : false
    }, {
      "id" : "s0-t34",
      "begin" : 197,
      "end" : 203,
      "text" : "alerta",
      "whiteSpace" : false
    }, {
      "id" : "s0-t35",
      "begin" : 204,
      "end" : 206,
      "text" : "de",
      "whiteSpace" : false
    }, {
      "id" : "s0-t36",
      "begin" : 207,
      "end" : 213,
      "text" : "pontos",
      "whiteSpace" : false
    }, {
      "id" : "s0-t37",
      "begin" : 214,
      "end" : 219,
      "text" : "cegos",
      "whiteSpace" : false
    }, {
      "id" : "s0-t38",
      "begin" : 220,
      "end" : 221,
      "text" : "e",
      "whiteSpace" : false
    }, {
      "id" : "s0-t39",
      "begin" : 222,
      "end" : 232,
      "text" : "assistente",
      "whiteSpace" : false
    }, {
      "id" : "s0-t40",
      "begin" : 233,
      "end" : 235,
      "text" : "de",
      "whiteSpace" : false
    }, {
      "id" : "s0-t41",
      "begin" : 236,
      "end" : 250,
      "text" : "estacionamento",
      "whiteSpace" : false
    }, {
      "id" : "s0-t42",
      "begin" : 251,
      "end" : 261,
      "text" : "automático",
      "whiteSpace" : false
    }, {
      "id" : "s0-t43",
      "begin" : 261,
      "end" : 262,
      "text" : ",",
      "whiteSpace" : false
    }, {
      "id" : "s0-t44",
      "begin" : 263,
      "end" : 272,
      "text" : "opcionais",
      "whiteSpace" : false
    }, {
      "id" : "s0-t45",
      "begin" : 273,
      "end" : 275,
      "text" : "em",
      "whiteSpace" : false
    }, {
      "id" : "s0-t46",
      "begin" : 276,
      "end" : 282,
      "text" : "pacote",
      "whiteSpace" : false
    }, {
      "id" : "s0-t47",
      "begin" : 283,
      "end" : 285,
      "text" : "de",
      "whiteSpace" : false
    }, {
      "id" : "s0-t48",
      "begin" : 286,
      "end" : 288,
      "text" : "R$",
      "whiteSpace" : false
    }, {
      "id" : "s0-t49",
      "begin" : 289,
      "end" : 294,
      "text" : "3.100",
      "whiteSpace" : false
    }, {
      "id" : "s0-t50",
      "begin" : 294,
      "end" : 295,
      "text" : ".",
      "whiteSpace" : false
    } ]
  } ],
  "mentions" : [ {
    "id" : "s0-m1",
    "properties" : {
      "SIRE_MENTION_ROLE" : "MODELO",
      "SIRE_ENTITY_SUBTYPE" : "NONE",
      "SIRE_MENTION_TYPE" : "NONE",
      "SIRE_MENTION_CLASS" : "SPC"
    },
    "type" : "MODELO",
    "begin" : 2,
    "end" : 10,
    "inCoref" : false
  }, {
    "id" : "s0-m6",
    "properties" : {
      "SIRE_MENTION_ROLE" : "ACESSORIOS",
      "SIRE_ENTITY_SUBTYPE" : "NONE",
      "SIRE_MENTION_TYPE" : "NONE",
      "SIRE_MENTION_CLASS" : "SPC"
    },
    "type" : "ACESSORIOS",
    "begin" : 78,
    "end" : 97,
    "inCoref" : false
  }, {
    "id" : "s0-m2",
    "properties" : {
      "SIRE_MENTION_ROLE" : "ACESSORIOS",
      "SIRE_ENTITY_SUBTYPE" : "NONE",
      "SIRE_MENTION_TYPE" : "NONE",
      "SIRE_MENTION_CLASS" : "SPC"
    },
    "type" : "ACESSORIOS",
    "begin" : 133,
    "end" : 153,
    "inCoref" : false
  }, {
    "id" : "s0-m3",
    "properties" : {
      "SIRE_MENTION_ROLE" : "ACESSORIOS",
      "SIRE_ENTITY_SUBTYPE" : "NONE",
      "SIRE_MENTION_TYPE" : "NONE",
      "SIRE_MENTION_CLASS" : "SPC"
    },
    "type" : "ACESSORIOS",
    "begin" : 172,
    "end" : 186,
    "inCoref" : false
  }, {
    "id" : "s0-m4",
    "properties" : {
      "SIRE_MENTION_ROLE" : "SEGURANCA",
      "SIRE_ENTITY_SUBTYPE" : "NONE",
      "SIRE_MENTION_TYPE" : "NONE",
      "SIRE_MENTION_CLASS" : "SPC"
    },
    "type" : "SEGURANCA",
    "begin" : 197,
    "end" : 219,
    "inCoref" : false
  }, {
    "id" : "s0-m5",
    "properties" : {
      "SIRE_MENTION_ROLE" : "SEGURANCA",
      "SIRE_ENTITY_SUBTYPE" : "NONE",
      "SIRE_MENTION_TYPE" : "NONE",
      "SIRE_MENTION_CLASS" : "SPC"
    },
    "type" : "SEGURANCA",
    "begin" : 222,
    "end" : 261,
    "inCoref" : false
  } ],
  "relations" : [ ],
  "corefs" : [ ],
  "typeResolved" : true,
  "userResolved" : false
}