{
  "id" : "a2e93d50-f6cb-11ea-9b27-75c700284c8b-45",
  "name" : "train_39.txt",
  "createdDate" : 0,
  "version" : 3,
  "text" : "O Marea é um carro bom. Chega rapidamente nos 160 km/h e é relativamente econômico. Se bem regulado (lombar, altura do banco, volante e inclinação) o carro é confortável e permite que o motorista fique longas jornadas dirigindo.\r\n",
  "docLength" : 0,
  "language" : "PT",
  "status" : "SUBMITTED",
  "modifiedDate" : 1600307662957,
  "documentSet" : [ ],
  "preannotation" : [ ],
  "sentences" : [ {
    "id" : "s0",
    "begin" : 0,
    "end" : 23,
    "text" : "O Marea é um carro bom.",
    "tokens" : [ {
      "id" : "s0-t0",
      "begin" : 0,
      "end" : 1,
      "text" : "O",
      "whiteSpace" : false
    }, {
      "id" : "s0-t1",
      "begin" : 2,
      "end" : 7,
      "text" : "Marea",
      "whiteSpace" : false
    }, {
      "id" : "s0-t2",
      "begin" : 8,
      "end" : 9,
      "text" : "é",
      "whiteSpace" : false
    }, {
      "id" : "s0-t3",
      "begin" : 10,
      "end" : 12,
      "text" : "um",
      "whiteSpace" : false
    }, {
      "id" : "s0-t4",
      "begin" : 13,
      "end" : 18,
      "text" : "carro",
      "whiteSpace" : false
    }, {
      "id" : "s0-t5",
      "begin" : 19,
      "end" : 22,
      "text" : "bom",
      "whiteSpace" : false
    }, {
      "id" : "s0-t6",
      "begin" : 22,
      "end" : 23,
      "text" : ".",
      "whiteSpace" : false
    } ]
  }, {
    "id" : "s1",
    "begin" : 24,
    "end" : 83,
    "text" : "Chega rapidamente nos 160 km/h e é relativamente econômico.",
    "tokens" : [ {
      "id" : "s1-t0",
      "begin" : 24,
      "end" : 29,
      "text" : "Chega",
      "whiteSpace" : false
    }, {
      "id" : "s1-t1",
      "begin" : 30,
      "end" : 41,
      "text" : "rapidamente",
      "whiteSpace" : false
    }, {
      "id" : "s1-t2",
      "begin" : 42,
      "end" : 45,
      "text" : "nos",
      "whiteSpace" : false
    }, {
      "id" : "s1-t3",
      "begin" : 46,
      "end" : 49,
      "text" : "160",
      "whiteSpace" : false
    }, {
      "id" : "s1-t4",
      "begin" : 50,
      "end" : 54,
      "text" : "km/h",
      "whiteSpace" : false
    }, {
      "id" : "s1-t5",
      "begin" : 55,
      "end" : 56,
      "text" : "e",
      "whiteSpace" : false
    }, {
      "id" : "s1-t6",
      "begin" : 57,
      "end" : 58,
      "text" : "é",
      "whiteSpace" : false
    }, {
      "id" : "s1-t7",
      "begin" : 59,
      "end" : 72,
      "text" : "relativamente",
      "whiteSpace" : false
    }, {
      "id" : "s1-t8",
      "begin" : 73,
      "end" : 82,
      "text" : "econômico",
      "whiteSpace" : false
    }, {
      "id" : "s1-t9",
      "begin" : 82,
      "end" : 83,
      "text" : ".",
      "whiteSpace" : false
    } ]
  }, {
    "id" : "s2",
    "begin" : 84,
    "end" : 228,
    "text" : "Se bem regulado (lombar, altura do banco, volante e inclinação) o carro é confortável e permite que o motorista fique longas jornadas dirigindo.",
    "tokens" : [ {
      "id" : "s2-t0",
      "begin" : 84,
      "end" : 86,
      "text" : "Se",
      "whiteSpace" : false
    }, {
      "id" : "s2-t1",
      "begin" : 87,
      "end" : 90,
      "text" : "bem",
      "whiteSpace" : false
    }, {
      "id" : "s2-t2",
      "begin" : 91,
      "end" : 99,
      "text" : "regulado",
      "whiteSpace" : false
    }, {
      "id" : "s2-t3",
      "begin" : 100,
      "end" : 101,
      "text" : "(",
      "whiteSpace" : false
    }, {
      "id" : "s2-t4",
      "begin" : 101,
      "end" : 107,
      "text" : "lombar",
      "whiteSpace" : false
    }, {
      "id" : "s2-t5",
      "begin" : 107,
      "end" : 108,
      "text" : ",",
      "whiteSpace" : false
    }, {
      "id" : "s2-t6",
      "begin" : 109,
      "end" : 115,
      "text" : "altura",
      "whiteSpace" : false
    }, {
      "id" : "s2-t7",
      "begin" : 116,
      "end" : 118,
      "text" : "do",
      "whiteSpace" : false
    }, {
      "id" : "s2-t8",
      "begin" : 119,
      "end" : 124,
      "text" : "banco",
      "whiteSpace" : false
    }, {
      "id" : "s2-t9",
      "begin" : 124,
      "end" : 125,
      "text" : ",",
      "whiteSpace" : false
    }, {
      "id" : "s2-t10",
      "begin" : 126,
      "end" : 133,
      "text" : "volante",
      "whiteSpace" : false
    }, {
      "id" : "s2-t11",
      "begin" : 134,
      "end" : 135,
      "text" : "e",
      "whiteSpace" : false
    }, {
      "id" : "s2-t12",
      "begin" : 136,
      "end" : 146,
      "text" : "inclinação",
      "whiteSpace" : false
    }, {
      "id" : "s2-t13",
      "begin" : 146,
      "end" : 147,
      "text" : ")",
      "whiteSpace" : false
    }, {
      "id" : "s2-t14",
      "begin" : 148,
      "end" : 149,
      "text" : "o",
      "whiteSpace" : false
    }, {
      "id" : "s2-t15",
      "begin" : 150,
      "end" : 155,
      "text" : "carro",
      "whiteSpace" : false
    }, {
      "id" : "s2-t16",
      "begin" : 156,
      "end" : 157,
      "text" : "é",
      "whiteSpace" : false
    }, {
      "id" : "s2-t17",
      "begin" : 158,
      "end" : 169,
      "text" : "confortável",
      "whiteSpace" : false
    }, {
      "id" : "s2-t18",
      "begin" : 170,
      "end" : 171,
      "text" : "e",
      "whiteSpace" : false
    }, {
      "id" : "s2-t19",
      "begin" : 172,
      "end" : 179,
      "text" : "permite",
      "whiteSpace" : false
    }, {
      "id" : "s2-t20",
      "begin" : 180,
      "end" : 183,
      "text" : "que",
      "whiteSpace" : false
    }, {
      "id" : "s2-t21",
      "begin" : 184,
      "end" : 185,
      "text" : "o",
      "whiteSpace" : false
    }, {
      "id" : "s2-t22",
      "begin" : 186,
      "end" : 195,
      "text" : "motorista",
      "whiteSpace" : false
    }, {
      "id" : "s2-t23",
      "begin" : 196,
      "end" : 201,
      "text" : "fique",
      "whiteSpace" : false
    }, {
      "id" : "s2-t24",
      "begin" : 202,
      "end" : 208,
      "text" : "longas",
      "whiteSpace" : false
    }, {
      "id" : "s2-t25",
      "begin" : 209,
      "end" : 217,
      "text" : "jornadas",
      "whiteSpace" : false
    }, {
      "id" : "s2-t26",
      "begin" : 218,
      "end" : 227,
      "text" : "dirigindo",
      "whiteSpace" : false
    }, {
      "id" : "s2-t27",
      "begin" : 227,
      "end" : 228,
      "text" : ".",
      "whiteSpace" : false
    } ]
  } ],
  "mentions" : [ {
    "id" : "s0-m1",
    "properties" : {
      "SIRE_MENTION_ROLE" : "MODELO",
      "SIRE_ENTITY_SUBTYPE" : "NONE",
      "SIRE_MENTION_TYPE" : "NONE",
      "SIRE_MENTION_CLASS" : "SPC"
    },
    "type" : "MODELO",
    "begin" : 2,
    "end" : 7,
    "inCoref" : false
  }, {
    "id" : "s1-m2",
    "properties" : {
      "SIRE_MENTION_ROLE" : "CONSUMO",
      "SIRE_ENTITY_SUBTYPE" : "NONE",
      "SIRE_MENTION_TYPE" : "NONE",
      "SIRE_MENTION_CLASS" : "SPC"
    },
    "type" : "CONSUMO",
    "begin" : 73,
    "end" : 82,
    "inCoref" : false
  }, {
    "id" : "s2-m3",
    "properties" : {
      "SIRE_MENTION_ROLE" : "CONFORTO",
      "SIRE_ENTITY_SUBTYPE" : "NONE",
      "SIRE_MENTION_TYPE" : "NONE",
      "SIRE_MENTION_CLASS" : "SPC"
    },
    "type" : "CONFORTO",
    "begin" : 119,
    "end" : 124,
    "inCoref" : false
  }, {
    "id" : "s2-m2",
    "properties" : {
      "SIRE_MENTION_ROLE" : "CONFORTO",
      "SIRE_ENTITY_SUBTYPE" : "NONE",
      "SIRE_MENTION_TYPE" : "NONE",
      "SIRE_MENTION_CLASS" : "SPC"
    },
    "type" : "CONFORTO",
    "begin" : 126,
    "end" : 133,
    "inCoref" : false
  }, {
    "id" : "s2-m4",
    "properties" : {
      "SIRE_MENTION_ROLE" : "CONFORTO",
      "SIRE_ENTITY_SUBTYPE" : "NONE",
      "SIRE_MENTION_TYPE" : "NONE",
      "SIRE_MENTION_CLASS" : "SPC"
    },
    "type" : "CONFORTO",
    "begin" : 158,
    "end" : 169,
    "inCoref" : false
  } ],
  "relations" : [ ],
  "corefs" : [ ],
  "typeResolved" : true,
  "userResolved" : false
}