{
  "id" : "a2e93d50-f6cb-11ea-9b27-75c700284c8b-57",
  "name" : "train_51.txt",
  "createdDate" : 0,
  "version" : 3,
  "text" : "Muito gostoso de dirigir, o Fiat 500 é versátil no trânsito. Extremamente econômico, o meu faz 8.5 km/L na cidade e 11.5 na estrada no álcool, e possui uma ótima ergonomia e estabilidade. Lotado de equipamentos e acessórios que só se vê em carros de luxo de maior porte. O câmbio Dualogic é muito eficaz e de fácil manuseio, atende perfeitamente o que o carro pede.\r\n",
  "docLength" : 0,
  "language" : "PT",
  "status" : "SUBMITTED",
  "modifiedDate" : 1600308172898,
  "documentSet" : [ ],
  "preannotation" : [ ],
  "sentences" : [ {
    "id" : "s0",
    "begin" : 0,
    "end" : 60,
    "text" : "Muito gostoso de dirigir, o Fiat 500 é versátil no trânsito.",
    "tokens" : [ {
      "id" : "s0-t0",
      "begin" : 0,
      "end" : 5,
      "text" : "Muito",
      "whiteSpace" : false
    }, {
      "id" : "s0-t1",
      "begin" : 6,
      "end" : 13,
      "text" : "gostoso",
      "whiteSpace" : false
    }, {
      "id" : "s0-t2",
      "begin" : 14,
      "end" : 16,
      "text" : "de",
      "whiteSpace" : false
    }, {
      "id" : "s0-t3",
      "begin" : 17,
      "end" : 24,
      "text" : "dirigir",
      "whiteSpace" : false
    }, {
      "id" : "s0-t4",
      "begin" : 24,
      "end" : 25,
      "text" : ",",
      "whiteSpace" : false
    }, {
      "id" : "s0-t5",
      "begin" : 26,
      "end" : 27,
      "text" : "o",
      "whiteSpace" : false
    }, {
      "id" : "s0-t6",
      "begin" : 28,
      "end" : 32,
      "text" : "Fiat",
      "whiteSpace" : false
    }, {
      "id" : "s0-t7",
      "begin" : 33,
      "end" : 36,
      "text" : "500",
      "whiteSpace" : false
    }, {
      "id" : "s0-t8",
      "begin" : 37,
      "end" : 38,
      "text" : "é",
      "whiteSpace" : false
    }, {
      "id" : "s0-t9",
      "begin" : 39,
      "end" : 47,
      "text" : "versátil",
      "whiteSpace" : false
    }, {
      "id" : "s0-t10",
      "begin" : 48,
      "end" : 50,
      "text" : "no",
      "whiteSpace" : false
    }, {
      "id" : "s0-t11",
      "begin" : 51,
      "end" : 59,
      "text" : "trânsito",
      "whiteSpace" : false
    }, {
      "id" : "s0-t12",
      "begin" : 59,
      "end" : 60,
      "text" : ".",
      "whiteSpace" : false
    } ]
  }, {
    "id" : "s1",
    "begin" : 61,
    "end" : 187,
    "text" : "Extremamente econômico, o meu faz 8.5 km/L na cidade e 11.5 na estrada no álcool, e possui uma ótima ergonomia e estabilidade.",
    "tokens" : [ {
      "id" : "s1-t0",
      "begin" : 61,
      "end" : 73,
      "text" : "Extremamente",
      "whiteSpace" : false
    }, {
      "id" : "s1-t1",
      "begin" : 74,
      "end" : 83,
      "text" : "econômico",
      "whiteSpace" : false
    }, {
      "id" : "s1-t2",
      "begin" : 83,
      "end" : 84,
      "text" : ",",
      "whiteSpace" : false
    }, {
      "id" : "s1-t3",
      "begin" : 85,
      "end" : 86,
      "text" : "o",
      "whiteSpace" : false
    }, {
      "id" : "s1-t4",
      "begin" : 87,
      "end" : 90,
      "text" : "meu",
      "whiteSpace" : false
    }, {
      "id" : "s1-t5",
      "begin" : 91,
      "end" : 94,
      "text" : "faz",
      "whiteSpace" : false
    }, {
      "id" : "s1-t6",
      "begin" : 95,
      "end" : 98,
      "text" : "8.5",
      "whiteSpace" : false
    }, {
      "id" : "s1-t7",
      "begin" : 99,
      "end" : 103,
      "text" : "km/L",
      "whiteSpace" : false
    }, {
      "id" : "s1-t8",
      "begin" : 104,
      "end" : 106,
      "text" : "na",
      "whiteSpace" : false
    }, {
      "id" : "s1-t9",
      "begin" : 107,
      "end" : 113,
      "text" : "cidade",
      "whiteSpace" : false
    }, {
      "id" : "s1-t10",
      "begin" : 114,
      "end" : 115,
      "text" : "e",
      "whiteSpace" : false
    }, {
      "id" : "s1-t11",
      "begin" : 116,
      "end" : 120,
      "text" : "11.5",
      "whiteSpace" : false
    }, {
      "id" : "s1-t12",
      "begin" : 121,
      "end" : 123,
      "text" : "na",
      "whiteSpace" : false
    }, {
      "id" : "s1-t13",
      "begin" : 124,
      "end" : 131,
      "text" : "estrada",
      "whiteSpace" : false
    }, {
      "id" : "s1-t14",
      "begin" : 132,
      "end" : 134,
      "text" : "no",
      "whiteSpace" : false
    }, {
      "id" : "s1-t15",
      "begin" : 135,
      "end" : 141,
      "text" : "álcool",
      "whiteSpace" : false
    }, {
      "id" : "s1-t16",
      "begin" : 141,
      "end" : 142,
      "text" : ",",
      "whiteSpace" : false
    }, {
      "id" : "s1-t17",
      "begin" : 143,
      "end" : 144,
      "text" : "e",
      "whiteSpace" : false
    }, {
      "id" : "s1-t18",
      "begin" : 145,
      "end" : 151,
      "text" : "possui",
      "whiteSpace" : false
    }, {
      "id" : "s1-t19",
      "begin" : 152,
      "end" : 155,
      "text" : "uma",
      "whiteSpace" : false
    }, {
      "id" : "s1-t20",
      "begin" : 156,
      "end" : 161,
      "text" : "ótima",
      "whiteSpace" : false
    }, {
      "id" : "s1-t21",
      "begin" : 162,
      "end" : 171,
      "text" : "ergonomia",
      "whiteSpace" : false
    }, {
      "id" : "s1-t22",
      "begin" : 172,
      "end" : 173,
      "text" : "e",
      "whiteSpace" : false
    }, {
      "id" : "s1-t23",
      "begin" : 174,
      "end" : 186,
      "text" : "estabilidade",
      "whiteSpace" : false
    }, {
      "id" : "s1-t24",
      "begin" : 186,
      "end" : 187,
      "text" : ".",
      "whiteSpace" : false
    } ]
  }, {
    "id" : "s2",
    "begin" : 188,
    "end" : 270,
    "text" : "Lotado de equipamentos e acessórios que só se vê em carros de luxo de maior porte.",
    "tokens" : [ {
      "id" : "s2-t0",
      "begin" : 188,
      "end" : 194,
      "text" : "Lotado",
      "whiteSpace" : false
    }, {
      "id" : "s2-t1",
      "begin" : 195,
      "end" : 197,
      "text" : "de",
      "whiteSpace" : false
    }, {
      "id" : "s2-t2",
      "begin" : 198,
      "end" : 210,
      "text" : "equipamentos",
      "whiteSpace" : false
    }, {
      "id" : "s2-t3",
      "begin" : 211,
      "end" : 212,
      "text" : "e",
      "whiteSpace" : false
    }, {
      "id" : "s2-t4",
      "begin" : 213,
      "end" : 223,
      "text" : "acessórios",
      "whiteSpace" : false
    }, {
      "id" : "s2-t5",
      "begin" : 224,
      "end" : 227,
      "text" : "que",
      "whiteSpace" : false
    }, {
      "id" : "s2-t6",
      "begin" : 228,
      "end" : 230,
      "text" : "só",
      "whiteSpace" : false
    }, {
      "id" : "s2-t7",
      "begin" : 231,
      "end" : 233,
      "text" : "se",
      "whiteSpace" : false
    }, {
      "id" : "s2-t8",
      "begin" : 234,
      "end" : 236,
      "text" : "vê",
      "whiteSpace" : false
    }, {
      "id" : "s2-t9",
      "begin" : 237,
      "end" : 239,
      "text" : "em",
      "whiteSpace" : false
    }, {
      "id" : "s2-t10",
      "begin" : 240,
      "end" : 246,
      "text" : "carros",
      "whiteSpace" : false
    }, {
      "id" : "s2-t11",
      "begin" : 247,
      "end" : 249,
      "text" : "de",
      "whiteSpace" : false
    }, {
      "id" : "s2-t12",
      "begin" : 250,
      "end" : 254,
      "text" : "luxo",
      "whiteSpace" : false
    }, {
      "id" : "s2-t13",
      "begin" : 255,
      "end" : 257,
      "text" : "de",
      "whiteSpace" : false
    }, {
      "id" : "s2-t14",
      "begin" : 258,
      "end" : 263,
      "text" : "maior",
      "whiteSpace" : false
    }, {
      "id" : "s2-t15",
      "begin" : 264,
      "end" : 269,
      "text" : "porte",
      "whiteSpace" : false
    }, {
      "id" : "s2-t16",
      "begin" : 269,
      "end" : 270,
      "text" : ".",
      "whiteSpace" : false
    } ]
  }, {
    "id" : "s3",
    "begin" : 271,
    "end" : 365,
    "text" : "O câmbio Dualogic é muito eficaz e de fácil manuseio, atende perfeitamente o que o carro pede.",
    "tokens" : [ {
      "id" : "s3-t0",
      "begin" : 271,
      "end" : 272,
      "text" : "O",
      "whiteSpace" : false
    }, {
      "id" : "s3-t1",
      "begin" : 273,
      "end" : 279,
      "text" : "câmbio",
      "whiteSpace" : false
    }, {
      "id" : "s3-t2",
      "begin" : 280,
      "end" : 288,
      "text" : "Dualogic",
      "whiteSpace" : false
    }, {
      "id" : "s3-t3",
      "begin" : 289,
      "end" : 290,
      "text" : "é",
      "whiteSpace" : false
    }, {
      "id" : "s3-t4",
      "begin" : 291,
      "end" : 296,
      "text" : "muito",
      "whiteSpace" : false
    }, {
      "id" : "s3-t5",
      "begin" : 297,
      "end" : 303,
      "text" : "eficaz",
      "whiteSpace" : false
    }, {
      "id" : "s3-t6",
      "begin" : 304,
      "end" : 305,
      "text" : "e",
      "whiteSpace" : false
    }, {
      "id" : "s3-t7",
      "begin" : 306,
      "end" : 308,
      "text" : "de",
      "whiteSpace" : false
    }, {
      "id" : "s3-t8",
      "begin" : 309,
      "end" : 314,
      "text" : "fácil",
      "whiteSpace" : false
    }, {
      "id" : "s3-t9",
      "begin" : 315,
      "end" : 323,
      "text" : "manuseio",
      "whiteSpace" : false
    }, {
      "id" : "s3-t10",
      "begin" : 323,
      "end" : 324,
      "text" : ",",
      "whiteSpace" : false
    }, {
      "id" : "s3-t11",
      "begin" : 325,
      "end" : 331,
      "text" : "atende",
      "whiteSpace" : false
    }, {
      "id" : "s3-t12",
      "begin" : 332,
      "end" : 345,
      "text" : "perfeitamente",
      "whiteSpace" : false
    }, {
      "id" : "s3-t13",
      "begin" : 346,
      "end" : 347,
      "text" : "o",
      "whiteSpace" : false
    }, {
      "id" : "s3-t14",
      "begin" : 348,
      "end" : 351,
      "text" : "que",
      "whiteSpace" : false
    }, {
      "id" : "s3-t15",
      "begin" : 352,
      "end" : 353,
      "text" : "o",
      "whiteSpace" : false
    }, {
      "id" : "s3-t16",
      "begin" : 354,
      "end" : 359,
      "text" : "carro",
      "whiteSpace" : false
    }, {
      "id" : "s3-t17",
      "begin" : 360,
      "end" : 364,
      "text" : "pede",
      "whiteSpace" : false
    }, {
      "id" : "s3-t18",
      "begin" : 364,
      "end" : 365,
      "text" : ".",
      "whiteSpace" : false
    } ]
  } ],
  "mentions" : [ {
    "id" : "s0-m2",
    "properties" : {
      "SIRE_MENTION_ROLE" : "MODELO",
      "SIRE_ENTITY_SUBTYPE" : "NONE",
      "SIRE_MENTION_TYPE" : "NONE",
      "SIRE_MENTION_CLASS" : "SPC"
    },
    "type" : "MODELO",
    "begin" : 28,
    "end" : 36,
    "inCoref" : false
  }, {
    "id" : "s1-m1",
    "properties" : {
      "SIRE_MENTION_ROLE" : "CONSUMO",
      "SIRE_ENTITY_SUBTYPE" : "NONE",
      "SIRE_MENTION_TYPE" : "NONE",
      "SIRE_MENTION_CLASS" : "SPC"
    },
    "type" : "CONSUMO",
    "begin" : 74,
    "end" : 83,
    "inCoref" : false
  }, {
    "id" : "s1-m2",
    "properties" : {
      "SIRE_MENTION_ROLE" : "CONSUMO",
      "SIRE_ENTITY_SUBTYPE" : "NONE",
      "SIRE_MENTION_TYPE" : "NONE",
      "SIRE_MENTION_CLASS" : "SPC"
    },
    "type" : "CONSUMO",
    "begin" : 95,
    "end" : 103,
    "inCoref" : false
  }, {
    "id" : "s1-m3",
    "properties" : {
      "SIRE_MENTION_ROLE" : "SEGURANCA",
      "SIRE_ENTITY_SUBTYPE" : "NONE",
      "SIRE_MENTION_TYPE" : "NONE",
      "SIRE_MENTION_CLASS" : "SPC"
    },
    "type" : "SEGURANCA",
    "begin" : 174,
    "end" : 186,
    "inCoref" : false
  }, {
    "id" : "s2-m1",
    "properties" : {
      "SIRE_MENTION_ROLE" : "ACESSORIOS",
      "SIRE_ENTITY_SUBTYPE" : "NONE",
      "SIRE_MENTION_TYPE" : "NONE",
      "SIRE_MENTION_CLASS" : "SPC"
    },
    "type" : "ACESSORIOS",
    "begin" : 213,
    "end" : 223,
    "inCoref" : false
  }, {
    "id" : "s3-m1",
    "properties" : {
      "SIRE_MENTION_ROLE" : "CONFORTO",
      "SIRE_ENTITY_SUBTYPE" : "NONE",
      "SIRE_MENTION_TYPE" : "NONE",
      "SIRE_MENTION_CLASS" : "SPC"
    },
    "type" : "CONFORTO",
    "begin" : 273,
    "end" : 279,
    "inCoref" : false
  } ],
  "relations" : [ ],
  "corefs" : [ ],
  "typeResolved" : true,
  "userResolved" : false
}