{
  "id" : "a2e93d50-f6cb-11ea-9b27-75c700284c8b-56",
  "name" : "train_50.txt",
  "createdDate" : 0,
  "version" : 3,
  "text" : "Bonito e com ótimo acabamento e eletrônica embarcada, o Fiat 500 impressiona e é perfeito para condução esportiva. A condução urbana é perfeita e ele é ágil como um kart e ele bem econômico, chegando a 12 Km/L na cidade.\r\n",
  "docLength" : 0,
  "language" : "PT",
  "status" : "SUBMITTED",
  "modifiedDate" : 1600308125329,
  "documentSet" : [ ],
  "preannotation" : [ ],
  "sentences" : [ {
    "id" : "s0",
    "begin" : 0,
    "end" : 114,
    "text" : "Bonito e com ótimo acabamento e eletrônica embarcada, o Fiat 500 impressiona e é perfeito para condução esportiva.",
    "tokens" : [ {
      "id" : "s0-t0",
      "begin" : 0,
      "end" : 6,
      "text" : "Bonito",
      "whiteSpace" : false
    }, {
      "id" : "s0-t1",
      "begin" : 7,
      "end" : 8,
      "text" : "e",
      "whiteSpace" : false
    }, {
      "id" : "s0-t2",
      "begin" : 9,
      "end" : 12,
      "text" : "com",
      "whiteSpace" : false
    }, {
      "id" : "s0-t3",
      "begin" : 13,
      "end" : 18,
      "text" : "ótimo",
      "whiteSpace" : false
    }, {
      "id" : "s0-t4",
      "begin" : 19,
      "end" : 29,
      "text" : "acabamento",
      "whiteSpace" : false
    }, {
      "id" : "s0-t5",
      "begin" : 30,
      "end" : 31,
      "text" : "e",
      "whiteSpace" : false
    }, {
      "id" : "s0-t6",
      "begin" : 32,
      "end" : 42,
      "text" : "eletrônica",
      "whiteSpace" : false
    }, {
      "id" : "s0-t7",
      "begin" : 43,
      "end" : 52,
      "text" : "embarcada",
      "whiteSpace" : false
    }, {
      "id" : "s0-t8",
      "begin" : 52,
      "end" : 53,
      "text" : ",",
      "whiteSpace" : false
    }, {
      "id" : "s0-t9",
      "begin" : 54,
      "end" : 55,
      "text" : "o",
      "whiteSpace" : false
    }, {
      "id" : "s0-t10",
      "begin" : 56,
      "end" : 60,
      "text" : "Fiat",
      "whiteSpace" : false
    }, {
      "id" : "s0-t11",
      "begin" : 61,
      "end" : 64,
      "text" : "500",
      "whiteSpace" : false
    }, {
      "id" : "s0-t12",
      "begin" : 65,
      "end" : 76,
      "text" : "impressiona",
      "whiteSpace" : false
    }, {
      "id" : "s0-t13",
      "begin" : 77,
      "end" : 78,
      "text" : "e",
      "whiteSpace" : false
    }, {
      "id" : "s0-t14",
      "begin" : 79,
      "end" : 80,
      "text" : "é",
      "whiteSpace" : false
    }, {
      "id" : "s0-t15",
      "begin" : 81,
      "end" : 89,
      "text" : "perfeito",
      "whiteSpace" : false
    }, {
      "id" : "s0-t16",
      "begin" : 90,
      "end" : 94,
      "text" : "para",
      "whiteSpace" : false
    }, {
      "id" : "s0-t17",
      "begin" : 95,
      "end" : 103,
      "text" : "condução",
      "whiteSpace" : false
    }, {
      "id" : "s0-t18",
      "begin" : 104,
      "end" : 113,
      "text" : "esportiva",
      "whiteSpace" : false
    }, {
      "id" : "s0-t19",
      "begin" : 113,
      "end" : 114,
      "text" : ".",
      "whiteSpace" : false
    } ]
  }, {
    "id" : "s1",
    "begin" : 115,
    "end" : 220,
    "text" : "A condução urbana é perfeita e ele é ágil como um kart e ele bem econômico, chegando a 12 Km/L na cidade.",
    "tokens" : [ {
      "id" : "s1-t0",
      "begin" : 115,
      "end" : 116,
      "text" : "A",
      "whiteSpace" : false
    }, {
      "id" : "s1-t1",
      "begin" : 117,
      "end" : 125,
      "text" : "condução",
      "whiteSpace" : false
    }, {
      "id" : "s1-t2",
      "begin" : 126,
      "end" : 132,
      "text" : "urbana",
      "whiteSpace" : false
    }, {
      "id" : "s1-t3",
      "begin" : 133,
      "end" : 134,
      "text" : "é",
      "whiteSpace" : false
    }, {
      "id" : "s1-t4",
      "begin" : 135,
      "end" : 143,
      "text" : "perfeita",
      "whiteSpace" : false
    }, {
      "id" : "s1-t5",
      "begin" : 144,
      "end" : 145,
      "text" : "e",
      "whiteSpace" : false
    }, {
      "id" : "s1-t6",
      "begin" : 146,
      "end" : 149,
      "text" : "ele",
      "whiteSpace" : false
    }, {
      "id" : "s1-t7",
      "begin" : 150,
      "end" : 151,
      "text" : "é",
      "whiteSpace" : false
    }, {
      "id" : "s1-t8",
      "begin" : 152,
      "end" : 156,
      "text" : "ágil",
      "whiteSpace" : false
    }, {
      "id" : "s1-t9",
      "begin" : 157,
      "end" : 161,
      "text" : "como",
      "whiteSpace" : false
    }, {
      "id" : "s1-t10",
      "begin" : 162,
      "end" : 164,
      "text" : "um",
      "whiteSpace" : false
    }, {
      "id" : "s1-t11",
      "begin" : 165,
      "end" : 169,
      "text" : "kart",
      "whiteSpace" : false
    }, {
      "id" : "s1-t12",
      "begin" : 170,
      "end" : 171,
      "text" : "e",
      "whiteSpace" : false
    }, {
      "id" : "s1-t13",
      "begin" : 172,
      "end" : 175,
      "text" : "ele",
      "whiteSpace" : false
    }, {
      "id" : "s1-t14",
      "begin" : 176,
      "end" : 179,
      "text" : "bem",
      "whiteSpace" : false
    }, {
      "id" : "s1-t15",
      "begin" : 180,
      "end" : 189,
      "text" : "econômico",
      "whiteSpace" : false
    }, {
      "id" : "s1-t16",
      "begin" : 189,
      "end" : 190,
      "text" : ",",
      "whiteSpace" : false
    }, {
      "id" : "s1-t17",
      "begin" : 191,
      "end" : 199,
      "text" : "chegando",
      "whiteSpace" : false
    }, {
      "id" : "s1-t18",
      "begin" : 200,
      "end" : 201,
      "text" : "a",
      "whiteSpace" : false
    }, {
      "id" : "s1-t19",
      "begin" : 202,
      "end" : 204,
      "text" : "12",
      "whiteSpace" : false
    }, {
      "id" : "s1-t20",
      "begin" : 205,
      "end" : 209,
      "text" : "Km/L",
      "whiteSpace" : false
    }, {
      "id" : "s1-t21",
      "begin" : 210,
      "end" : 212,
      "text" : "na",
      "whiteSpace" : false
    }, {
      "id" : "s1-t22",
      "begin" : 213,
      "end" : 219,
      "text" : "cidade",
      "whiteSpace" : false
    }, {
      "id" : "s1-t23",
      "begin" : 219,
      "end" : 220,
      "text" : ".",
      "whiteSpace" : false
    } ]
  } ],
  "mentions" : [ {
    "id" : "s0-m1",
    "properties" : {
      "SIRE_MENTION_ROLE" : "DESIGN",
      "SIRE_ENTITY_SUBTYPE" : "NONE",
      "SIRE_MENTION_TYPE" : "NONE",
      "SIRE_MENTION_CLASS" : "SPC"
    },
    "type" : "DESIGN",
    "begin" : 0,
    "end" : 6,
    "inCoref" : false
  }, {
    "id" : "s0-m2",
    "properties" : {
      "SIRE_MENTION_ROLE" : "DESIGN",
      "SIRE_ENTITY_SUBTYPE" : "NONE",
      "SIRE_MENTION_TYPE" : "NONE",
      "SIRE_MENTION_CLASS" : "SPC"
    },
    "type" : "DESIGN",
    "begin" : 19,
    "end" : 29,
    "inCoref" : false
  }, {
    "id" : "s0-m4",
    "properties" : {
      "SIRE_MENTION_ROLE" : "MODELO",
      "SIRE_ENTITY_SUBTYPE" : "NONE",
      "SIRE_MENTION_TYPE" : "NONE",
      "SIRE_MENTION_CLASS" : "SPC"
    },
    "type" : "MODELO",
    "begin" : 56,
    "end" : 64,
    "inCoref" : false
  }, {
    "id" : "s1-m1",
    "properties" : {
      "SIRE_MENTION_ROLE" : "CONSUMO",
      "SIRE_ENTITY_SUBTYPE" : "NONE",
      "SIRE_MENTION_TYPE" : "NONE",
      "SIRE_MENTION_CLASS" : "SPC"
    },
    "type" : "CONSUMO",
    "begin" : 180,
    "end" : 189,
    "inCoref" : false
  }, {
    "id" : "s1-m2",
    "properties" : {
      "SIRE_MENTION_ROLE" : "CONSUMO",
      "SIRE_ENTITY_SUBTYPE" : "NONE",
      "SIRE_MENTION_TYPE" : "NONE",
      "SIRE_MENTION_CLASS" : "SPC"
    },
    "type" : "CONSUMO",
    "begin" : 202,
    "end" : 209,
    "inCoref" : false
  } ],
  "relations" : [ ],
  "corefs" : [ ],
  "typeResolved" : true,
  "userResolved" : false
}