{
  "id" : "a2e93d50-f6cb-11ea-9b27-75c700284c8b-89",
  "name" : "train_83.txt",
  "createdDate" : 0,
  "version" : 3,
  "text" : "O novo Fiat Ducato 2020 é bem completo na Europa, contando com diversos equipamentos, entre eles assistente de mudança involuntária de faixa, ar-condicionado automático com duas ou mais zonas, freios ABS com EBD, controle de cruzeiro, leitor de sinais de trânsito, navegador GPS, computador de bordo com diversas funções,  sistema Traction+, assistente de partida em rampas, controle de estabilidade e de tração, entre outros.\r\n",
  "docLength" : 0,
  "language" : "PT",
  "status" : "SUBMITTED",
  "modifiedDate" : 1600309463797,
  "documentSet" : [ ],
  "preannotation" : [ ],
  "sentences" : [ {
    "id" : "s0",
    "begin" : 0,
    "end" : 426,
    "text" : "O novo Fiat Ducato 2020 é bem completo na Europa, contando com diversos equipamentos, entre eles assistente de mudança involuntária de faixa, ar-condicionado automático com duas ou mais zonas, freios ABS com EBD, controle de cruzeiro, leitor de sinais de trânsito, navegador GPS, computador de bordo com diversas funções,  sistema Traction+, assistente de partida em rampas, controle de estabilidade e de tração, entre outros.",
    "tokens" : [ {
      "id" : "s0-t0",
      "begin" : 0,
      "end" : 1,
      "text" : "O",
      "whiteSpace" : false
    }, {
      "id" : "s0-t1",
      "begin" : 2,
      "end" : 6,
      "text" : "novo",
      "whiteSpace" : false
    }, {
      "id" : "s0-t2",
      "begin" : 7,
      "end" : 11,
      "text" : "Fiat",
      "whiteSpace" : false
    }, {
      "id" : "s0-t3",
      "begin" : 12,
      "end" : 18,
      "text" : "Ducato",
      "whiteSpace" : false
    }, {
      "id" : "s0-t4",
      "begin" : 19,
      "end" : 23,
      "text" : "2020",
      "whiteSpace" : false
    }, {
      "id" : "s0-t5",
      "begin" : 24,
      "end" : 25,
      "text" : "é",
      "whiteSpace" : false
    }, {
      "id" : "s0-t6",
      "begin" : 26,
      "end" : 29,
      "text" : "bem",
      "whiteSpace" : false
    }, {
      "id" : "s0-t7",
      "begin" : 30,
      "end" : 38,
      "text" : "completo",
      "whiteSpace" : false
    }, {
      "id" : "s0-t8",
      "begin" : 39,
      "end" : 41,
      "text" : "na",
      "whiteSpace" : false
    }, {
      "id" : "s0-t9",
      "begin" : 42,
      "end" : 48,
      "text" : "Europa",
      "whiteSpace" : false
    }, {
      "id" : "s0-t10",
      "begin" : 48,
      "end" : 49,
      "text" : ",",
      "whiteSpace" : false
    }, {
      "id" : "s0-t11",
      "begin" : 50,
      "end" : 58,
      "text" : "contando",
      "whiteSpace" : false
    }, {
      "id" : "s0-t12",
      "begin" : 59,
      "end" : 62,
      "text" : "com",
      "whiteSpace" : false
    }, {
      "id" : "s0-t13",
      "begin" : 63,
      "end" : 71,
      "text" : "diversos",
      "whiteSpace" : false
    }, {
      "id" : "s0-t14",
      "begin" : 72,
      "end" : 84,
      "text" : "equipamentos",
      "whiteSpace" : false
    }, {
      "id" : "s0-t15",
      "begin" : 84,
      "end" : 85,
      "text" : ",",
      "whiteSpace" : false
    }, {
      "id" : "s0-t16",
      "begin" : 86,
      "end" : 91,
      "text" : "entre",
      "whiteSpace" : false
    }, {
      "id" : "s0-t17",
      "begin" : 92,
      "end" : 96,
      "text" : "eles",
      "whiteSpace" : false
    }, {
      "id" : "s0-t18",
      "begin" : 97,
      "end" : 107,
      "text" : "assistente",
      "whiteSpace" : false
    }, {
      "id" : "s0-t19",
      "begin" : 108,
      "end" : 110,
      "text" : "de",
      "whiteSpace" : false
    }, {
      "id" : "s0-t20",
      "begin" : 111,
      "end" : 118,
      "text" : "mudança",
      "whiteSpace" : false
    }, {
      "id" : "s0-t21",
      "begin" : 119,
      "end" : 131,
      "text" : "involuntária",
      "whiteSpace" : false
    }, {
      "id" : "s0-t22",
      "begin" : 132,
      "end" : 134,
      "text" : "de",
      "whiteSpace" : false
    }, {
      "id" : "s0-t23",
      "begin" : 135,
      "end" : 140,
      "text" : "faixa",
      "whiteSpace" : false
    }, {
      "id" : "s0-t24",
      "begin" : 140,
      "end" : 141,
      "text" : ",",
      "whiteSpace" : false
    }, {
      "id" : "s0-t25",
      "begin" : 142,
      "end" : 157,
      "text" : "ar-condicionado",
      "whiteSpace" : false
    }, {
      "id" : "s0-t26",
      "begin" : 158,
      "end" : 168,
      "text" : "automático",
      "whiteSpace" : false
    }, {
      "id" : "s0-t27",
      "begin" : 169,
      "end" : 172,
      "text" : "com",
      "whiteSpace" : false
    }, {
      "id" : "s0-t28",
      "begin" : 173,
      "end" : 177,
      "text" : "duas",
      "whiteSpace" : false
    }, {
      "id" : "s0-t29",
      "begin" : 178,
      "end" : 180,
      "text" : "ou",
      "whiteSpace" : false
    }, {
      "id" : "s0-t30",
      "begin" : 181,
      "end" : 185,
      "text" : "mais",
      "whiteSpace" : false
    }, {
      "id" : "s0-t31",
      "begin" : 186,
      "end" : 191,
      "text" : "zonas",
      "whiteSpace" : false
    }, {
      "id" : "s0-t32",
      "begin" : 191,
      "end" : 192,
      "text" : ",",
      "whiteSpace" : false
    }, {
      "id" : "s0-t33",
      "begin" : 193,
      "end" : 199,
      "text" : "freios",
      "whiteSpace" : false
    }, {
      "id" : "s0-t34",
      "begin" : 200,
      "end" : 203,
      "text" : "ABS",
      "whiteSpace" : false
    }, {
      "id" : "s0-t35",
      "begin" : 204,
      "end" : 207,
      "text" : "com",
      "whiteSpace" : false
    }, {
      "id" : "s0-t36",
      "begin" : 208,
      "end" : 211,
      "text" : "EBD",
      "whiteSpace" : false
    }, {
      "id" : "s0-t37",
      "begin" : 211,
      "end" : 212,
      "text" : ",",
      "whiteSpace" : false
    }, {
      "id" : "s0-t38",
      "begin" : 213,
      "end" : 221,
      "text" : "controle",
      "whiteSpace" : false
    }, {
      "id" : "s0-t39",
      "begin" : 222,
      "end" : 224,
      "text" : "de",
      "whiteSpace" : false
    }, {
      "id" : "s0-t40",
      "begin" : 225,
      "end" : 233,
      "text" : "cruzeiro",
      "whiteSpace" : false
    }, {
      "id" : "s0-t41",
      "begin" : 233,
      "end" : 234,
      "text" : ",",
      "whiteSpace" : false
    }, {
      "id" : "s0-t42",
      "begin" : 235,
      "end" : 241,
      "text" : "leitor",
      "whiteSpace" : false
    }, {
      "id" : "s0-t43",
      "begin" : 242,
      "end" : 244,
      "text" : "de",
      "whiteSpace" : false
    }, {
      "id" : "s0-t44",
      "begin" : 245,
      "end" : 251,
      "text" : "sinais",
      "whiteSpace" : false
    }, {
      "id" : "s0-t45",
      "begin" : 252,
      "end" : 254,
      "text" : "de",
      "whiteSpace" : false
    }, {
      "id" : "s0-t46",
      "begin" : 255,
      "end" : 263,
      "text" : "trânsito",
      "whiteSpace" : false
    }, {
      "id" : "s0-t47",
      "begin" : 263,
      "end" : 264,
      "text" : ",",
      "whiteSpace" : false
    }, {
      "id" : "s0-t48",
      "begin" : 265,
      "end" : 274,
      "text" : "navegador",
      "whiteSpace" : false
    }, {
      "id" : "s0-t49",
      "begin" : 275,
      "end" : 278,
      "text" : "GPS",
      "whiteSpace" : false
    }, {
      "id" : "s0-t50",
      "begin" : 278,
      "end" : 279,
      "text" : ",",
      "whiteSpace" : false
    }, {
      "id" : "s0-t51",
      "begin" : 280,
      "end" : 290,
      "text" : "computador",
      "whiteSpace" : false
    }, {
      "id" : "s0-t52",
      "begin" : 291,
      "end" : 293,
      "text" : "de",
      "whiteSpace" : false
    }, {
      "id" : "s0-t53",
      "begin" : 294,
      "end" : 299,
      "text" : "bordo",
      "whiteSpace" : false
    }, {
      "id" : "s0-t54",
      "begin" : 300,
      "end" : 303,
      "text" : "com",
      "whiteSpace" : false
    }, {
      "id" : "s0-t55",
      "begin" : 304,
      "end" : 312,
      "text" : "diversas",
      "whiteSpace" : false
    }, {
      "id" : "s0-t56",
      "begin" : 313,
      "end" : 320,
      "text" : "funções",
      "whiteSpace" : false
    }, {
      "id" : "s0-t57",
      "begin" : 320,
      "end" : 321,
      "text" : ",",
      "whiteSpace" : false
    }, {
      "id" : "s0-t58",
      "begin" : 323,
      "end" : 330,
      "text" : "sistema",
      "whiteSpace" : false
    }, {
      "id" : "s0-t59",
      "begin" : 331,
      "end" : 339,
      "text" : "Traction",
      "whiteSpace" : false
    }, {
      "id" : "s0-t60",
      "begin" : 339,
      "end" : 340,
      "text" : "+",
      "whiteSpace" : false
    }, {
      "id" : "s0-t61",
      "begin" : 340,
      "end" : 341,
      "text" : ",",
      "whiteSpace" : false
    }, {
      "id" : "s0-t62",
      "begin" : 342,
      "end" : 352,
      "text" : "assistente",
      "whiteSpace" : false
    }, {
      "id" : "s0-t63",
      "begin" : 353,
      "end" : 355,
      "text" : "de",
      "whiteSpace" : false
    }, {
      "id" : "s0-t64",
      "begin" : 356,
      "end" : 363,
      "text" : "partida",
      "whiteSpace" : false
    }, {
      "id" : "s0-t65",
      "begin" : 364,
      "end" : 366,
      "text" : "em",
      "whiteSpace" : false
    }, {
      "id" : "s0-t66",
      "begin" : 367,
      "end" : 373,
      "text" : "rampas",
      "whiteSpace" : false
    }, {
      "id" : "s0-t67",
      "begin" : 373,
      "end" : 374,
      "text" : ",",
      "whiteSpace" : false
    }, {
      "id" : "s0-t68",
      "begin" : 375,
      "end" : 383,
      "text" : "controle",
      "whiteSpace" : false
    }, {
      "id" : "s0-t69",
      "begin" : 384,
      "end" : 386,
      "text" : "de",
      "whiteSpace" : false
    }, {
      "id" : "s0-t70",
      "begin" : 387,
      "end" : 399,
      "text" : "estabilidade",
      "whiteSpace" : false
    }, {
      "id" : "s0-t71",
      "begin" : 400,
      "end" : 401,
      "text" : "e",
      "whiteSpace" : false
    }, {
      "id" : "s0-t72",
      "begin" : 402,
      "end" : 404,
      "text" : "de",
      "whiteSpace" : false
    }, {
      "id" : "s0-t73",
      "begin" : 405,
      "end" : 411,
      "text" : "tração",
      "whiteSpace" : false
    }, {
      "id" : "s0-t74",
      "begin" : 411,
      "end" : 412,
      "text" : ",",
      "whiteSpace" : false
    }, {
      "id" : "s0-t75",
      "begin" : 413,
      "end" : 418,
      "text" : "entre",
      "whiteSpace" : false
    }, {
      "id" : "s0-t76",
      "begin" : 419,
      "end" : 425,
      "text" : "outros",
      "whiteSpace" : false
    }, {
      "id" : "s0-t77",
      "begin" : 425,
      "end" : 426,
      "text" : ".",
      "whiteSpace" : false
    } ]
  } ],
  "mentions" : [ {
    "id" : "s0-m14",
    "properties" : {
      "SIRE_MENTION_ROLE" : "MODELO",
      "SIRE_ENTITY_SUBTYPE" : "NONE",
      "SIRE_MENTION_TYPE" : "NONE",
      "SIRE_MENTION_CLASS" : "SPC"
    },
    "type" : "MODELO",
    "begin" : 12,
    "end" : 18,
    "inCoref" : false
  }, {
    "id" : "s0-m4",
    "properties" : {
      "SIRE_MENTION_ROLE" : "ACESSORIOS",
      "SIRE_ENTITY_SUBTYPE" : "NONE",
      "SIRE_MENTION_TYPE" : "NONE",
      "SIRE_MENTION_CLASS" : "SPC"
    },
    "type" : "ACESSORIOS",
    "begin" : 97,
    "end" : 140,
    "inCoref" : false
  }, {
    "id" : "s0-m2",
    "properties" : {
      "SIRE_MENTION_ROLE" : "ACESSORIOS",
      "SIRE_ENTITY_SUBTYPE" : "NONE",
      "SIRE_MENTION_TYPE" : "NONE",
      "SIRE_MENTION_CLASS" : "SPC"
    },
    "type" : "ACESSORIOS",
    "begin" : 142,
    "end" : 157,
    "inCoref" : false
  }, {
    "id" : "s0-m3",
    "properties" : {
      "SIRE_MENTION_ROLE" : "SEGURANCA",
      "SIRE_ENTITY_SUBTYPE" : "NONE",
      "SIRE_MENTION_TYPE" : "NONE",
      "SIRE_MENTION_CLASS" : "SPC"
    },
    "type" : "SEGURANCA",
    "begin" : 193,
    "end" : 199,
    "inCoref" : false
  }, {
    "id" : "s0-m8",
    "properties" : {
      "SIRE_MENTION_ROLE" : "ACESSORIOS",
      "SIRE_ENTITY_SUBTYPE" : "NONE",
      "SIRE_MENTION_TYPE" : "NONE",
      "SIRE_MENTION_CLASS" : "SPC"
    },
    "type" : "ACESSORIOS",
    "begin" : 213,
    "end" : 233,
    "inCoref" : false
  }, {
    "id" : "s0-m6",
    "properties" : {
      "SIRE_MENTION_ROLE" : "ACESSORIOS",
      "SIRE_ENTITY_SUBTYPE" : "NONE",
      "SIRE_MENTION_TYPE" : "NONE",
      "SIRE_MENTION_CLASS" : "SPC"
    },
    "type" : "ACESSORIOS",
    "begin" : 235,
    "end" : 263,
    "inCoref" : false
  }, {
    "id" : "s0-m7",
    "properties" : {
      "SIRE_MENTION_ROLE" : "ACESSORIOS",
      "SIRE_ENTITY_SUBTYPE" : "NONE",
      "SIRE_MENTION_TYPE" : "NONE",
      "SIRE_MENTION_CLASS" : "SPC"
    },
    "type" : "ACESSORIOS",
    "begin" : 265,
    "end" : 278,
    "inCoref" : false
  }, {
    "id" : "s0-m9",
    "properties" : {
      "SIRE_MENTION_ROLE" : "ACESSORIOS",
      "SIRE_ENTITY_SUBTYPE" : "NONE",
      "SIRE_MENTION_TYPE" : "NONE",
      "SIRE_MENTION_CLASS" : "SPC"
    },
    "type" : "ACESSORIOS",
    "begin" : 280,
    "end" : 299,
    "inCoref" : false
  }, {
    "id" : "s0-m10",
    "properties" : {
      "SIRE_MENTION_ROLE" : "ACESSORIOS",
      "SIRE_ENTITY_SUBTYPE" : "NONE",
      "SIRE_MENTION_TYPE" : "NONE",
      "SIRE_MENTION_CLASS" : "SPC"
    },
    "type" : "ACESSORIOS",
    "begin" : 323,
    "end" : 340,
    "inCoref" : false
  }, {
    "id" : "s0-m11",
    "properties" : {
      "SIRE_MENTION_ROLE" : "ACESSORIOS",
      "SIRE_ENTITY_SUBTYPE" : "NONE",
      "SIRE_MENTION_TYPE" : "NONE",
      "SIRE_MENTION_CLASS" : "SPC"
    },
    "type" : "ACESSORIOS",
    "begin" : 342,
    "end" : 373,
    "inCoref" : false
  }, {
    "id" : "s0-m12",
    "properties" : {
      "SIRE_MENTION_ROLE" : "SEGURANCA",
      "SIRE_ENTITY_SUBTYPE" : "NONE",
      "SIRE_MENTION_TYPE" : "NONE",
      "SIRE_MENTION_CLASS" : "SPC"
    },
    "type" : "SEGURANCA",
    "begin" : 387,
    "end" : 399,
    "inCoref" : false
  }, {
    "id" : "s0-m13",
    "properties" : {
      "SIRE_MENTION_ROLE" : "SEGURANCA",
      "SIRE_ENTITY_SUBTYPE" : "NONE",
      "SIRE_MENTION_TYPE" : "NONE",
      "SIRE_MENTION_CLASS" : "SPC"
    },
    "type" : "SEGURANCA",
    "begin" : 405,
    "end" : 411,
    "inCoref" : false
  } ],
  "relations" : [ ],
  "corefs" : [ ],
  "typeResolved" : true,
  "userResolved" : false
}