{
  "id" : "a2e93d50-f6cb-11ea-9b27-75c700284c8b-43",
  "name" : "train_37.txt",
  "createdDate" : 0,
  "version" : 3,
  "text" : "A estabilidade em curvas de alta é muito boa, mas o CJ de suspensão precisa estar em ordem, câmbio muito bem escalonado, uma manteiga a troca de marchas e engate de ré do Marea.\r\n",
  "docLength" : 0,
  "language" : "PT",
  "status" : "SUBMITTED",
  "modifiedDate" : 1600307637429,
  "documentSet" : [ ],
  "preannotation" : [ ],
  "sentences" : [ {
    "id" : "s0",
    "begin" : 0,
    "end" : 177,
    "text" : "A estabilidade em curvas de alta é muito boa, mas o CJ de suspensão precisa estar em ordem, câmbio muito bem escalonado, uma manteiga a troca de marchas e engate de ré do Marea.",
    "tokens" : [ {
      "id" : "s0-t0",
      "begin" : 0,
      "end" : 1,
      "text" : "A",
      "whiteSpace" : false
    }, {
      "id" : "s0-t1",
      "begin" : 2,
      "end" : 14,
      "text" : "estabilidade",
      "whiteSpace" : false
    }, {
      "id" : "s0-t2",
      "begin" : 15,
      "end" : 17,
      "text" : "em",
      "whiteSpace" : false
    }, {
      "id" : "s0-t3",
      "begin" : 18,
      "end" : 24,
      "text" : "curvas",
      "whiteSpace" : false
    }, {
      "id" : "s0-t4",
      "begin" : 25,
      "end" : 27,
      "text" : "de",
      "whiteSpace" : false
    }, {
      "id" : "s0-t5",
      "begin" : 28,
      "end" : 32,
      "text" : "alta",
      "whiteSpace" : false
    }, {
      "id" : "s0-t6",
      "begin" : 33,
      "end" : 34,
      "text" : "é",
      "whiteSpace" : false
    }, {
      "id" : "s0-t7",
      "begin" : 35,
      "end" : 40,
      "text" : "muito",
      "whiteSpace" : false
    }, {
      "id" : "s0-t8",
      "begin" : 41,
      "end" : 44,
      "text" : "boa",
      "whiteSpace" : false
    }, {
      "id" : "s0-t9",
      "begin" : 44,
      "end" : 45,
      "text" : ",",
      "whiteSpace" : false
    }, {
      "id" : "s0-t10",
      "begin" : 46,
      "end" : 49,
      "text" : "mas",
      "whiteSpace" : false
    }, {
      "id" : "s0-t11",
      "begin" : 50,
      "end" : 51,
      "text" : "o",
      "whiteSpace" : false
    }, {
      "id" : "s0-t12",
      "begin" : 52,
      "end" : 54,
      "text" : "CJ",
      "whiteSpace" : false
    }, {
      "id" : "s0-t13",
      "begin" : 55,
      "end" : 57,
      "text" : "de",
      "whiteSpace" : false
    }, {
      "id" : "s0-t14",
      "begin" : 58,
      "end" : 67,
      "text" : "suspensão",
      "whiteSpace" : false
    }, {
      "id" : "s0-t15",
      "begin" : 68,
      "end" : 75,
      "text" : "precisa",
      "whiteSpace" : false
    }, {
      "id" : "s0-t16",
      "begin" : 76,
      "end" : 81,
      "text" : "estar",
      "whiteSpace" : false
    }, {
      "id" : "s0-t17",
      "begin" : 82,
      "end" : 84,
      "text" : "em",
      "whiteSpace" : false
    }, {
      "id" : "s0-t18",
      "begin" : 85,
      "end" : 90,
      "text" : "ordem",
      "whiteSpace" : false
    }, {
      "id" : "s0-t19",
      "begin" : 90,
      "end" : 91,
      "text" : ",",
      "whiteSpace" : false
    }, {
      "id" : "s0-t20",
      "begin" : 92,
      "end" : 98,
      "text" : "câmbio",
      "whiteSpace" : false
    }, {
      "id" : "s0-t21",
      "begin" : 99,
      "end" : 104,
      "text" : "muito",
      "whiteSpace" : false
    }, {
      "id" : "s0-t22",
      "begin" : 105,
      "end" : 108,
      "text" : "bem",
      "whiteSpace" : false
    }, {
      "id" : "s0-t23",
      "begin" : 109,
      "end" : 119,
      "text" : "escalonado",
      "whiteSpace" : false
    }, {
      "id" : "s0-t24",
      "begin" : 119,
      "end" : 120,
      "text" : ",",
      "whiteSpace" : false
    }, {
      "id" : "s0-t25",
      "begin" : 121,
      "end" : 124,
      "text" : "uma",
      "whiteSpace" : false
    }, {
      "id" : "s0-t26",
      "begin" : 125,
      "end" : 133,
      "text" : "manteiga",
      "whiteSpace" : false
    }, {
      "id" : "s0-t27",
      "begin" : 134,
      "end" : 135,
      "text" : "a",
      "whiteSpace" : false
    }, {
      "id" : "s0-t28",
      "begin" : 136,
      "end" : 141,
      "text" : "troca",
      "whiteSpace" : false
    }, {
      "id" : "s0-t29",
      "begin" : 142,
      "end" : 144,
      "text" : "de",
      "whiteSpace" : false
    }, {
      "id" : "s0-t30",
      "begin" : 145,
      "end" : 152,
      "text" : "marchas",
      "whiteSpace" : false
    }, {
      "id" : "s0-t31",
      "begin" : 153,
      "end" : 154,
      "text" : "e",
      "whiteSpace" : false
    }, {
      "id" : "s0-t32",
      "begin" : 155,
      "end" : 161,
      "text" : "engate",
      "whiteSpace" : false
    }, {
      "id" : "s0-t33",
      "begin" : 162,
      "end" : 164,
      "text" : "de",
      "whiteSpace" : false
    }, {
      "id" : "s0-t34",
      "begin" : 165,
      "end" : 167,
      "text" : "ré",
      "whiteSpace" : false
    }, {
      "id" : "s0-t35",
      "begin" : 168,
      "end" : 170,
      "text" : "do",
      "whiteSpace" : false
    }, {
      "id" : "s0-t36",
      "begin" : 171,
      "end" : 176,
      "text" : "Marea",
      "whiteSpace" : false
    }, {
      "id" : "s0-t37",
      "begin" : 176,
      "end" : 177,
      "text" : ".",
      "whiteSpace" : false
    } ]
  } ],
  "mentions" : [ {
    "id" : "s0-m4",
    "properties" : {
      "SIRE_MENTION_ROLE" : "SEGURANCA",
      "SIRE_ENTITY_SUBTYPE" : "NONE",
      "SIRE_MENTION_TYPE" : "NONE",
      "SIRE_MENTION_CLASS" : "SPC"
    },
    "type" : "SEGURANCA",
    "begin" : 2,
    "end" : 14,
    "inCoref" : false
  }, {
    "id" : "s0-m1",
    "properties" : {
      "SIRE_MENTION_ROLE" : "CONFORTO",
      "SIRE_ENTITY_SUBTYPE" : "NONE",
      "SIRE_MENTION_TYPE" : "NONE",
      "SIRE_MENTION_CLASS" : "SPC"
    },
    "type" : "CONFORTO",
    "begin" : 58,
    "end" : 67,
    "inCoref" : false
  }, {
    "id" : "s0-m2",
    "properties" : {
      "SIRE_MENTION_ROLE" : "CONFORTO",
      "SIRE_ENTITY_SUBTYPE" : "NONE",
      "SIRE_MENTION_TYPE" : "NONE",
      "SIRE_MENTION_CLASS" : "SPC"
    },
    "type" : "CONFORTO",
    "begin" : 92,
    "end" : 98,
    "inCoref" : false
  }, {
    "id" : "s0-m3",
    "properties" : {
      "SIRE_MENTION_ROLE" : "CONFORTO",
      "SIRE_ENTITY_SUBTYPE" : "NONE",
      "SIRE_MENTION_TYPE" : "NONE",
      "SIRE_MENTION_CLASS" : "SPC"
    },
    "type" : "CONFORTO",
    "begin" : 145,
    "end" : 152,
    "inCoref" : false
  }, {
    "id" : "s0-m5",
    "properties" : {
      "SIRE_MENTION_ROLE" : "MODELO",
      "SIRE_ENTITY_SUBTYPE" : "NONE",
      "SIRE_MENTION_TYPE" : "NONE",
      "SIRE_MENTION_CLASS" : "SPC"
    },
    "type" : "MODELO",
    "begin" : 171,
    "end" : 176,
    "inCoref" : false
  } ],
  "relations" : [ ],
  "corefs" : [ ],
  "typeResolved" : true,
  "userResolved" : false
}