{
  "id" : "a2e93d50-f6cb-11ea-9b27-75c700284c8b-7",
  "name" : "train_1.txt",
  "createdDate" : 0,
  "version" : 3,
  "text" : "A base do Jeep Renegade é a mesma que a do hatch Polo, tem a altura da suspensão e as molduras nas caixas de roda em comum com os SUVs compactos, e o teto com caimento suavizado, como nos cupês.\r\n",
  "docLength" : 0,
  "language" : "PT",
  "status" : "SUBMITTED",
  "modifiedDate" : 1600308671934,
  "documentSet" : [ ],
  "preannotation" : [ ],
  "sentences" : [ {
    "id" : "s0",
    "begin" : 0,
    "end" : 194,
    "text" : "A base do Jeep Renegade é a mesma que a do hatch Polo, tem a altura da suspensão e as molduras nas caixas de roda em comum com os SUVs compactos, e o teto com caimento suavizado, como nos cupês.",
    "tokens" : [ {
      "id" : "s0-t0",
      "begin" : 0,
      "end" : 1,
      "text" : "A",
      "whiteSpace" : false
    }, {
      "id" : "s0-t1",
      "begin" : 2,
      "end" : 6,
      "text" : "base",
      "whiteSpace" : false
    }, {
      "id" : "s0-t2",
      "begin" : 7,
      "end" : 9,
      "text" : "do",
      "whiteSpace" : false
    }, {
      "id" : "s0-t3",
      "begin" : 10,
      "end" : 14,
      "text" : "Jeep",
      "whiteSpace" : false
    }, {
      "id" : "s0-t4",
      "begin" : 15,
      "end" : 23,
      "text" : "Renegade",
      "whiteSpace" : false
    }, {
      "id" : "s0-t5",
      "begin" : 24,
      "end" : 25,
      "text" : "é",
      "whiteSpace" : false
    }, {
      "id" : "s0-t6",
      "begin" : 26,
      "end" : 27,
      "text" : "a",
      "whiteSpace" : false
    }, {
      "id" : "s0-t7",
      "begin" : 28,
      "end" : 33,
      "text" : "mesma",
      "whiteSpace" : false
    }, {
      "id" : "s0-t8",
      "begin" : 34,
      "end" : 37,
      "text" : "que",
      "whiteSpace" : false
    }, {
      "id" : "s0-t9",
      "begin" : 38,
      "end" : 39,
      "text" : "a",
      "whiteSpace" : false
    }, {
      "id" : "s0-t10",
      "begin" : 40,
      "end" : 42,
      "text" : "do",
      "whiteSpace" : false
    }, {
      "id" : "s0-t11",
      "begin" : 43,
      "end" : 48,
      "text" : "hatch",
      "whiteSpace" : false
    }, {
      "id" : "s0-t12",
      "begin" : 49,
      "end" : 53,
      "text" : "Polo",
      "whiteSpace" : false
    }, {
      "id" : "s0-t13",
      "begin" : 53,
      "end" : 54,
      "text" : ",",
      "whiteSpace" : false
    }, {
      "id" : "s0-t14",
      "begin" : 55,
      "end" : 58,
      "text" : "tem",
      "whiteSpace" : false
    }, {
      "id" : "s0-t15",
      "begin" : 59,
      "end" : 60,
      "text" : "a",
      "whiteSpace" : false
    }, {
      "id" : "s0-t16",
      "begin" : 61,
      "end" : 67,
      "text" : "altura",
      "whiteSpace" : false
    }, {
      "id" : "s0-t17",
      "begin" : 68,
      "end" : 70,
      "text" : "da",
      "whiteSpace" : false
    }, {
      "id" : "s0-t18",
      "begin" : 71,
      "end" : 80,
      "text" : "suspensão",
      "whiteSpace" : false
    }, {
      "id" : "s0-t19",
      "begin" : 81,
      "end" : 82,
      "text" : "e",
      "whiteSpace" : false
    }, {
      "id" : "s0-t20",
      "begin" : 83,
      "end" : 85,
      "text" : "as",
      "whiteSpace" : false
    }, {
      "id" : "s0-t21",
      "begin" : 86,
      "end" : 94,
      "text" : "molduras",
      "whiteSpace" : false
    }, {
      "id" : "s0-t22",
      "begin" : 95,
      "end" : 98,
      "text" : "nas",
      "whiteSpace" : false
    }, {
      "id" : "s0-t23",
      "begin" : 99,
      "end" : 105,
      "text" : "caixas",
      "whiteSpace" : false
    }, {
      "id" : "s0-t24",
      "begin" : 106,
      "end" : 108,
      "text" : "de",
      "whiteSpace" : false
    }, {
      "id" : "s0-t25",
      "begin" : 109,
      "end" : 113,
      "text" : "roda",
      "whiteSpace" : false
    }, {
      "id" : "s0-t26",
      "begin" : 114,
      "end" : 116,
      "text" : "em",
      "whiteSpace" : false
    }, {
      "id" : "s0-t27",
      "begin" : 117,
      "end" : 122,
      "text" : "comum",
      "whiteSpace" : false
    }, {
      "id" : "s0-t28",
      "begin" : 123,
      "end" : 126,
      "text" : "com",
      "whiteSpace" : false
    }, {
      "id" : "s0-t29",
      "begin" : 127,
      "end" : 129,
      "text" : "os",
      "whiteSpace" : false
    }, {
      "id" : "s0-t30",
      "begin" : 130,
      "end" : 134,
      "text" : "SUVs",
      "whiteSpace" : false
    }, {
      "id" : "s0-t31",
      "begin" : 135,
      "end" : 144,
      "text" : "compactos",
      "whiteSpace" : false
    }, {
      "id" : "s0-t32",
      "begin" : 144,
      "end" : 145,
      "text" : ",",
      "whiteSpace" : false
    }, {
      "id" : "s0-t33",
      "begin" : 146,
      "end" : 147,
      "text" : "e",
      "whiteSpace" : false
    }, {
      "id" : "s0-t34",
      "begin" : 148,
      "end" : 149,
      "text" : "o",
      "whiteSpace" : false
    }, {
      "id" : "s0-t35",
      "begin" : 150,
      "end" : 154,
      "text" : "teto",
      "whiteSpace" : false
    }, {
      "id" : "s0-t36",
      "begin" : 155,
      "end" : 158,
      "text" : "com",
      "whiteSpace" : false
    }, {
      "id" : "s0-t37",
      "begin" : 159,
      "end" : 167,
      "text" : "caimento",
      "whiteSpace" : false
    }, {
      "id" : "s0-t38",
      "begin" : 168,
      "end" : 177,
      "text" : "suavizado",
      "whiteSpace" : false
    }, {
      "id" : "s0-t39",
      "begin" : 177,
      "end" : 178,
      "text" : ",",
      "whiteSpace" : false
    }, {
      "id" : "s0-t40",
      "begin" : 179,
      "end" : 183,
      "text" : "como",
      "whiteSpace" : false
    }, {
      "id" : "s0-t41",
      "begin" : 184,
      "end" : 187,
      "text" : "nos",
      "whiteSpace" : false
    }, {
      "id" : "s0-t42",
      "begin" : 188,
      "end" : 193,
      "text" : "cupês",
      "whiteSpace" : false
    }, {
      "id" : "s0-t43",
      "begin" : 193,
      "end" : 194,
      "text" : ".",
      "whiteSpace" : false
    } ]
  } ],
  "mentions" : [ {
    "id" : "s0-m6",
    "properties" : {
      "SIRE_MENTION_ROLE" : "MODELO",
      "SIRE_ENTITY_SUBTYPE" : "NONE",
      "SIRE_MENTION_TYPE" : "NONE",
      "SIRE_MENTION_CLASS" : "SPC"
    },
    "type" : "MODELO",
    "begin" : 15,
    "end" : 23,
    "inCoref" : false
  }, {
    "id" : "s0-m3",
    "properties" : {
      "SIRE_MENTION_ROLE" : "CONFORTO",
      "SIRE_ENTITY_SUBTYPE" : "NONE",
      "SIRE_MENTION_TYPE" : "NONE",
      "SIRE_MENTION_CLASS" : "SPC"
    },
    "type" : "CONFORTO",
    "begin" : 71,
    "end" : 80,
    "inCoref" : false
  }, {
    "id" : "s0-m5",
    "properties" : {
      "SIRE_MENTION_ROLE" : "SEGURANCA",
      "SIRE_ENTITY_SUBTYPE" : "NONE",
      "SIRE_MENTION_TYPE" : "NONE",
      "SIRE_MENTION_CLASS" : "SPC"
    },
    "type" : "SEGURANCA",
    "begin" : 99,
    "end" : 113,
    "inCoref" : false
  } ],
  "relations" : [ ],
  "corefs" : [ ],
  "typeResolved" : true,
  "userResolved" : false
}