{
  "id" : "a2e93d50-f6cb-11ea-9b27-75c700284c8b-38",
  "name" : "train_32.txt",
  "createdDate" : 0,
  "version" : 3,
  "text" : "Veículo muito confortável para viagens longas, muito confiável em curvas, o carro gruda no chão. Possui bastante espaço no porta-malas e é bem econômico. Na versão manual o carro é uma nave. Apenas o barulho do motor que em alto giro você escuta de dentro do carro, mas nada que incomode muito.\r\n",
  "docLength" : 0,
  "language" : "PT",
  "status" : "SUBMITTED",
  "modifiedDate" : 1600307404106,
  "documentSet" : [ ],
  "preannotation" : [ ],
  "sentences" : [ {
    "id" : "s0",
    "begin" : 0,
    "end" : 96,
    "text" : "Veículo muito confortável para viagens longas, muito confiável em curvas, o carro gruda no chão.",
    "tokens" : [ {
      "id" : "s0-t0",
      "begin" : 0,
      "end" : 7,
      "text" : "Veículo",
      "whiteSpace" : false
    }, {
      "id" : "s0-t1",
      "begin" : 8,
      "end" : 13,
      "text" : "muito",
      "whiteSpace" : false
    }, {
      "id" : "s0-t2",
      "begin" : 14,
      "end" : 25,
      "text" : "confortável",
      "whiteSpace" : false
    }, {
      "id" : "s0-t3",
      "begin" : 26,
      "end" : 30,
      "text" : "para",
      "whiteSpace" : false
    }, {
      "id" : "s0-t4",
      "begin" : 31,
      "end" : 38,
      "text" : "viagens",
      "whiteSpace" : false
    }, {
      "id" : "s0-t5",
      "begin" : 39,
      "end" : 45,
      "text" : "longas",
      "whiteSpace" : false
    }, {
      "id" : "s0-t6",
      "begin" : 45,
      "end" : 46,
      "text" : ",",
      "whiteSpace" : false
    }, {
      "id" : "s0-t7",
      "begin" : 47,
      "end" : 52,
      "text" : "muito",
      "whiteSpace" : false
    }, {
      "id" : "s0-t8",
      "begin" : 53,
      "end" : 62,
      "text" : "confiável",
      "whiteSpace" : false
    }, {
      "id" : "s0-t9",
      "begin" : 63,
      "end" : 65,
      "text" : "em",
      "whiteSpace" : false
    }, {
      "id" : "s0-t10",
      "begin" : 66,
      "end" : 72,
      "text" : "curvas",
      "whiteSpace" : false
    }, {
      "id" : "s0-t11",
      "begin" : 72,
      "end" : 73,
      "text" : ",",
      "whiteSpace" : false
    }, {
      "id" : "s0-t12",
      "begin" : 74,
      "end" : 75,
      "text" : "o",
      "whiteSpace" : false
    }, {
      "id" : "s0-t13",
      "begin" : 76,
      "end" : 81,
      "text" : "carro",
      "whiteSpace" : false
    }, {
      "id" : "s0-t14",
      "begin" : 82,
      "end" : 87,
      "text" : "gruda",
      "whiteSpace" : false
    }, {
      "id" : "s0-t15",
      "begin" : 88,
      "end" : 90,
      "text" : "no",
      "whiteSpace" : false
    }, {
      "id" : "s0-t16",
      "begin" : 91,
      "end" : 95,
      "text" : "chão",
      "whiteSpace" : false
    }, {
      "id" : "s0-t17",
      "begin" : 95,
      "end" : 96,
      "text" : ".",
      "whiteSpace" : false
    } ]
  }, {
    "id" : "s1",
    "begin" : 97,
    "end" : 153,
    "text" : "Possui bastante espaço no porta-malas e é bem econômico.",
    "tokens" : [ {
      "id" : "s1-t0",
      "begin" : 97,
      "end" : 103,
      "text" : "Possui",
      "whiteSpace" : false
    }, {
      "id" : "s1-t1",
      "begin" : 104,
      "end" : 112,
      "text" : "bastante",
      "whiteSpace" : false
    }, {
      "id" : "s1-t2",
      "begin" : 113,
      "end" : 119,
      "text" : "espaço",
      "whiteSpace" : false
    }, {
      "id" : "s1-t3",
      "begin" : 120,
      "end" : 122,
      "text" : "no",
      "whiteSpace" : false
    }, {
      "id" : "s1-t4",
      "begin" : 123,
      "end" : 134,
      "text" : "porta-malas",
      "whiteSpace" : false
    }, {
      "id" : "s1-t5",
      "begin" : 135,
      "end" : 136,
      "text" : "e",
      "whiteSpace" : false
    }, {
      "id" : "s1-t6",
      "begin" : 137,
      "end" : 138,
      "text" : "é",
      "whiteSpace" : false
    }, {
      "id" : "s1-t7",
      "begin" : 139,
      "end" : 142,
      "text" : "bem",
      "whiteSpace" : false
    }, {
      "id" : "s1-t8",
      "begin" : 143,
      "end" : 152,
      "text" : "econômico",
      "whiteSpace" : false
    }, {
      "id" : "s1-t9",
      "begin" : 152,
      "end" : 153,
      "text" : ".",
      "whiteSpace" : false
    } ]
  }, {
    "id" : "s2",
    "begin" : 154,
    "end" : 190,
    "text" : "Na versão manual o carro é uma nave.",
    "tokens" : [ {
      "id" : "s2-t0",
      "begin" : 154,
      "end" : 156,
      "text" : "Na",
      "whiteSpace" : false
    }, {
      "id" : "s2-t1",
      "begin" : 157,
      "end" : 163,
      "text" : "versão",
      "whiteSpace" : false
    }, {
      "id" : "s2-t2",
      "begin" : 164,
      "end" : 170,
      "text" : "manual",
      "whiteSpace" : false
    }, {
      "id" : "s2-t3",
      "begin" : 171,
      "end" : 172,
      "text" : "o",
      "whiteSpace" : false
    }, {
      "id" : "s2-t4",
      "begin" : 173,
      "end" : 178,
      "text" : "carro",
      "whiteSpace" : false
    }, {
      "id" : "s2-t5",
      "begin" : 179,
      "end" : 180,
      "text" : "é",
      "whiteSpace" : false
    }, {
      "id" : "s2-t6",
      "begin" : 181,
      "end" : 184,
      "text" : "uma",
      "whiteSpace" : false
    }, {
      "id" : "s2-t7",
      "begin" : 185,
      "end" : 189,
      "text" : "nave",
      "whiteSpace" : false
    }, {
      "id" : "s2-t8",
      "begin" : 189,
      "end" : 190,
      "text" : ".",
      "whiteSpace" : false
    } ]
  }, {
    "id" : "s3",
    "begin" : 191,
    "end" : 294,
    "text" : "Apenas o barulho do motor que em alto giro você escuta de dentro do carro, mas nada que incomode muito.",
    "tokens" : [ {
      "id" : "s3-t0",
      "begin" : 191,
      "end" : 197,
      "text" : "Apenas",
      "whiteSpace" : false
    }, {
      "id" : "s3-t1",
      "begin" : 198,
      "end" : 199,
      "text" : "o",
      "whiteSpace" : false
    }, {
      "id" : "s3-t2",
      "begin" : 200,
      "end" : 207,
      "text" : "barulho",
      "whiteSpace" : false
    }, {
      "id" : "s3-t3",
      "begin" : 208,
      "end" : 210,
      "text" : "do",
      "whiteSpace" : false
    }, {
      "id" : "s3-t4",
      "begin" : 211,
      "end" : 216,
      "text" : "motor",
      "whiteSpace" : false
    }, {
      "id" : "s3-t5",
      "begin" : 217,
      "end" : 220,
      "text" : "que",
      "whiteSpace" : false
    }, {
      "id" : "s3-t6",
      "begin" : 221,
      "end" : 223,
      "text" : "em",
      "whiteSpace" : false
    }, {
      "id" : "s3-t7",
      "begin" : 224,
      "end" : 228,
      "text" : "alto",
      "whiteSpace" : false
    }, {
      "id" : "s3-t8",
      "begin" : 229,
      "end" : 233,
      "text" : "giro",
      "whiteSpace" : false
    }, {
      "id" : "s3-t9",
      "begin" : 234,
      "end" : 238,
      "text" : "você",
      "whiteSpace" : false
    }, {
      "id" : "s3-t10",
      "begin" : 239,
      "end" : 245,
      "text" : "escuta",
      "whiteSpace" : false
    }, {
      "id" : "s3-t11",
      "begin" : 246,
      "end" : 248,
      "text" : "de",
      "whiteSpace" : false
    }, {
      "id" : "s3-t12",
      "begin" : 249,
      "end" : 255,
      "text" : "dentro",
      "whiteSpace" : false
    }, {
      "id" : "s3-t13",
      "begin" : 256,
      "end" : 258,
      "text" : "do",
      "whiteSpace" : false
    }, {
      "id" : "s3-t14",
      "begin" : 259,
      "end" : 264,
      "text" : "carro",
      "whiteSpace" : false
    }, {
      "id" : "s3-t15",
      "begin" : 264,
      "end" : 265,
      "text" : ",",
      "whiteSpace" : false
    }, {
      "id" : "s3-t16",
      "begin" : 266,
      "end" : 269,
      "text" : "mas",
      "whiteSpace" : false
    }, {
      "id" : "s3-t17",
      "begin" : 270,
      "end" : 274,
      "text" : "nada",
      "whiteSpace" : false
    }, {
      "id" : "s3-t18",
      "begin" : 275,
      "end" : 278,
      "text" : "que",
      "whiteSpace" : false
    }, {
      "id" : "s3-t19",
      "begin" : 279,
      "end" : 287,
      "text" : "incomode",
      "whiteSpace" : false
    }, {
      "id" : "s3-t20",
      "begin" : 288,
      "end" : 293,
      "text" : "muito",
      "whiteSpace" : false
    }, {
      "id" : "s3-t21",
      "begin" : 293,
      "end" : 294,
      "text" : ".",
      "whiteSpace" : false
    } ]
  } ],
  "mentions" : [ {
    "id" : "s0-m1",
    "properties" : {
      "SIRE_MENTION_ROLE" : "CONFORTO",
      "SIRE_ENTITY_SUBTYPE" : "NONE",
      "SIRE_MENTION_TYPE" : "NONE",
      "SIRE_MENTION_CLASS" : "SPC"
    },
    "type" : "CONFORTO",
    "begin" : 14,
    "end" : 25,
    "inCoref" : false
  }, {
    "id" : "s1-m2",
    "properties" : {
      "SIRE_MENTION_ROLE" : "CONFORTO",
      "SIRE_ENTITY_SUBTYPE" : "NONE",
      "SIRE_MENTION_TYPE" : "NONE",
      "SIRE_MENTION_CLASS" : "SPC"
    },
    "type" : "CONFORTO",
    "begin" : 123,
    "end" : 134,
    "inCoref" : false
  }, {
    "id" : "s1-m3",
    "properties" : {
      "SIRE_MENTION_ROLE" : "CONSUMO",
      "SIRE_ENTITY_SUBTYPE" : "NONE",
      "SIRE_MENTION_TYPE" : "NONE",
      "SIRE_MENTION_CLASS" : "SPC"
    },
    "type" : "CONSUMO",
    "begin" : 143,
    "end" : 152,
    "inCoref" : false
  }, {
    "id" : "s3-m1",
    "properties" : {
      "SIRE_MENTION_ROLE" : "DESEMPENHO",
      "SIRE_ENTITY_SUBTYPE" : "NONE",
      "SIRE_MENTION_TYPE" : "NONE",
      "SIRE_MENTION_CLASS" : "SPC"
    },
    "type" : "DESEMPENHO",
    "begin" : 211,
    "end" : 216,
    "inCoref" : false
  } ],
  "relations" : [ ],
  "corefs" : [ ],
  "typeResolved" : true,
  "userResolved" : false
}