{
  "id" : "a2e93d50-f6cb-11ea-9b27-75c700284c8b-82",
  "name" : "train_76.txt",
  "createdDate" : 0,
  "version" : 3,
  "text" : "Esse furgão possui uma carroceria muito pesada para um motor extremamente fraco. A Fiorino com motor 1.6 certamente seria melhor. A embreagem também sofre de trepidação.\r\n",
  "docLength" : 0,
  "language" : "PT",
  "status" : "SUBMITTED",
  "modifiedDate" : 1600309181899,
  "documentSet" : [ ],
  "preannotation" : [ ],
  "sentences" : [ {
    "id" : "s0",
    "begin" : 0,
    "end" : 80,
    "text" : "Esse furgão possui uma carroceria muito pesada para um motor extremamente fraco.",
    "tokens" : [ {
      "id" : "s0-t0",
      "begin" : 0,
      "end" : 4,
      "text" : "Esse",
      "whiteSpace" : false
    }, {
      "id" : "s0-t1",
      "begin" : 5,
      "end" : 11,
      "text" : "furgão",
      "whiteSpace" : false
    }, {
      "id" : "s0-t2",
      "begin" : 12,
      "end" : 18,
      "text" : "possui",
      "whiteSpace" : false
    }, {
      "id" : "s0-t3",
      "begin" : 19,
      "end" : 22,
      "text" : "uma",
      "whiteSpace" : false
    }, {
      "id" : "s0-t4",
      "begin" : 23,
      "end" : 33,
      "text" : "carroceria",
      "whiteSpace" : false
    }, {
      "id" : "s0-t5",
      "begin" : 34,
      "end" : 39,
      "text" : "muito",
      "whiteSpace" : false
    }, {
      "id" : "s0-t6",
      "begin" : 40,
      "end" : 46,
      "text" : "pesada",
      "whiteSpace" : false
    }, {
      "id" : "s0-t7",
      "begin" : 47,
      "end" : 51,
      "text" : "para",
      "whiteSpace" : false
    }, {
      "id" : "s0-t8",
      "begin" : 52,
      "end" : 54,
      "text" : "um",
      "whiteSpace" : false
    }, {
      "id" : "s0-t9",
      "begin" : 55,
      "end" : 60,
      "text" : "motor",
      "whiteSpace" : false
    }, {
      "id" : "s0-t10",
      "begin" : 61,
      "end" : 73,
      "text" : "extremamente",
      "whiteSpace" : false
    }, {
      "id" : "s0-t11",
      "begin" : 74,
      "end" : 79,
      "text" : "fraco",
      "whiteSpace" : false
    }, {
      "id" : "s0-t12",
      "begin" : 79,
      "end" : 80,
      "text" : ".",
      "whiteSpace" : false
    } ]
  }, {
    "id" : "s1",
    "begin" : 81,
    "end" : 129,
    "text" : "A Fiorino com motor 1.6 certamente seria melhor.",
    "tokens" : [ {
      "id" : "s1-t0",
      "begin" : 81,
      "end" : 82,
      "text" : "A",
      "whiteSpace" : false
    }, {
      "id" : "s1-t1",
      "begin" : 83,
      "end" : 90,
      "text" : "Fiorino",
      "whiteSpace" : false
    }, {
      "id" : "s1-t2",
      "begin" : 91,
      "end" : 94,
      "text" : "com",
      "whiteSpace" : false
    }, {
      "id" : "s1-t3",
      "begin" : 95,
      "end" : 100,
      "text" : "motor",
      "whiteSpace" : false
    }, {
      "id" : "s1-t4",
      "begin" : 101,
      "end" : 104,
      "text" : "1.6",
      "whiteSpace" : false
    }, {
      "id" : "s1-t5",
      "begin" : 105,
      "end" : 115,
      "text" : "certamente",
      "whiteSpace" : false
    }, {
      "id" : "s1-t6",
      "begin" : 116,
      "end" : 121,
      "text" : "seria",
      "whiteSpace" : false
    }, {
      "id" : "s1-t7",
      "begin" : 122,
      "end" : 128,
      "text" : "melhor",
      "whiteSpace" : false
    }, {
      "id" : "s1-t8",
      "begin" : 128,
      "end" : 129,
      "text" : ".",
      "whiteSpace" : false
    } ]
  }, {
    "id" : "s2",
    "begin" : 130,
    "end" : 169,
    "text" : "A embreagem também sofre de trepidação.",
    "tokens" : [ {
      "id" : "s2-t0",
      "begin" : 130,
      "end" : 131,
      "text" : "A",
      "whiteSpace" : false
    }, {
      "id" : "s2-t1",
      "begin" : 132,
      "end" : 141,
      "text" : "embreagem",
      "whiteSpace" : false
    }, {
      "id" : "s2-t2",
      "begin" : 142,
      "end" : 148,
      "text" : "também",
      "whiteSpace" : false
    }, {
      "id" : "s2-t3",
      "begin" : 149,
      "end" : 154,
      "text" : "sofre",
      "whiteSpace" : false
    }, {
      "id" : "s2-t4",
      "begin" : 155,
      "end" : 157,
      "text" : "de",
      "whiteSpace" : false
    }, {
      "id" : "s2-t5",
      "begin" : 158,
      "end" : 168,
      "text" : "trepidação",
      "whiteSpace" : false
    }, {
      "id" : "s2-t6",
      "begin" : 168,
      "end" : 169,
      "text" : ".",
      "whiteSpace" : false
    } ]
  } ],
  "mentions" : [ {
    "id" : "s0-m1",
    "properties" : {
      "SIRE_MENTION_ROLE" : "DESEMPENHO",
      "SIRE_ENTITY_SUBTYPE" : "NONE",
      "SIRE_MENTION_TYPE" : "NONE",
      "SIRE_MENTION_CLASS" : "SPC"
    },
    "type" : "DESEMPENHO",
    "begin" : 55,
    "end" : 60,
    "inCoref" : false
  }, {
    "id" : "s1-m1",
    "properties" : {
      "SIRE_MENTION_ROLE" : "MODELO",
      "SIRE_ENTITY_SUBTYPE" : "NONE",
      "SIRE_MENTION_TYPE" : "NONE",
      "SIRE_MENTION_CLASS" : "SPC"
    },
    "type" : "MODELO",
    "begin" : 83,
    "end" : 90,
    "inCoref" : false
  }, {
    "id" : "s1-m2",
    "properties" : {
      "SIRE_MENTION_ROLE" : "DESEMPENHO",
      "SIRE_ENTITY_SUBTYPE" : "NONE",
      "SIRE_MENTION_TYPE" : "NONE",
      "SIRE_MENTION_CLASS" : "SPC"
    },
    "type" : "DESEMPENHO",
    "begin" : 95,
    "end" : 100,
    "inCoref" : false
  }, {
    "id" : "s2-m2",
    "properties" : {
      "SIRE_MENTION_ROLE" : "SEGURANCA",
      "SIRE_ENTITY_SUBTYPE" : "NONE",
      "SIRE_MENTION_TYPE" : "NONE",
      "SIRE_MENTION_CLASS" : "SPC"
    },
    "type" : "SEGURANCA",
    "begin" : 132,
    "end" : 141,
    "inCoref" : false
  } ],
  "relations" : [ ],
  "corefs" : [ ],
  "typeResolved" : true,
  "userResolved" : false
}