{
  "id" : "a2e93d50-f6cb-11ea-9b27-75c700284c8b-46",
  "name" : "train_40.txt",
  "createdDate" : 0,
  "version" : 3,
  "text" : "O motor do Marea é de alta tecnologia, projeto muito bem trabalhado. A segurança do carro também é incrível, devida a ótima tecnologia da carroceria que possui boa absorção de impactos. O barulho do motor também é muito bonito.\r\n",
  "docLength" : 0,
  "language" : "PT",
  "status" : "SUBMITTED",
  "modifiedDate" : 1600307711482,
  "documentSet" : [ ],
  "preannotation" : [ ],
  "sentences" : [ {
    "id" : "s0",
    "begin" : 0,
    "end" : 68,
    "text" : "O motor do Marea é de alta tecnologia, projeto muito bem trabalhado.",
    "tokens" : [ {
      "id" : "s0-t0",
      "begin" : 0,
      "end" : 1,
      "text" : "O",
      "whiteSpace" : false
    }, {
      "id" : "s0-t1",
      "begin" : 2,
      "end" : 7,
      "text" : "motor",
      "whiteSpace" : false
    }, {
      "id" : "s0-t2",
      "begin" : 8,
      "end" : 10,
      "text" : "do",
      "whiteSpace" : false
    }, {
      "id" : "s0-t3",
      "begin" : 11,
      "end" : 16,
      "text" : "Marea",
      "whiteSpace" : false
    }, {
      "id" : "s0-t4",
      "begin" : 17,
      "end" : 18,
      "text" : "é",
      "whiteSpace" : false
    }, {
      "id" : "s0-t5",
      "begin" : 19,
      "end" : 21,
      "text" : "de",
      "whiteSpace" : false
    }, {
      "id" : "s0-t6",
      "begin" : 22,
      "end" : 26,
      "text" : "alta",
      "whiteSpace" : false
    }, {
      "id" : "s0-t7",
      "begin" : 27,
      "end" : 37,
      "text" : "tecnologia",
      "whiteSpace" : false
    }, {
      "id" : "s0-t8",
      "begin" : 37,
      "end" : 38,
      "text" : ",",
      "whiteSpace" : false
    }, {
      "id" : "s0-t9",
      "begin" : 39,
      "end" : 46,
      "text" : "projeto",
      "whiteSpace" : false
    }, {
      "id" : "s0-t10",
      "begin" : 47,
      "end" : 52,
      "text" : "muito",
      "whiteSpace" : false
    }, {
      "id" : "s0-t11",
      "begin" : 53,
      "end" : 56,
      "text" : "bem",
      "whiteSpace" : false
    }, {
      "id" : "s0-t12",
      "begin" : 57,
      "end" : 67,
      "text" : "trabalhado",
      "whiteSpace" : false
    }, {
      "id" : "s0-t13",
      "begin" : 67,
      "end" : 68,
      "text" : ".",
      "whiteSpace" : false
    } ]
  }, {
    "id" : "s1",
    "begin" : 69,
    "end" : 185,
    "text" : "A segurança do carro também é incrível, devida a ótima tecnologia da carroceria que possui boa absorção de impactos.",
    "tokens" : [ {
      "id" : "s1-t0",
      "begin" : 69,
      "end" : 70,
      "text" : "A",
      "whiteSpace" : false
    }, {
      "id" : "s1-t1",
      "begin" : 71,
      "end" : 80,
      "text" : "segurança",
      "whiteSpace" : false
    }, {
      "id" : "s1-t2",
      "begin" : 81,
      "end" : 83,
      "text" : "do",
      "whiteSpace" : false
    }, {
      "id" : "s1-t3",
      "begin" : 84,
      "end" : 89,
      "text" : "carro",
      "whiteSpace" : false
    }, {
      "id" : "s1-t4",
      "begin" : 90,
      "end" : 96,
      "text" : "também",
      "whiteSpace" : false
    }, {
      "id" : "s1-t5",
      "begin" : 97,
      "end" : 98,
      "text" : "é",
      "whiteSpace" : false
    }, {
      "id" : "s1-t6",
      "begin" : 99,
      "end" : 107,
      "text" : "incrível",
      "whiteSpace" : false
    }, {
      "id" : "s1-t7",
      "begin" : 107,
      "end" : 108,
      "text" : ",",
      "whiteSpace" : false
    }, {
      "id" : "s1-t8",
      "begin" : 109,
      "end" : 115,
      "text" : "devida",
      "whiteSpace" : false
    }, {
      "id" : "s1-t9",
      "begin" : 116,
      "end" : 117,
      "text" : "a",
      "whiteSpace" : false
    }, {
      "id" : "s1-t10",
      "begin" : 118,
      "end" : 123,
      "text" : "ótima",
      "whiteSpace" : false
    }, {
      "id" : "s1-t11",
      "begin" : 124,
      "end" : 134,
      "text" : "tecnologia",
      "whiteSpace" : false
    }, {
      "id" : "s1-t12",
      "begin" : 135,
      "end" : 137,
      "text" : "da",
      "whiteSpace" : false
    }, {
      "id" : "s1-t13",
      "begin" : 138,
      "end" : 148,
      "text" : "carroceria",
      "whiteSpace" : false
    }, {
      "id" : "s1-t14",
      "begin" : 149,
      "end" : 152,
      "text" : "que",
      "whiteSpace" : false
    }, {
      "id" : "s1-t15",
      "begin" : 153,
      "end" : 159,
      "text" : "possui",
      "whiteSpace" : false
    }, {
      "id" : "s1-t16",
      "begin" : 160,
      "end" : 163,
      "text" : "boa",
      "whiteSpace" : false
    }, {
      "id" : "s1-t17",
      "begin" : 164,
      "end" : 172,
      "text" : "absorção",
      "whiteSpace" : false
    }, {
      "id" : "s1-t18",
      "begin" : 173,
      "end" : 175,
      "text" : "de",
      "whiteSpace" : false
    }, {
      "id" : "s1-t19",
      "begin" : 176,
      "end" : 184,
      "text" : "impactos",
      "whiteSpace" : false
    }, {
      "id" : "s1-t20",
      "begin" : 184,
      "end" : 185,
      "text" : ".",
      "whiteSpace" : false
    } ]
  }, {
    "id" : "s2",
    "begin" : 186,
    "end" : 227,
    "text" : "O barulho do motor também é muito bonito.",
    "tokens" : [ {
      "id" : "s2-t0",
      "begin" : 186,
      "end" : 187,
      "text" : "O",
      "whiteSpace" : false
    }, {
      "id" : "s2-t1",
      "begin" : 188,
      "end" : 195,
      "text" : "barulho",
      "whiteSpace" : false
    }, {
      "id" : "s2-t2",
      "begin" : 196,
      "end" : 198,
      "text" : "do",
      "whiteSpace" : false
    }, {
      "id" : "s2-t3",
      "begin" : 199,
      "end" : 204,
      "text" : "motor",
      "whiteSpace" : false
    }, {
      "id" : "s2-t4",
      "begin" : 205,
      "end" : 211,
      "text" : "também",
      "whiteSpace" : false
    }, {
      "id" : "s2-t5",
      "begin" : 212,
      "end" : 213,
      "text" : "é",
      "whiteSpace" : false
    }, {
      "id" : "s2-t6",
      "begin" : 214,
      "end" : 219,
      "text" : "muito",
      "whiteSpace" : false
    }, {
      "id" : "s2-t7",
      "begin" : 220,
      "end" : 226,
      "text" : "bonito",
      "whiteSpace" : false
    }, {
      "id" : "s2-t8",
      "begin" : 226,
      "end" : 227,
      "text" : ".",
      "whiteSpace" : false
    } ]
  } ],
  "mentions" : [ {
    "id" : "s0-m1",
    "properties" : {
      "SIRE_MENTION_ROLE" : "DESEMPENHO",
      "SIRE_ENTITY_SUBTYPE" : "NONE",
      "SIRE_MENTION_TYPE" : "NONE",
      "SIRE_MENTION_CLASS" : "SPC"
    },
    "type" : "DESEMPENHO",
    "begin" : 2,
    "end" : 7,
    "inCoref" : false
  }, {
    "id" : "s0-m2",
    "properties" : {
      "SIRE_MENTION_ROLE" : "MODELO",
      "SIRE_ENTITY_SUBTYPE" : "NONE",
      "SIRE_MENTION_TYPE" : "NONE",
      "SIRE_MENTION_CLASS" : "SPC"
    },
    "type" : "MODELO",
    "begin" : 11,
    "end" : 16,
    "inCoref" : false
  }, {
    "id" : "s1-m1",
    "properties" : {
      "SIRE_MENTION_ROLE" : "SEGURANCA",
      "SIRE_ENTITY_SUBTYPE" : "NONE",
      "SIRE_MENTION_TYPE" : "NONE",
      "SIRE_MENTION_CLASS" : "SPC"
    },
    "type" : "SEGURANCA",
    "begin" : 71,
    "end" : 80,
    "inCoref" : false
  }, {
    "id" : "s2-m1",
    "properties" : {
      "SIRE_MENTION_ROLE" : "DESEMPENHO",
      "SIRE_ENTITY_SUBTYPE" : "NONE",
      "SIRE_MENTION_TYPE" : "NONE",
      "SIRE_MENTION_CLASS" : "SPC"
    },
    "type" : "DESEMPENHO",
    "begin" : 199,
    "end" : 204,
    "inCoref" : false
  } ],
  "relations" : [ ],
  "corefs" : [ ],
  "typeResolved" : true,
  "userResolved" : false
}