{
  "id" : "a2e93d50-f6cb-11ea-9b27-75c700284c8b-52",
  "name" : "train_46.txt",
  "createdDate" : 0,
  "version" : 3,
  "text" : "O Fiat 500 é um carro com visual que agrada muito, estiloso, bonito. Mecânica confiável com manutenções de rotina com preço baixo. O interior é bonito e bem acabado. É um carro muito urbano com relação de marchas curtas com uma potência muito boa. Cabe em qualquer vaga. Você vai se apaixonar se dirigir um.\r\n",
  "docLength" : 0,
  "language" : "PT",
  "status" : "SUBMITTED",
  "modifiedDate" : 1600308070371,
  "documentSet" : [ ],
  "preannotation" : [ ],
  "sentences" : [ {
    "id" : "s0",
    "begin" : 0,
    "end" : 68,
    "text" : "O Fiat 500 é um carro com visual que agrada muito, estiloso, bonito.",
    "tokens" : [ {
      "id" : "s0-t0",
      "begin" : 0,
      "end" : 1,
      "text" : "O",
      "whiteSpace" : false
    }, {
      "id" : "s0-t1",
      "begin" : 2,
      "end" : 6,
      "text" : "Fiat",
      "whiteSpace" : false
    }, {
      "id" : "s0-t2",
      "begin" : 7,
      "end" : 10,
      "text" : "500",
      "whiteSpace" : false
    }, {
      "id" : "s0-t3",
      "begin" : 11,
      "end" : 12,
      "text" : "é",
      "whiteSpace" : false
    }, {
      "id" : "s0-t4",
      "begin" : 13,
      "end" : 15,
      "text" : "um",
      "whiteSpace" : false
    }, {
      "id" : "s0-t5",
      "begin" : 16,
      "end" : 21,
      "text" : "carro",
      "whiteSpace" : false
    }, {
      "id" : "s0-t6",
      "begin" : 22,
      "end" : 25,
      "text" : "com",
      "whiteSpace" : false
    }, {
      "id" : "s0-t7",
      "begin" : 26,
      "end" : 32,
      "text" : "visual",
      "whiteSpace" : false
    }, {
      "id" : "s0-t8",
      "begin" : 33,
      "end" : 36,
      "text" : "que",
      "whiteSpace" : false
    }, {
      "id" : "s0-t9",
      "begin" : 37,
      "end" : 43,
      "text" : "agrada",
      "whiteSpace" : false
    }, {
      "id" : "s0-t10",
      "begin" : 44,
      "end" : 49,
      "text" : "muito",
      "whiteSpace" : false
    }, {
      "id" : "s0-t11",
      "begin" : 49,
      "end" : 50,
      "text" : ",",
      "whiteSpace" : false
    }, {
      "id" : "s0-t12",
      "begin" : 51,
      "end" : 59,
      "text" : "estiloso",
      "whiteSpace" : false
    }, {
      "id" : "s0-t13",
      "begin" : 59,
      "end" : 60,
      "text" : ",",
      "whiteSpace" : false
    }, {
      "id" : "s0-t14",
      "begin" : 61,
      "end" : 67,
      "text" : "bonito",
      "whiteSpace" : false
    }, {
      "id" : "s0-t15",
      "begin" : 67,
      "end" : 68,
      "text" : ".",
      "whiteSpace" : false
    } ]
  }, {
    "id" : "s1",
    "begin" : 69,
    "end" : 130,
    "text" : "Mecânica confiável com manutenções de rotina com preço baixo.",
    "tokens" : [ {
      "id" : "s1-t0",
      "begin" : 69,
      "end" : 77,
      "text" : "Mecânica",
      "whiteSpace" : false
    }, {
      "id" : "s1-t1",
      "begin" : 78,
      "end" : 87,
      "text" : "confiável",
      "whiteSpace" : false
    }, {
      "id" : "s1-t2",
      "begin" : 88,
      "end" : 91,
      "text" : "com",
      "whiteSpace" : false
    }, {
      "id" : "s1-t3",
      "begin" : 92,
      "end" : 103,
      "text" : "manutenções",
      "whiteSpace" : false
    }, {
      "id" : "s1-t4",
      "begin" : 104,
      "end" : 106,
      "text" : "de",
      "whiteSpace" : false
    }, {
      "id" : "s1-t5",
      "begin" : 107,
      "end" : 113,
      "text" : "rotina",
      "whiteSpace" : false
    }, {
      "id" : "s1-t6",
      "begin" : 114,
      "end" : 117,
      "text" : "com",
      "whiteSpace" : false
    }, {
      "id" : "s1-t7",
      "begin" : 118,
      "end" : 123,
      "text" : "preço",
      "whiteSpace" : false
    }, {
      "id" : "s1-t8",
      "begin" : 124,
      "end" : 129,
      "text" : "baixo",
      "whiteSpace" : false
    }, {
      "id" : "s1-t9",
      "begin" : 129,
      "end" : 130,
      "text" : ".",
      "whiteSpace" : false
    } ]
  }, {
    "id" : "s2",
    "begin" : 131,
    "end" : 165,
    "text" : "O interior é bonito e bem acabado.",
    "tokens" : [ {
      "id" : "s2-t0",
      "begin" : 131,
      "end" : 132,
      "text" : "O",
      "whiteSpace" : false
    }, {
      "id" : "s2-t1",
      "begin" : 133,
      "end" : 141,
      "text" : "interior",
      "whiteSpace" : false
    }, {
      "id" : "s2-t2",
      "begin" : 142,
      "end" : 143,
      "text" : "é",
      "whiteSpace" : false
    }, {
      "id" : "s2-t3",
      "begin" : 144,
      "end" : 150,
      "text" : "bonito",
      "whiteSpace" : false
    }, {
      "id" : "s2-t4",
      "begin" : 151,
      "end" : 152,
      "text" : "e",
      "whiteSpace" : false
    }, {
      "id" : "s2-t5",
      "begin" : 153,
      "end" : 156,
      "text" : "bem",
      "whiteSpace" : false
    }, {
      "id" : "s2-t6",
      "begin" : 157,
      "end" : 164,
      "text" : "acabado",
      "whiteSpace" : false
    }, {
      "id" : "s2-t7",
      "begin" : 164,
      "end" : 165,
      "text" : ".",
      "whiteSpace" : false
    } ]
  }, {
    "id" : "s3",
    "begin" : 166,
    "end" : 247,
    "text" : "É um carro muito urbano com relação de marchas curtas com uma potência muito boa.",
    "tokens" : [ {
      "id" : "s3-t0",
      "begin" : 166,
      "end" : 167,
      "text" : "É",
      "whiteSpace" : false
    }, {
      "id" : "s3-t1",
      "begin" : 168,
      "end" : 170,
      "text" : "um",
      "whiteSpace" : false
    }, {
      "id" : "s3-t2",
      "begin" : 171,
      "end" : 176,
      "text" : "carro",
      "whiteSpace" : false
    }, {
      "id" : "s3-t3",
      "begin" : 177,
      "end" : 182,
      "text" : "muito",
      "whiteSpace" : false
    }, {
      "id" : "s3-t4",
      "begin" : 183,
      "end" : 189,
      "text" : "urbano",
      "whiteSpace" : false
    }, {
      "id" : "s3-t5",
      "begin" : 190,
      "end" : 193,
      "text" : "com",
      "whiteSpace" : false
    }, {
      "id" : "s3-t6",
      "begin" : 194,
      "end" : 201,
      "text" : "relação",
      "whiteSpace" : false
    }, {
      "id" : "s3-t7",
      "begin" : 202,
      "end" : 204,
      "text" : "de",
      "whiteSpace" : false
    }, {
      "id" : "s3-t8",
      "begin" : 205,
      "end" : 212,
      "text" : "marchas",
      "whiteSpace" : false
    }, {
      "id" : "s3-t9",
      "begin" : 213,
      "end" : 219,
      "text" : "curtas",
      "whiteSpace" : false
    }, {
      "id" : "s3-t10",
      "begin" : 220,
      "end" : 223,
      "text" : "com",
      "whiteSpace" : false
    }, {
      "id" : "s3-t11",
      "begin" : 224,
      "end" : 227,
      "text" : "uma",
      "whiteSpace" : false
    }, {
      "id" : "s3-t12",
      "begin" : 228,
      "end" : 236,
      "text" : "potência",
      "whiteSpace" : false
    }, {
      "id" : "s3-t13",
      "begin" : 237,
      "end" : 242,
      "text" : "muito",
      "whiteSpace" : false
    }, {
      "id" : "s3-t14",
      "begin" : 243,
      "end" : 246,
      "text" : "boa",
      "whiteSpace" : false
    }, {
      "id" : "s3-t15",
      "begin" : 246,
      "end" : 247,
      "text" : ".",
      "whiteSpace" : false
    } ]
  }, {
    "id" : "s4",
    "begin" : 248,
    "end" : 270,
    "text" : "Cabe em qualquer vaga.",
    "tokens" : [ {
      "id" : "s4-t0",
      "begin" : 248,
      "end" : 252,
      "text" : "Cabe",
      "whiteSpace" : false
    }, {
      "id" : "s4-t1",
      "begin" : 253,
      "end" : 255,
      "text" : "em",
      "whiteSpace" : false
    }, {
      "id" : "s4-t2",
      "begin" : 256,
      "end" : 264,
      "text" : "qualquer",
      "whiteSpace" : false
    }, {
      "id" : "s4-t3",
      "begin" : 265,
      "end" : 269,
      "text" : "vaga",
      "whiteSpace" : false
    }, {
      "id" : "s4-t4",
      "begin" : 269,
      "end" : 270,
      "text" : ".",
      "whiteSpace" : false
    } ]
  }, {
    "id" : "s5",
    "begin" : 271,
    "end" : 307,
    "text" : "Você vai se apaixonar se dirigir um.",
    "tokens" : [ {
      "id" : "s5-t0",
      "begin" : 271,
      "end" : 275,
      "text" : "Você",
      "whiteSpace" : false
    }, {
      "id" : "s5-t1",
      "begin" : 276,
      "end" : 279,
      "text" : "vai",
      "whiteSpace" : false
    }, {
      "id" : "s5-t2",
      "begin" : 280,
      "end" : 282,
      "text" : "se",
      "whiteSpace" : false
    }, {
      "id" : "s5-t3",
      "begin" : 283,
      "end" : 292,
      "text" : "apaixonar",
      "whiteSpace" : false
    }, {
      "id" : "s5-t4",
      "begin" : 293,
      "end" : 295,
      "text" : "se",
      "whiteSpace" : false
    }, {
      "id" : "s5-t5",
      "begin" : 296,
      "end" : 303,
      "text" : "dirigir",
      "whiteSpace" : false
    }, {
      "id" : "s5-t6",
      "begin" : 304,
      "end" : 306,
      "text" : "um",
      "whiteSpace" : false
    }, {
      "id" : "s5-t7",
      "begin" : 306,
      "end" : 307,
      "text" : ".",
      "whiteSpace" : false
    } ]
  } ],
  "mentions" : [ {
    "id" : "s0-m1",
    "properties" : {
      "SIRE_MENTION_ROLE" : "MODELO",
      "SIRE_ENTITY_SUBTYPE" : "NONE",
      "SIRE_MENTION_TYPE" : "NONE",
      "SIRE_MENTION_CLASS" : "SPC"
    },
    "type" : "MODELO",
    "begin" : 2,
    "end" : 10,
    "inCoref" : false
  }, {
    "id" : "s0-m2",
    "properties" : {
      "SIRE_MENTION_ROLE" : "DESIGN",
      "SIRE_ENTITY_SUBTYPE" : "NONE",
      "SIRE_MENTION_TYPE" : "NONE",
      "SIRE_MENTION_CLASS" : "SPC"
    },
    "type" : "DESIGN",
    "begin" : 26,
    "end" : 32,
    "inCoref" : false
  }, {
    "id" : "s0-m3",
    "properties" : {
      "SIRE_MENTION_ROLE" : "DESIGN",
      "SIRE_ENTITY_SUBTYPE" : "NONE",
      "SIRE_MENTION_TYPE" : "NONE",
      "SIRE_MENTION_CLASS" : "SPC"
    },
    "type" : "DESIGN",
    "begin" : 51,
    "end" : 59,
    "inCoref" : false
  }, {
    "id" : "s0-m4",
    "properties" : {
      "SIRE_MENTION_ROLE" : "DESIGN",
      "SIRE_ENTITY_SUBTYPE" : "NONE",
      "SIRE_MENTION_TYPE" : "NONE",
      "SIRE_MENTION_CLASS" : "SPC"
    },
    "type" : "DESIGN",
    "begin" : 61,
    "end" : 67,
    "inCoref" : false
  }, {
    "id" : "s1-m1",
    "properties" : {
      "SIRE_MENTION_ROLE" : "MANUTENCAO",
      "SIRE_ENTITY_SUBTYPE" : "NONE",
      "SIRE_MENTION_TYPE" : "NONE",
      "SIRE_MENTION_CLASS" : "SPC"
    },
    "type" : "MANUTENCAO",
    "begin" : 69,
    "end" : 77,
    "inCoref" : false
  }, {
    "id" : "s1-m2",
    "properties" : {
      "SIRE_MENTION_ROLE" : "MANUTENCAO",
      "SIRE_ENTITY_SUBTYPE" : "NONE",
      "SIRE_MENTION_TYPE" : "NONE",
      "SIRE_MENTION_CLASS" : "SPC"
    },
    "type" : "MANUTENCAO",
    "begin" : 92,
    "end" : 103,
    "inCoref" : false
  }, {
    "id" : "s2-m1",
    "properties" : {
      "SIRE_MENTION_ROLE" : "DESIGN",
      "SIRE_ENTITY_SUBTYPE" : "NONE",
      "SIRE_MENTION_TYPE" : "NONE",
      "SIRE_MENTION_CLASS" : "SPC"
    },
    "type" : "DESIGN",
    "begin" : 144,
    "end" : 150,
    "inCoref" : false
  }, {
    "id" : "s2-m2",
    "properties" : {
      "SIRE_MENTION_ROLE" : "DESIGN",
      "SIRE_ENTITY_SUBTYPE" : "NONE",
      "SIRE_MENTION_TYPE" : "NONE",
      "SIRE_MENTION_CLASS" : "SPC"
    },
    "type" : "DESIGN",
    "begin" : 153,
    "end" : 164,
    "inCoref" : false
  }, {
    "id" : "s3-m1",
    "properties" : {
      "SIRE_MENTION_ROLE" : "CONFORTO",
      "SIRE_ENTITY_SUBTYPE" : "NONE",
      "SIRE_MENTION_TYPE" : "NONE",
      "SIRE_MENTION_CLASS" : "SPC"
    },
    "type" : "CONFORTO",
    "begin" : 205,
    "end" : 212,
    "inCoref" : false
  }, {
    "id" : "s3-m2",
    "properties" : {
      "SIRE_MENTION_ROLE" : "DESEMPENHO",
      "SIRE_ENTITY_SUBTYPE" : "NONE",
      "SIRE_MENTION_TYPE" : "NONE",
      "SIRE_MENTION_CLASS" : "SPC"
    },
    "type" : "DESEMPENHO",
    "begin" : 228,
    "end" : 236,
    "inCoref" : false
  } ],
  "relations" : [ ],
  "corefs" : [ ],
  "typeResolved" : true,
  "userResolved" : false
}