{
  "id" : "a2e93d50-f6cb-11ea-9b27-75c700284c8b-14",
  "name" : "train_8.txt",
  "createdDate" : 0,
  "version" : 3,
  "text" : "O Argo trás diveros acessórios e multimídia interessantes: no centro da cabine fica a tela de 7 polegadas da central multimídia UConnect, bastante intuitiva de operar. Bastam poucos minutos para se familiarizar com os menus e funções principais do item, cuja principal vantagem é o suporte a Apple CarPlay e Android Auto.\r\n",
  "docLength" : 0,
  "language" : "PT",
  "status" : "SUBMITTED",
  "modifiedDate" : 1600305942554,
  "documentSet" : [ ],
  "preannotation" : [ ],
  "sentences" : [ {
    "id" : "s0",
    "begin" : 0,
    "end" : 167,
    "text" : "O Argo trás diveros acessórios e multimídia interessantes: no centro da cabine fica a tela de 7 polegadas da central multimídia UConnect, bastante intuitiva de operar.",
    "tokens" : [ {
      "id" : "s0-t0",
      "begin" : 0,
      "end" : 1,
      "text" : "O",
      "whiteSpace" : false
    }, {
      "id" : "s0-t1",
      "begin" : 2,
      "end" : 6,
      "text" : "Argo",
      "whiteSpace" : false
    }, {
      "id" : "s0-t2",
      "begin" : 7,
      "end" : 11,
      "text" : "trás",
      "whiteSpace" : false
    }, {
      "id" : "s0-t3",
      "begin" : 12,
      "end" : 19,
      "text" : "diveros",
      "whiteSpace" : false
    }, {
      "id" : "s0-t4",
      "begin" : 20,
      "end" : 30,
      "text" : "acessórios",
      "whiteSpace" : false
    }, {
      "id" : "s0-t5",
      "begin" : 31,
      "end" : 32,
      "text" : "e",
      "whiteSpace" : false
    }, {
      "id" : "s0-t6",
      "begin" : 33,
      "end" : 43,
      "text" : "multimídia",
      "whiteSpace" : false
    }, {
      "id" : "s0-t7",
      "begin" : 44,
      "end" : 57,
      "text" : "interessantes",
      "whiteSpace" : false
    }, {
      "id" : "s0-t8",
      "begin" : 57,
      "end" : 58,
      "text" : ":",
      "whiteSpace" : false
    }, {
      "id" : "s0-t9",
      "begin" : 59,
      "end" : 61,
      "text" : "no",
      "whiteSpace" : false
    }, {
      "id" : "s0-t10",
      "begin" : 62,
      "end" : 68,
      "text" : "centro",
      "whiteSpace" : false
    }, {
      "id" : "s0-t11",
      "begin" : 69,
      "end" : 71,
      "text" : "da",
      "whiteSpace" : false
    }, {
      "id" : "s0-t12",
      "begin" : 72,
      "end" : 78,
      "text" : "cabine",
      "whiteSpace" : false
    }, {
      "id" : "s0-t13",
      "begin" : 79,
      "end" : 83,
      "text" : "fica",
      "whiteSpace" : false
    }, {
      "id" : "s0-t14",
      "begin" : 84,
      "end" : 85,
      "text" : "a",
      "whiteSpace" : false
    }, {
      "id" : "s0-t15",
      "begin" : 86,
      "end" : 90,
      "text" : "tela",
      "whiteSpace" : false
    }, {
      "id" : "s0-t16",
      "begin" : 91,
      "end" : 93,
      "text" : "de",
      "whiteSpace" : false
    }, {
      "id" : "s0-t17",
      "begin" : 94,
      "end" : 95,
      "text" : "7",
      "whiteSpace" : false
    }, {
      "id" : "s0-t18",
      "begin" : 96,
      "end" : 105,
      "text" : "polegadas",
      "whiteSpace" : false
    }, {
      "id" : "s0-t19",
      "begin" : 106,
      "end" : 108,
      "text" : "da",
      "whiteSpace" : false
    }, {
      "id" : "s0-t20",
      "begin" : 109,
      "end" : 116,
      "text" : "central",
      "whiteSpace" : false
    }, {
      "id" : "s0-t21",
      "begin" : 117,
      "end" : 127,
      "text" : "multimídia",
      "whiteSpace" : false
    }, {
      "id" : "s0-t22",
      "begin" : 128,
      "end" : 136,
      "text" : "UConnect",
      "whiteSpace" : false
    }, {
      "id" : "s0-t23",
      "begin" : 136,
      "end" : 137,
      "text" : ",",
      "whiteSpace" : false
    }, {
      "id" : "s0-t24",
      "begin" : 138,
      "end" : 146,
      "text" : "bastante",
      "whiteSpace" : false
    }, {
      "id" : "s0-t25",
      "begin" : 147,
      "end" : 156,
      "text" : "intuitiva",
      "whiteSpace" : false
    }, {
      "id" : "s0-t26",
      "begin" : 157,
      "end" : 159,
      "text" : "de",
      "whiteSpace" : false
    }, {
      "id" : "s0-t27",
      "begin" : 160,
      "end" : 166,
      "text" : "operar",
      "whiteSpace" : false
    }, {
      "id" : "s0-t28",
      "begin" : 166,
      "end" : 167,
      "text" : ".",
      "whiteSpace" : false
    } ]
  }, {
    "id" : "s1",
    "begin" : 168,
    "end" : 321,
    "text" : "Bastam poucos minutos para se familiarizar com os menus e funções principais do item, cuja principal vantagem é o suporte a Apple CarPlay e Android Auto.",
    "tokens" : [ {
      "id" : "s1-t0",
      "begin" : 168,
      "end" : 174,
      "text" : "Bastam",
      "whiteSpace" : false
    }, {
      "id" : "s1-t1",
      "begin" : 175,
      "end" : 181,
      "text" : "poucos",
      "whiteSpace" : false
    }, {
      "id" : "s1-t2",
      "begin" : 182,
      "end" : 189,
      "text" : "minutos",
      "whiteSpace" : false
    }, {
      "id" : "s1-t3",
      "begin" : 190,
      "end" : 194,
      "text" : "para",
      "whiteSpace" : false
    }, {
      "id" : "s1-t4",
      "begin" : 195,
      "end" : 197,
      "text" : "se",
      "whiteSpace" : false
    }, {
      "id" : "s1-t5",
      "begin" : 198,
      "end" : 210,
      "text" : "familiarizar",
      "whiteSpace" : false
    }, {
      "id" : "s1-t6",
      "begin" : 211,
      "end" : 214,
      "text" : "com",
      "whiteSpace" : false
    }, {
      "id" : "s1-t7",
      "begin" : 215,
      "end" : 217,
      "text" : "os",
      "whiteSpace" : false
    }, {
      "id" : "s1-t8",
      "begin" : 218,
      "end" : 223,
      "text" : "menus",
      "whiteSpace" : false
    }, {
      "id" : "s1-t9",
      "begin" : 224,
      "end" : 225,
      "text" : "e",
      "whiteSpace" : false
    }, {
      "id" : "s1-t10",
      "begin" : 226,
      "end" : 233,
      "text" : "funções",
      "whiteSpace" : false
    }, {
      "id" : "s1-t11",
      "begin" : 234,
      "end" : 244,
      "text" : "principais",
      "whiteSpace" : false
    }, {
      "id" : "s1-t12",
      "begin" : 245,
      "end" : 247,
      "text" : "do",
      "whiteSpace" : false
    }, {
      "id" : "s1-t13",
      "begin" : 248,
      "end" : 252,
      "text" : "item",
      "whiteSpace" : false
    }, {
      "id" : "s1-t14",
      "begin" : 252,
      "end" : 253,
      "text" : ",",
      "whiteSpace" : false
    }, {
      "id" : "s1-t15",
      "begin" : 254,
      "end" : 258,
      "text" : "cuja",
      "whiteSpace" : false
    }, {
      "id" : "s1-t16",
      "begin" : 259,
      "end" : 268,
      "text" : "principal",
      "whiteSpace" : false
    }, {
      "id" : "s1-t17",
      "begin" : 269,
      "end" : 277,
      "text" : "vantagem",
      "whiteSpace" : false
    }, {
      "id" : "s1-t18",
      "begin" : 278,
      "end" : 279,
      "text" : "é",
      "whiteSpace" : false
    }, {
      "id" : "s1-t19",
      "begin" : 280,
      "end" : 281,
      "text" : "o",
      "whiteSpace" : false
    }, {
      "id" : "s1-t20",
      "begin" : 282,
      "end" : 289,
      "text" : "suporte",
      "whiteSpace" : false
    }, {
      "id" : "s1-t21",
      "begin" : 290,
      "end" : 291,
      "text" : "a",
      "whiteSpace" : false
    }, {
      "id" : "s1-t22",
      "begin" : 292,
      "end" : 297,
      "text" : "Apple",
      "whiteSpace" : false
    }, {
      "id" : "s1-t23",
      "begin" : 298,
      "end" : 305,
      "text" : "CarPlay",
      "whiteSpace" : false
    }, {
      "id" : "s1-t24",
      "begin" : 306,
      "end" : 307,
      "text" : "e",
      "whiteSpace" : false
    }, {
      "id" : "s1-t25",
      "begin" : 308,
      "end" : 315,
      "text" : "Android",
      "whiteSpace" : false
    }, {
      "id" : "s1-t26",
      "begin" : 316,
      "end" : 320,
      "text" : "Auto",
      "whiteSpace" : false
    }, {
      "id" : "s1-t27",
      "begin" : 320,
      "end" : 321,
      "text" : ".",
      "whiteSpace" : false
    } ]
  } ],
  "mentions" : [ {
    "id" : "s0-m6",
    "properties" : {
      "SIRE_MENTION_ROLE" : "MODELO",
      "SIRE_ENTITY_SUBTYPE" : "NONE",
      "SIRE_MENTION_TYPE" : "NONE",
      "SIRE_MENTION_CLASS" : "SPC"
    },
    "type" : "MODELO",
    "begin" : 2,
    "end" : 6,
    "inCoref" : false
  }, {
    "id" : "s0-m3",
    "properties" : {
      "SIRE_MENTION_ROLE" : "ACESSORIOS",
      "SIRE_ENTITY_SUBTYPE" : "NONE",
      "SIRE_MENTION_TYPE" : "NONE",
      "SIRE_MENTION_CLASS" : "SPC"
    },
    "type" : "ACESSORIOS",
    "begin" : 20,
    "end" : 30,
    "inCoref" : false
  }, {
    "id" : "s0-m4",
    "properties" : {
      "SIRE_MENTION_ROLE" : "ACESSORIOS",
      "SIRE_ENTITY_SUBTYPE" : "NONE",
      "SIRE_MENTION_TYPE" : "NONE",
      "SIRE_MENTION_CLASS" : "SPC"
    },
    "type" : "ACESSORIOS",
    "begin" : 33,
    "end" : 43,
    "inCoref" : false
  }, {
    "id" : "s0-m5",
    "properties" : {
      "SIRE_MENTION_ROLE" : "ACESSORIOS",
      "SIRE_ENTITY_SUBTYPE" : "NONE",
      "SIRE_MENTION_TYPE" : "NONE",
      "SIRE_MENTION_CLASS" : "SPC"
    },
    "type" : "ACESSORIOS",
    "begin" : 117,
    "end" : 127,
    "inCoref" : false
  } ],
  "relations" : [ ],
  "corefs" : [ ],
  "typeResolved" : true,
  "userResolved" : false
}