{
  "id" : "a2e93d50-f6cb-11ea-9b27-75c700284c8b-68",
  "name" : "train_62.txt",
  "createdDate" : 0,
  "version" : 3,
  "text" : "O Cronos possui lindo estilo e ótimo acabamento. Um carro confortável para longas viagens e de respostas rápidas nas estradas. o motor, apesar de demorar um pouco a responder em baixas rotações, ele responde muito bem em retomadas e ultrapassagens.\r\n",
  "docLength" : 0,
  "language" : "PT",
  "status" : "SUBMITTED",
  "modifiedDate" : 1600308586232,
  "documentSet" : [ ],
  "preannotation" : [ ],
  "sentences" : [ {
    "id" : "s0",
    "begin" : 0,
    "end" : 48,
    "text" : "O Cronos possui lindo estilo e ótimo acabamento.",
    "tokens" : [ {
      "id" : "s0-t0",
      "begin" : 0,
      "end" : 1,
      "text" : "O",
      "whiteSpace" : false
    }, {
      "id" : "s0-t1",
      "begin" : 2,
      "end" : 8,
      "text" : "Cronos",
      "whiteSpace" : false
    }, {
      "id" : "s0-t2",
      "begin" : 9,
      "end" : 15,
      "text" : "possui",
      "whiteSpace" : false
    }, {
      "id" : "s0-t3",
      "begin" : 16,
      "end" : 21,
      "text" : "lindo",
      "whiteSpace" : false
    }, {
      "id" : "s0-t4",
      "begin" : 22,
      "end" : 28,
      "text" : "estilo",
      "whiteSpace" : false
    }, {
      "id" : "s0-t5",
      "begin" : 29,
      "end" : 30,
      "text" : "e",
      "whiteSpace" : false
    }, {
      "id" : "s0-t6",
      "begin" : 31,
      "end" : 36,
      "text" : "ótimo",
      "whiteSpace" : false
    }, {
      "id" : "s0-t7",
      "begin" : 37,
      "end" : 47,
      "text" : "acabamento",
      "whiteSpace" : false
    }, {
      "id" : "s0-t8",
      "begin" : 47,
      "end" : 48,
      "text" : ".",
      "whiteSpace" : false
    } ]
  }, {
    "id" : "s1",
    "begin" : 49,
    "end" : 126,
    "text" : "Um carro confortável para longas viagens e de respostas rápidas nas estradas.",
    "tokens" : [ {
      "id" : "s1-t0",
      "begin" : 49,
      "end" : 51,
      "text" : "Um",
      "whiteSpace" : false
    }, {
      "id" : "s1-t1",
      "begin" : 52,
      "end" : 57,
      "text" : "carro",
      "whiteSpace" : false
    }, {
      "id" : "s1-t2",
      "begin" : 58,
      "end" : 69,
      "text" : "confortável",
      "whiteSpace" : false
    }, {
      "id" : "s1-t3",
      "begin" : 70,
      "end" : 74,
      "text" : "para",
      "whiteSpace" : false
    }, {
      "id" : "s1-t4",
      "begin" : 75,
      "end" : 81,
      "text" : "longas",
      "whiteSpace" : false
    }, {
      "id" : "s1-t5",
      "begin" : 82,
      "end" : 89,
      "text" : "viagens",
      "whiteSpace" : false
    }, {
      "id" : "s1-t6",
      "begin" : 90,
      "end" : 91,
      "text" : "e",
      "whiteSpace" : false
    }, {
      "id" : "s1-t7",
      "begin" : 92,
      "end" : 94,
      "text" : "de",
      "whiteSpace" : false
    }, {
      "id" : "s1-t8",
      "begin" : 95,
      "end" : 104,
      "text" : "respostas",
      "whiteSpace" : false
    }, {
      "id" : "s1-t9",
      "begin" : 105,
      "end" : 112,
      "text" : "rápidas",
      "whiteSpace" : false
    }, {
      "id" : "s1-t10",
      "begin" : 113,
      "end" : 116,
      "text" : "nas",
      "whiteSpace" : false
    }, {
      "id" : "s1-t11",
      "begin" : 117,
      "end" : 125,
      "text" : "estradas",
      "whiteSpace" : false
    }, {
      "id" : "s1-t12",
      "begin" : 125,
      "end" : 126,
      "text" : ".",
      "whiteSpace" : false
    } ]
  }, {
    "id" : "s2",
    "begin" : 127,
    "end" : 248,
    "text" : "o motor, apesar de demorar um pouco a responder em baixas rotações, ele responde muito bem em retomadas e ultrapassagens.",
    "tokens" : [ {
      "id" : "s2-t0",
      "begin" : 127,
      "end" : 128,
      "text" : "o",
      "whiteSpace" : false
    }, {
      "id" : "s2-t1",
      "begin" : 129,
      "end" : 134,
      "text" : "motor",
      "whiteSpace" : false
    }, {
      "id" : "s2-t2",
      "begin" : 134,
      "end" : 135,
      "text" : ",",
      "whiteSpace" : false
    }, {
      "id" : "s2-t3",
      "begin" : 136,
      "end" : 142,
      "text" : "apesar",
      "whiteSpace" : false
    }, {
      "id" : "s2-t4",
      "begin" : 143,
      "end" : 145,
      "text" : "de",
      "whiteSpace" : false
    }, {
      "id" : "s2-t5",
      "begin" : 146,
      "end" : 153,
      "text" : "demorar",
      "whiteSpace" : false
    }, {
      "id" : "s2-t6",
      "begin" : 154,
      "end" : 156,
      "text" : "um",
      "whiteSpace" : false
    }, {
      "id" : "s2-t7",
      "begin" : 157,
      "end" : 162,
      "text" : "pouco",
      "whiteSpace" : false
    }, {
      "id" : "s2-t8",
      "begin" : 163,
      "end" : 164,
      "text" : "a",
      "whiteSpace" : false
    }, {
      "id" : "s2-t9",
      "begin" : 165,
      "end" : 174,
      "text" : "responder",
      "whiteSpace" : false
    }, {
      "id" : "s2-t10",
      "begin" : 175,
      "end" : 177,
      "text" : "em",
      "whiteSpace" : false
    }, {
      "id" : "s2-t11",
      "begin" : 178,
      "end" : 184,
      "text" : "baixas",
      "whiteSpace" : false
    }, {
      "id" : "s2-t12",
      "begin" : 185,
      "end" : 193,
      "text" : "rotações",
      "whiteSpace" : false
    }, {
      "id" : "s2-t13",
      "begin" : 193,
      "end" : 194,
      "text" : ",",
      "whiteSpace" : false
    }, {
      "id" : "s2-t14",
      "begin" : 195,
      "end" : 198,
      "text" : "ele",
      "whiteSpace" : false
    }, {
      "id" : "s2-t15",
      "begin" : 199,
      "end" : 207,
      "text" : "responde",
      "whiteSpace" : false
    }, {
      "id" : "s2-t16",
      "begin" : 208,
      "end" : 213,
      "text" : "muito",
      "whiteSpace" : false
    }, {
      "id" : "s2-t17",
      "begin" : 214,
      "end" : 217,
      "text" : "bem",
      "whiteSpace" : false
    }, {
      "id" : "s2-t18",
      "begin" : 218,
      "end" : 220,
      "text" : "em",
      "whiteSpace" : false
    }, {
      "id" : "s2-t19",
      "begin" : 221,
      "end" : 230,
      "text" : "retomadas",
      "whiteSpace" : false
    }, {
      "id" : "s2-t20",
      "begin" : 231,
      "end" : 232,
      "text" : "e",
      "whiteSpace" : false
    }, {
      "id" : "s2-t21",
      "begin" : 233,
      "end" : 247,
      "text" : "ultrapassagens",
      "whiteSpace" : false
    }, {
      "id" : "s2-t22",
      "begin" : 247,
      "end" : 248,
      "text" : ".",
      "whiteSpace" : false
    } ]
  } ],
  "mentions" : [ {
    "id" : "s0-m4",
    "properties" : {
      "SIRE_MENTION_ROLE" : "MODELO",
      "SIRE_ENTITY_SUBTYPE" : "NONE",
      "SIRE_MENTION_TYPE" : "NONE",
      "SIRE_MENTION_CLASS" : "SPC"
    },
    "type" : "MODELO",
    "begin" : 2,
    "end" : 8,
    "inCoref" : false
  }, {
    "id" : "s0-m2",
    "properties" : {
      "SIRE_MENTION_ROLE" : "DESIGN",
      "SIRE_ENTITY_SUBTYPE" : "NONE",
      "SIRE_MENTION_TYPE" : "NONE",
      "SIRE_MENTION_CLASS" : "SPC"
    },
    "type" : "DESIGN",
    "begin" : 22,
    "end" : 28,
    "inCoref" : false
  }, {
    "id" : "s0-m3",
    "properties" : {
      "SIRE_MENTION_ROLE" : "DESIGN",
      "SIRE_ENTITY_SUBTYPE" : "NONE",
      "SIRE_MENTION_TYPE" : "NONE",
      "SIRE_MENTION_CLASS" : "SPC"
    },
    "type" : "DESIGN",
    "begin" : 37,
    "end" : 47,
    "inCoref" : false
  }, {
    "id" : "s1-m1",
    "properties" : {
      "SIRE_MENTION_ROLE" : "CONFORTO",
      "SIRE_ENTITY_SUBTYPE" : "NONE",
      "SIRE_MENTION_TYPE" : "NONE",
      "SIRE_MENTION_CLASS" : "SPC"
    },
    "type" : "CONFORTO",
    "begin" : 58,
    "end" : 69,
    "inCoref" : false
  }, {
    "id" : "s2-m1",
    "properties" : {
      "SIRE_MENTION_ROLE" : "DESEMPENHO",
      "SIRE_ENTITY_SUBTYPE" : "NONE",
      "SIRE_MENTION_TYPE" : "NONE",
      "SIRE_MENTION_CLASS" : "SPC"
    },
    "type" : "DESEMPENHO",
    "begin" : 129,
    "end" : 134,
    "inCoref" : false
  } ],
  "relations" : [ ],
  "corefs" : [ ],
  "typeResolved" : true,
  "userResolved" : false
}