{
  "id" : "a2e93d50-f6cb-11ea-9b27-75c700284c8b-6",
  "name" : "train_100.txt",
  "createdDate" : 0,
  "version" : 3,
  "text" : "O design da Toro chama muita atenção, a posição de direção é muito boa e o motor é forte. É uma pickup bem econômica, que faz entre 10 e 14 km/L no circuito misto. O acabamento é muito bom mesmo os plásticos sendo rígidos o toque é muito bom. O acesso à caçamba é ótimo e por ser diesel transporta até 1 tonelada.",
  "docLength" : 0,
  "language" : "PT",
  "status" : "SUBMITTED",
  "modifiedDate" : 1600308212630,
  "documentSet" : [ ],
  "preannotation" : [ ],
  "sentences" : [ {
    "id" : "s0",
    "begin" : 0,
    "end" : 89,
    "text" : "O design da Toro chama muita atenção, a posição de direção é muito boa e o motor é forte.",
    "tokens" : [ {
      "id" : "s0-t0",
      "begin" : 0,
      "end" : 1,
      "text" : "O",
      "whiteSpace" : false
    }, {
      "id" : "s0-t1",
      "begin" : 2,
      "end" : 8,
      "text" : "design",
      "whiteSpace" : false
    }, {
      "id" : "s0-t2",
      "begin" : 9,
      "end" : 11,
      "text" : "da",
      "whiteSpace" : false
    }, {
      "id" : "s0-t3",
      "begin" : 12,
      "end" : 16,
      "text" : "Toro",
      "whiteSpace" : false
    }, {
      "id" : "s0-t4",
      "begin" : 17,
      "end" : 22,
      "text" : "chama",
      "whiteSpace" : false
    }, {
      "id" : "s0-t5",
      "begin" : 23,
      "end" : 28,
      "text" : "muita",
      "whiteSpace" : false
    }, {
      "id" : "s0-t6",
      "begin" : 29,
      "end" : 36,
      "text" : "atenção",
      "whiteSpace" : false
    }, {
      "id" : "s0-t7",
      "begin" : 36,
      "end" : 37,
      "text" : ",",
      "whiteSpace" : false
    }, {
      "id" : "s0-t8",
      "begin" : 38,
      "end" : 39,
      "text" : "a",
      "whiteSpace" : false
    }, {
      "id" : "s0-t9",
      "begin" : 40,
      "end" : 47,
      "text" : "posição",
      "whiteSpace" : false
    }, {
      "id" : "s0-t10",
      "begin" : 48,
      "end" : 50,
      "text" : "de",
      "whiteSpace" : false
    }, {
      "id" : "s0-t11",
      "begin" : 51,
      "end" : 58,
      "text" : "direção",
      "whiteSpace" : false
    }, {
      "id" : "s0-t12",
      "begin" : 59,
      "end" : 60,
      "text" : "é",
      "whiteSpace" : false
    }, {
      "id" : "s0-t13",
      "begin" : 61,
      "end" : 66,
      "text" : "muito",
      "whiteSpace" : false
    }, {
      "id" : "s0-t14",
      "begin" : 67,
      "end" : 70,
      "text" : "boa",
      "whiteSpace" : false
    }, {
      "id" : "s0-t15",
      "begin" : 71,
      "end" : 72,
      "text" : "e",
      "whiteSpace" : false
    }, {
      "id" : "s0-t16",
      "begin" : 73,
      "end" : 74,
      "text" : "o",
      "whiteSpace" : false
    }, {
      "id" : "s0-t17",
      "begin" : 75,
      "end" : 80,
      "text" : "motor",
      "whiteSpace" : false
    }, {
      "id" : "s0-t18",
      "begin" : 81,
      "end" : 82,
      "text" : "é",
      "whiteSpace" : false
    }, {
      "id" : "s0-t19",
      "begin" : 83,
      "end" : 88,
      "text" : "forte",
      "whiteSpace" : false
    }, {
      "id" : "s0-t20",
      "begin" : 88,
      "end" : 89,
      "text" : ".",
      "whiteSpace" : false
    } ]
  }, {
    "id" : "s1",
    "begin" : 90,
    "end" : 163,
    "text" : "É uma pickup bem econômica, que faz entre 10 e 14 km/L no circuito misto.",
    "tokens" : [ {
      "id" : "s1-t0",
      "begin" : 90,
      "end" : 91,
      "text" : "É",
      "whiteSpace" : false
    }, {
      "id" : "s1-t1",
      "begin" : 92,
      "end" : 95,
      "text" : "uma",
      "whiteSpace" : false
    }, {
      "id" : "s1-t2",
      "begin" : 96,
      "end" : 102,
      "text" : "pickup",
      "whiteSpace" : false
    }, {
      "id" : "s1-t3",
      "begin" : 103,
      "end" : 106,
      "text" : "bem",
      "whiteSpace" : false
    }, {
      "id" : "s1-t4",
      "begin" : 107,
      "end" : 116,
      "text" : "econômica",
      "whiteSpace" : false
    }, {
      "id" : "s1-t5",
      "begin" : 116,
      "end" : 117,
      "text" : ",",
      "whiteSpace" : false
    }, {
      "id" : "s1-t6",
      "begin" : 118,
      "end" : 121,
      "text" : "que",
      "whiteSpace" : false
    }, {
      "id" : "s1-t7",
      "begin" : 122,
      "end" : 125,
      "text" : "faz",
      "whiteSpace" : false
    }, {
      "id" : "s1-t8",
      "begin" : 126,
      "end" : 131,
      "text" : "entre",
      "whiteSpace" : false
    }, {
      "id" : "s1-t9",
      "begin" : 132,
      "end" : 134,
      "text" : "10",
      "whiteSpace" : false
    }, {
      "id" : "s1-t10",
      "begin" : 135,
      "end" : 136,
      "text" : "e",
      "whiteSpace" : false
    }, {
      "id" : "s1-t11",
      "begin" : 137,
      "end" : 139,
      "text" : "14",
      "whiteSpace" : false
    }, {
      "id" : "s1-t12",
      "begin" : 140,
      "end" : 144,
      "text" : "km/L",
      "whiteSpace" : false
    }, {
      "id" : "s1-t13",
      "begin" : 145,
      "end" : 147,
      "text" : "no",
      "whiteSpace" : false
    }, {
      "id" : "s1-t14",
      "begin" : 148,
      "end" : 156,
      "text" : "circuito",
      "whiteSpace" : false
    }, {
      "id" : "s1-t15",
      "begin" : 157,
      "end" : 162,
      "text" : "misto",
      "whiteSpace" : false
    }, {
      "id" : "s1-t16",
      "begin" : 162,
      "end" : 163,
      "text" : ".",
      "whiteSpace" : false
    } ]
  }, {
    "id" : "s2",
    "begin" : 164,
    "end" : 242,
    "text" : "O acabamento é muito bom mesmo os plásticos sendo rígidos o toque é muito bom.",
    "tokens" : [ {
      "id" : "s2-t0",
      "begin" : 164,
      "end" : 165,
      "text" : "O",
      "whiteSpace" : false
    }, {
      "id" : "s2-t1",
      "begin" : 166,
      "end" : 176,
      "text" : "acabamento",
      "whiteSpace" : false
    }, {
      "id" : "s2-t2",
      "begin" : 177,
      "end" : 178,
      "text" : "é",
      "whiteSpace" : false
    }, {
      "id" : "s2-t3",
      "begin" : 179,
      "end" : 184,
      "text" : "muito",
      "whiteSpace" : false
    }, {
      "id" : "s2-t4",
      "begin" : 185,
      "end" : 188,
      "text" : "bom",
      "whiteSpace" : false
    }, {
      "id" : "s2-t5",
      "begin" : 189,
      "end" : 194,
      "text" : "mesmo",
      "whiteSpace" : false
    }, {
      "id" : "s2-t6",
      "begin" : 195,
      "end" : 197,
      "text" : "os",
      "whiteSpace" : false
    }, {
      "id" : "s2-t7",
      "begin" : 198,
      "end" : 207,
      "text" : "plásticos",
      "whiteSpace" : false
    }, {
      "id" : "s2-t8",
      "begin" : 208,
      "end" : 213,
      "text" : "sendo",
      "whiteSpace" : false
    }, {
      "id" : "s2-t9",
      "begin" : 214,
      "end" : 221,
      "text" : "rígidos",
      "whiteSpace" : false
    }, {
      "id" : "s2-t10",
      "begin" : 222,
      "end" : 223,
      "text" : "o",
      "whiteSpace" : false
    }, {
      "id" : "s2-t11",
      "begin" : 224,
      "end" : 229,
      "text" : "toque",
      "whiteSpace" : false
    }, {
      "id" : "s2-t12",
      "begin" : 230,
      "end" : 231,
      "text" : "é",
      "whiteSpace" : false
    }, {
      "id" : "s2-t13",
      "begin" : 232,
      "end" : 237,
      "text" : "muito",
      "whiteSpace" : false
    }, {
      "id" : "s2-t14",
      "begin" : 238,
      "end" : 241,
      "text" : "bom",
      "whiteSpace" : false
    }, {
      "id" : "s2-t15",
      "begin" : 241,
      "end" : 242,
      "text" : ".",
      "whiteSpace" : false
    } ]
  }, {
    "id" : "s3",
    "begin" : 243,
    "end" : 313,
    "text" : "O acesso à caçamba é ótimo e por ser diesel transporta até 1 tonelada.",
    "tokens" : [ {
      "id" : "s3-t0",
      "begin" : 243,
      "end" : 244,
      "text" : "O",
      "whiteSpace" : false
    }, {
      "id" : "s3-t1",
      "begin" : 245,
      "end" : 251,
      "text" : "acesso",
      "whiteSpace" : false
    }, {
      "id" : "s3-t2",
      "begin" : 252,
      "end" : 253,
      "text" : "à",
      "whiteSpace" : false
    }, {
      "id" : "s3-t3",
      "begin" : 254,
      "end" : 261,
      "text" : "caçamba",
      "whiteSpace" : false
    }, {
      "id" : "s3-t4",
      "begin" : 262,
      "end" : 263,
      "text" : "é",
      "whiteSpace" : false
    }, {
      "id" : "s3-t5",
      "begin" : 264,
      "end" : 269,
      "text" : "ótimo",
      "whiteSpace" : false
    }, {
      "id" : "s3-t6",
      "begin" : 270,
      "end" : 271,
      "text" : "e",
      "whiteSpace" : false
    }, {
      "id" : "s3-t7",
      "begin" : 272,
      "end" : 275,
      "text" : "por",
      "whiteSpace" : false
    }, {
      "id" : "s3-t8",
      "begin" : 276,
      "end" : 279,
      "text" : "ser",
      "whiteSpace" : false
    }, {
      "id" : "s3-t9",
      "begin" : 280,
      "end" : 286,
      "text" : "diesel",
      "whiteSpace" : false
    }, {
      "id" : "s3-t10",
      "begin" : 287,
      "end" : 297,
      "text" : "transporta",
      "whiteSpace" : false
    }, {
      "id" : "s3-t11",
      "begin" : 298,
      "end" : 301,
      "text" : "até",
      "whiteSpace" : false
    }, {
      "id" : "s3-t12",
      "begin" : 302,
      "end" : 303,
      "text" : "1",
      "whiteSpace" : false
    }, {
      "id" : "s3-t13",
      "begin" : 304,
      "end" : 312,
      "text" : "tonelada",
      "whiteSpace" : false
    }, {
      "id" : "s3-t14",
      "begin" : 312,
      "end" : 313,
      "text" : ".",
      "whiteSpace" : false
    } ]
  } ],
  "mentions" : [ {
    "id" : "s0-m2",
    "properties" : {
      "SIRE_MENTION_ROLE" : "DESIGN",
      "SIRE_ENTITY_SUBTYPE" : "NONE",
      "SIRE_MENTION_TYPE" : "NONE",
      "SIRE_MENTION_CLASS" : "SPC"
    },
    "type" : "DESIGN",
    "begin" : 2,
    "end" : 8,
    "inCoref" : false
  }, {
    "id" : "s0-m1",
    "properties" : {
      "SIRE_MENTION_ROLE" : "MODELO",
      "SIRE_ENTITY_SUBTYPE" : "NONE",
      "SIRE_MENTION_TYPE" : "NONE",
      "SIRE_MENTION_CLASS" : "SPC"
    },
    "type" : "MODELO",
    "begin" : 12,
    "end" : 16,
    "inCoref" : false
  }, {
    "id" : "s0-m3",
    "properties" : {
      "SIRE_MENTION_ROLE" : "DESEMPENHO",
      "SIRE_ENTITY_SUBTYPE" : "NONE",
      "SIRE_MENTION_TYPE" : "NONE",
      "SIRE_MENTION_CLASS" : "SPC"
    },
    "type" : "DESEMPENHO",
    "begin" : 75,
    "end" : 80,
    "inCoref" : false
  }, {
    "id" : "s1-m1",
    "properties" : {
      "SIRE_MENTION_ROLE" : "CONSUMO",
      "SIRE_ENTITY_SUBTYPE" : "NONE",
      "SIRE_MENTION_TYPE" : "NONE",
      "SIRE_MENTION_CLASS" : "SPC"
    },
    "type" : "CONSUMO",
    "begin" : 107,
    "end" : 116,
    "inCoref" : false
  }, {
    "id" : "s1-m2",
    "properties" : {
      "SIRE_MENTION_ROLE" : "CONSUMO",
      "SIRE_ENTITY_SUBTYPE" : "NONE",
      "SIRE_MENTION_TYPE" : "NONE",
      "SIRE_MENTION_CLASS" : "SPC"
    },
    "type" : "CONSUMO",
    "begin" : 137,
    "end" : 144,
    "inCoref" : false
  }, {
    "id" : "s2-m1",
    "properties" : {
      "SIRE_MENTION_ROLE" : "DESIGN",
      "SIRE_ENTITY_SUBTYPE" : "NONE",
      "SIRE_MENTION_TYPE" : "NONE",
      "SIRE_MENTION_CLASS" : "SPC"
    },
    "type" : "DESIGN",
    "begin" : 166,
    "end" : 176,
    "inCoref" : false
  } ],
  "relations" : [ ],
  "corefs" : [ ],
  "typeResolved" : true,
  "userResolved" : false
}