{
  "id" : "a2e93d50-f6cb-11ea-9b27-75c700284c8b-27",
  "name" : "train_21.txt",
  "createdDate" : 0,
  "version" : 3,
  "text" : "O Argo tem um espaço interno excelente, mesmo com 1,94 de altura, sobra espaço pra cabeça e pernas tanto na frete, quanto no banco de trás, mesmo com o banco do motorista ajustado até o fim. Computador de bordo excelente, muito completo. Multimídia de 7 polegadas é bem localizada e tem excelentes funções, apesar que poderia ser mais rápida. Sabendo dirigir, o carro é muito econômico, tanto na cidade quanto na estrada.\r\n",
  "docLength" : 0,
  "language" : "PT",
  "status" : "SUBMITTED",
  "modifiedDate" : 1600306757801,
  "documentSet" : [ ],
  "preannotation" : [ ],
  "sentences" : [ {
    "id" : "s0",
    "begin" : 0,
    "end" : 190,
    "text" : "O Argo tem um espaço interno excelente, mesmo com 1,94 de altura, sobra espaço pra cabeça e pernas tanto na frete, quanto no banco de trás, mesmo com o banco do motorista ajustado até o fim.",
    "tokens" : [ {
      "id" : "s0-t0",
      "begin" : 0,
      "end" : 1,
      "text" : "O",
      "whiteSpace" : false
    }, {
      "id" : "s0-t1",
      "begin" : 2,
      "end" : 6,
      "text" : "Argo",
      "whiteSpace" : false
    }, {
      "id" : "s0-t2",
      "begin" : 7,
      "end" : 10,
      "text" : "tem",
      "whiteSpace" : false
    }, {
      "id" : "s0-t3",
      "begin" : 11,
      "end" : 13,
      "text" : "um",
      "whiteSpace" : false
    }, {
      "id" : "s0-t4",
      "begin" : 14,
      "end" : 20,
      "text" : "espaço",
      "whiteSpace" : false
    }, {
      "id" : "s0-t5",
      "begin" : 21,
      "end" : 28,
      "text" : "interno",
      "whiteSpace" : false
    }, {
      "id" : "s0-t6",
      "begin" : 29,
      "end" : 38,
      "text" : "excelente",
      "whiteSpace" : false
    }, {
      "id" : "s0-t7",
      "begin" : 38,
      "end" : 39,
      "text" : ",",
      "whiteSpace" : false
    }, {
      "id" : "s0-t8",
      "begin" : 40,
      "end" : 45,
      "text" : "mesmo",
      "whiteSpace" : false
    }, {
      "id" : "s0-t9",
      "begin" : 46,
      "end" : 49,
      "text" : "com",
      "whiteSpace" : false
    }, {
      "id" : "s0-t10",
      "begin" : 50,
      "end" : 54,
      "text" : "1,94",
      "whiteSpace" : false
    }, {
      "id" : "s0-t11",
      "begin" : 55,
      "end" : 57,
      "text" : "de",
      "whiteSpace" : false
    }, {
      "id" : "s0-t12",
      "begin" : 58,
      "end" : 64,
      "text" : "altura",
      "whiteSpace" : false
    }, {
      "id" : "s0-t13",
      "begin" : 64,
      "end" : 65,
      "text" : ",",
      "whiteSpace" : false
    }, {
      "id" : "s0-t14",
      "begin" : 66,
      "end" : 71,
      "text" : "sobra",
      "whiteSpace" : false
    }, {
      "id" : "s0-t15",
      "begin" : 72,
      "end" : 78,
      "text" : "espaço",
      "whiteSpace" : false
    }, {
      "id" : "s0-t16",
      "begin" : 79,
      "end" : 82,
      "text" : "pra",
      "whiteSpace" : false
    }, {
      "id" : "s0-t17",
      "begin" : 83,
      "end" : 89,
      "text" : "cabeça",
      "whiteSpace" : false
    }, {
      "id" : "s0-t18",
      "begin" : 90,
      "end" : 91,
      "text" : "e",
      "whiteSpace" : false
    }, {
      "id" : "s0-t19",
      "begin" : 92,
      "end" : 98,
      "text" : "pernas",
      "whiteSpace" : false
    }, {
      "id" : "s0-t20",
      "begin" : 99,
      "end" : 104,
      "text" : "tanto",
      "whiteSpace" : false
    }, {
      "id" : "s0-t21",
      "begin" : 105,
      "end" : 107,
      "text" : "na",
      "whiteSpace" : false
    }, {
      "id" : "s0-t22",
      "begin" : 108,
      "end" : 113,
      "text" : "frete",
      "whiteSpace" : false
    }, {
      "id" : "s0-t23",
      "begin" : 113,
      "end" : 114,
      "text" : ",",
      "whiteSpace" : false
    }, {
      "id" : "s0-t24",
      "begin" : 115,
      "end" : 121,
      "text" : "quanto",
      "whiteSpace" : false
    }, {
      "id" : "s0-t25",
      "begin" : 122,
      "end" : 124,
      "text" : "no",
      "whiteSpace" : false
    }, {
      "id" : "s0-t26",
      "begin" : 125,
      "end" : 130,
      "text" : "banco",
      "whiteSpace" : false
    }, {
      "id" : "s0-t27",
      "begin" : 131,
      "end" : 133,
      "text" : "de",
      "whiteSpace" : false
    }, {
      "id" : "s0-t28",
      "begin" : 134,
      "end" : 138,
      "text" : "trás",
      "whiteSpace" : false
    }, {
      "id" : "s0-t29",
      "begin" : 138,
      "end" : 139,
      "text" : ",",
      "whiteSpace" : false
    }, {
      "id" : "s0-t30",
      "begin" : 140,
      "end" : 145,
      "text" : "mesmo",
      "whiteSpace" : false
    }, {
      "id" : "s0-t31",
      "begin" : 146,
      "end" : 149,
      "text" : "com",
      "whiteSpace" : false
    }, {
      "id" : "s0-t32",
      "begin" : 150,
      "end" : 151,
      "text" : "o",
      "whiteSpace" : false
    }, {
      "id" : "s0-t33",
      "begin" : 152,
      "end" : 157,
      "text" : "banco",
      "whiteSpace" : false
    }, {
      "id" : "s0-t34",
      "begin" : 158,
      "end" : 160,
      "text" : "do",
      "whiteSpace" : false
    }, {
      "id" : "s0-t35",
      "begin" : 161,
      "end" : 170,
      "text" : "motorista",
      "whiteSpace" : false
    }, {
      "id" : "s0-t36",
      "begin" : 171,
      "end" : 179,
      "text" : "ajustado",
      "whiteSpace" : false
    }, {
      "id" : "s0-t37",
      "begin" : 180,
      "end" : 183,
      "text" : "até",
      "whiteSpace" : false
    }, {
      "id" : "s0-t38",
      "begin" : 184,
      "end" : 185,
      "text" : "o",
      "whiteSpace" : false
    }, {
      "id" : "s0-t39",
      "begin" : 186,
      "end" : 189,
      "text" : "fim",
      "whiteSpace" : false
    }, {
      "id" : "s0-t40",
      "begin" : 189,
      "end" : 190,
      "text" : ".",
      "whiteSpace" : false
    } ]
  }, {
    "id" : "s1",
    "begin" : 191,
    "end" : 237,
    "text" : "Computador de bordo excelente, muito completo.",
    "tokens" : [ {
      "id" : "s1-t0",
      "begin" : 191,
      "end" : 201,
      "text" : "Computador",
      "whiteSpace" : false
    }, {
      "id" : "s1-t1",
      "begin" : 202,
      "end" : 204,
      "text" : "de",
      "whiteSpace" : false
    }, {
      "id" : "s1-t2",
      "begin" : 205,
      "end" : 210,
      "text" : "bordo",
      "whiteSpace" : false
    }, {
      "id" : "s1-t3",
      "begin" : 211,
      "end" : 220,
      "text" : "excelente",
      "whiteSpace" : false
    }, {
      "id" : "s1-t4",
      "begin" : 220,
      "end" : 221,
      "text" : ",",
      "whiteSpace" : false
    }, {
      "id" : "s1-t5",
      "begin" : 222,
      "end" : 227,
      "text" : "muito",
      "whiteSpace" : false
    }, {
      "id" : "s1-t6",
      "begin" : 228,
      "end" : 236,
      "text" : "completo",
      "whiteSpace" : false
    }, {
      "id" : "s1-t7",
      "begin" : 236,
      "end" : 237,
      "text" : ".",
      "whiteSpace" : false
    } ]
  }, {
    "id" : "s2",
    "begin" : 238,
    "end" : 342,
    "text" : "Multimídia de 7 polegadas é bem localizada e tem excelentes funções, apesar que poderia ser mais rápida.",
    "tokens" : [ {
      "id" : "s2-t0",
      "begin" : 238,
      "end" : 248,
      "text" : "Multimídia",
      "whiteSpace" : false
    }, {
      "id" : "s2-t1",
      "begin" : 249,
      "end" : 251,
      "text" : "de",
      "whiteSpace" : false
    }, {
      "id" : "s2-t2",
      "begin" : 252,
      "end" : 253,
      "text" : "7",
      "whiteSpace" : false
    }, {
      "id" : "s2-t3",
      "begin" : 254,
      "end" : 263,
      "text" : "polegadas",
      "whiteSpace" : false
    }, {
      "id" : "s2-t4",
      "begin" : 264,
      "end" : 265,
      "text" : "é",
      "whiteSpace" : false
    }, {
      "id" : "s2-t5",
      "begin" : 266,
      "end" : 269,
      "text" : "bem",
      "whiteSpace" : false
    }, {
      "id" : "s2-t6",
      "begin" : 270,
      "end" : 280,
      "text" : "localizada",
      "whiteSpace" : false
    }, {
      "id" : "s2-t7",
      "begin" : 281,
      "end" : 282,
      "text" : "e",
      "whiteSpace" : false
    }, {
      "id" : "s2-t8",
      "begin" : 283,
      "end" : 286,
      "text" : "tem",
      "whiteSpace" : false
    }, {
      "id" : "s2-t9",
      "begin" : 287,
      "end" : 297,
      "text" : "excelentes",
      "whiteSpace" : false
    }, {
      "id" : "s2-t10",
      "begin" : 298,
      "end" : 305,
      "text" : "funções",
      "whiteSpace" : false
    }, {
      "id" : "s2-t11",
      "begin" : 305,
      "end" : 306,
      "text" : ",",
      "whiteSpace" : false
    }, {
      "id" : "s2-t12",
      "begin" : 307,
      "end" : 313,
      "text" : "apesar",
      "whiteSpace" : false
    }, {
      "id" : "s2-t13",
      "begin" : 314,
      "end" : 317,
      "text" : "que",
      "whiteSpace" : false
    }, {
      "id" : "s2-t14",
      "begin" : 318,
      "end" : 325,
      "text" : "poderia",
      "whiteSpace" : false
    }, {
      "id" : "s2-t15",
      "begin" : 326,
      "end" : 329,
      "text" : "ser",
      "whiteSpace" : false
    }, {
      "id" : "s2-t16",
      "begin" : 330,
      "end" : 334,
      "text" : "mais",
      "whiteSpace" : false
    }, {
      "id" : "s2-t17",
      "begin" : 335,
      "end" : 341,
      "text" : "rápida",
      "whiteSpace" : false
    }, {
      "id" : "s2-t18",
      "begin" : 341,
      "end" : 342,
      "text" : ".",
      "whiteSpace" : false
    } ]
  }, {
    "id" : "s3",
    "begin" : 343,
    "end" : 421,
    "text" : "Sabendo dirigir, o carro é muito econômico, tanto na cidade quanto na estrada.",
    "tokens" : [ {
      "id" : "s3-t0",
      "begin" : 343,
      "end" : 350,
      "text" : "Sabendo",
      "whiteSpace" : false
    }, {
      "id" : "s3-t1",
      "begin" : 351,
      "end" : 358,
      "text" : "dirigir",
      "whiteSpace" : false
    }, {
      "id" : "s3-t2",
      "begin" : 358,
      "end" : 359,
      "text" : ",",
      "whiteSpace" : false
    }, {
      "id" : "s3-t3",
      "begin" : 360,
      "end" : 361,
      "text" : "o",
      "whiteSpace" : false
    }, {
      "id" : "s3-t4",
      "begin" : 362,
      "end" : 367,
      "text" : "carro",
      "whiteSpace" : false
    }, {
      "id" : "s3-t5",
      "begin" : 368,
      "end" : 369,
      "text" : "é",
      "whiteSpace" : false
    }, {
      "id" : "s3-t6",
      "begin" : 370,
      "end" : 375,
      "text" : "muito",
      "whiteSpace" : false
    }, {
      "id" : "s3-t7",
      "begin" : 376,
      "end" : 385,
      "text" : "econômico",
      "whiteSpace" : false
    }, {
      "id" : "s3-t8",
      "begin" : 385,
      "end" : 386,
      "text" : ",",
      "whiteSpace" : false
    }, {
      "id" : "s3-t9",
      "begin" : 387,
      "end" : 392,
      "text" : "tanto",
      "whiteSpace" : false
    }, {
      "id" : "s3-t10",
      "begin" : 393,
      "end" : 395,
      "text" : "na",
      "whiteSpace" : false
    }, {
      "id" : "s3-t11",
      "begin" : 396,
      "end" : 402,
      "text" : "cidade",
      "whiteSpace" : false
    }, {
      "id" : "s3-t12",
      "begin" : 403,
      "end" : 409,
      "text" : "quanto",
      "whiteSpace" : false
    }, {
      "id" : "s3-t13",
      "begin" : 410,
      "end" : 412,
      "text" : "na",
      "whiteSpace" : false
    }, {
      "id" : "s3-t14",
      "begin" : 413,
      "end" : 420,
      "text" : "estrada",
      "whiteSpace" : false
    }, {
      "id" : "s3-t15",
      "begin" : 420,
      "end" : 421,
      "text" : ".",
      "whiteSpace" : false
    } ]
  } ],
  "mentions" : [ {
    "id" : "s0-m1",
    "properties" : {
      "SIRE_MENTION_ROLE" : "MODELO",
      "SIRE_ENTITY_SUBTYPE" : "NONE",
      "SIRE_MENTION_TYPE" : "NONE",
      "SIRE_MENTION_CLASS" : "SPC"
    },
    "type" : "MODELO",
    "begin" : 2,
    "end" : 6,
    "inCoref" : false
  }, {
    "id" : "s0-m2",
    "properties" : {
      "SIRE_MENTION_ROLE" : "CONFORTO",
      "SIRE_ENTITY_SUBTYPE" : "NONE",
      "SIRE_MENTION_TYPE" : "NONE",
      "SIRE_MENTION_CLASS" : "SPC"
    },
    "type" : "CONFORTO",
    "begin" : 14,
    "end" : 28,
    "inCoref" : false
  }, {
    "id" : "s0-m3",
    "properties" : {
      "SIRE_MENTION_ROLE" : "CONFORTO",
      "SIRE_ENTITY_SUBTYPE" : "NONE",
      "SIRE_MENTION_TYPE" : "NONE",
      "SIRE_MENTION_CLASS" : "SPC"
    },
    "type" : "CONFORTO",
    "begin" : 125,
    "end" : 130,
    "inCoref" : false
  }, {
    "id" : "s0-m4",
    "properties" : {
      "SIRE_MENTION_ROLE" : "CONFORTO",
      "SIRE_ENTITY_SUBTYPE" : "NONE",
      "SIRE_MENTION_TYPE" : "NONE",
      "SIRE_MENTION_CLASS" : "SPC"
    },
    "type" : "CONFORTO",
    "begin" : 152,
    "end" : 157,
    "inCoref" : false
  }, {
    "id" : "s1-m1",
    "properties" : {
      "SIRE_MENTION_ROLE" : "ACESSORIOS",
      "SIRE_ENTITY_SUBTYPE" : "NONE",
      "SIRE_MENTION_TYPE" : "NONE",
      "SIRE_MENTION_CLASS" : "SPC"
    },
    "type" : "ACESSORIOS",
    "begin" : 191,
    "end" : 210,
    "inCoref" : false
  }, {
    "id" : "s2-m1",
    "properties" : {
      "SIRE_MENTION_ROLE" : "ACESSORIOS",
      "SIRE_ENTITY_SUBTYPE" : "NONE",
      "SIRE_MENTION_TYPE" : "NONE",
      "SIRE_MENTION_CLASS" : "SPC"
    },
    "type" : "ACESSORIOS",
    "begin" : 238,
    "end" : 248,
    "inCoref" : false
  }, {
    "id" : "s3-m1",
    "properties" : {
      "SIRE_MENTION_ROLE" : "CONSUMO",
      "SIRE_ENTITY_SUBTYPE" : "NONE",
      "SIRE_MENTION_TYPE" : "NONE",
      "SIRE_MENTION_CLASS" : "SPC"
    },
    "type" : "CONSUMO",
    "begin" : 376,
    "end" : 385,
    "inCoref" : false
  } ],
  "relations" : [ ],
  "corefs" : [ ],
  "typeResolved" : true,
  "userResolved" : false
}