{
  "id" : "a2e93d50-f6cb-11ea-9b27-75c700284c8b-29",
  "name" : "train_23.txt",
  "createdDate" : 0,
  "version" : 3,
  "text" : "O Argo quase não tem porta-trecos e até um insignificante porta-óculos foi retirado das versões atuais. A manta acústica do capô do carro, que reduz um pouco o ruído do motor, também foi retirada [economia insignificante] e aos 110 km/h, o som do motor começa a incomodar um pouco na cabine. O carro não tem um apoio de braço central digno nem mesmo como opcional e o controle de posição dos bancos, ficam MUITO mal posicionados.Os engates da marcha são curtos, mas infelizmente, imprecisos e por vezes, barulhentos. A iluminação interna é o ponto mais negativo do carro. Dentro do carro é um completo breu, principalmente a versão S Design que vem com o forro de teto preto.\r\n",
  "docLength" : 0,
  "language" : "PT",
  "status" : "SUBMITTED",
  "modifiedDate" : 1600306982015,
  "documentSet" : [ ],
  "preannotation" : [ ],
  "sentences" : [ {
    "id" : "s0",
    "begin" : 0,
    "end" : 103,
    "text" : "O Argo quase não tem porta-trecos e até um insignificante porta-óculos foi retirado das versões atuais.",
    "tokens" : [ {
      "id" : "s0-t0",
      "begin" : 0,
      "end" : 1,
      "text" : "O",
      "whiteSpace" : false
    }, {
      "id" : "s0-t1",
      "begin" : 2,
      "end" : 6,
      "text" : "Argo",
      "whiteSpace" : false
    }, {
      "id" : "s0-t2",
      "begin" : 7,
      "end" : 12,
      "text" : "quase",
      "whiteSpace" : false
    }, {
      "id" : "s0-t3",
      "begin" : 13,
      "end" : 16,
      "text" : "não",
      "whiteSpace" : false
    }, {
      "id" : "s0-t4",
      "begin" : 17,
      "end" : 20,
      "text" : "tem",
      "whiteSpace" : false
    }, {
      "id" : "s0-t5",
      "begin" : 21,
      "end" : 33,
      "text" : "porta-trecos",
      "whiteSpace" : false
    }, {
      "id" : "s0-t6",
      "begin" : 34,
      "end" : 35,
      "text" : "e",
      "whiteSpace" : false
    }, {
      "id" : "s0-t7",
      "begin" : 36,
      "end" : 39,
      "text" : "até",
      "whiteSpace" : false
    }, {
      "id" : "s0-t8",
      "begin" : 40,
      "end" : 42,
      "text" : "um",
      "whiteSpace" : false
    }, {
      "id" : "s0-t9",
      "begin" : 43,
      "end" : 57,
      "text" : "insignificante",
      "whiteSpace" : false
    }, {
      "id" : "s0-t10",
      "begin" : 58,
      "end" : 70,
      "text" : "porta-óculos",
      "whiteSpace" : false
    }, {
      "id" : "s0-t11",
      "begin" : 71,
      "end" : 74,
      "text" : "foi",
      "whiteSpace" : false
    }, {
      "id" : "s0-t12",
      "begin" : 75,
      "end" : 83,
      "text" : "retirado",
      "whiteSpace" : false
    }, {
      "id" : "s0-t13",
      "begin" : 84,
      "end" : 87,
      "text" : "das",
      "whiteSpace" : false
    }, {
      "id" : "s0-t14",
      "begin" : 88,
      "end" : 95,
      "text" : "versões",
      "whiteSpace" : false
    }, {
      "id" : "s0-t15",
      "begin" : 96,
      "end" : 102,
      "text" : "atuais",
      "whiteSpace" : false
    }, {
      "id" : "s0-t16",
      "begin" : 102,
      "end" : 103,
      "text" : ".",
      "whiteSpace" : false
    } ]
  }, {
    "id" : "s1",
    "begin" : 104,
    "end" : 291,
    "text" : "A manta acústica do capô do carro, que reduz um pouco o ruído do motor, também foi retirada [economia insignificante] e aos 110 km/h, o som do motor começa a incomodar um pouco na cabine.",
    "tokens" : [ {
      "id" : "s1-t0",
      "begin" : 104,
      "end" : 105,
      "text" : "A",
      "whiteSpace" : false
    }, {
      "id" : "s1-t1",
      "begin" : 106,
      "end" : 111,
      "text" : "manta",
      "whiteSpace" : false
    }, {
      "id" : "s1-t2",
      "begin" : 112,
      "end" : 120,
      "text" : "acústica",
      "whiteSpace" : false
    }, {
      "id" : "s1-t3",
      "begin" : 121,
      "end" : 123,
      "text" : "do",
      "whiteSpace" : false
    }, {
      "id" : "s1-t4",
      "begin" : 124,
      "end" : 128,
      "text" : "capô",
      "whiteSpace" : false
    }, {
      "id" : "s1-t5",
      "begin" : 129,
      "end" : 131,
      "text" : "do",
      "whiteSpace" : false
    }, {
      "id" : "s1-t6",
      "begin" : 132,
      "end" : 137,
      "text" : "carro",
      "whiteSpace" : false
    }, {
      "id" : "s1-t7",
      "begin" : 137,
      "end" : 138,
      "text" : ",",
      "whiteSpace" : false
    }, {
      "id" : "s1-t8",
      "begin" : 139,
      "end" : 142,
      "text" : "que",
      "whiteSpace" : false
    }, {
      "id" : "s1-t9",
      "begin" : 143,
      "end" : 148,
      "text" : "reduz",
      "whiteSpace" : false
    }, {
      "id" : "s1-t10",
      "begin" : 149,
      "end" : 151,
      "text" : "um",
      "whiteSpace" : false
    }, {
      "id" : "s1-t11",
      "begin" : 152,
      "end" : 157,
      "text" : "pouco",
      "whiteSpace" : false
    }, {
      "id" : "s1-t12",
      "begin" : 158,
      "end" : 159,
      "text" : "o",
      "whiteSpace" : false
    }, {
      "id" : "s1-t13",
      "begin" : 160,
      "end" : 165,
      "text" : "ruído",
      "whiteSpace" : false
    }, {
      "id" : "s1-t14",
      "begin" : 166,
      "end" : 168,
      "text" : "do",
      "whiteSpace" : false
    }, {
      "id" : "s1-t15",
      "begin" : 169,
      "end" : 174,
      "text" : "motor",
      "whiteSpace" : false
    }, {
      "id" : "s1-t16",
      "begin" : 174,
      "end" : 175,
      "text" : ",",
      "whiteSpace" : false
    }, {
      "id" : "s1-t17",
      "begin" : 176,
      "end" : 182,
      "text" : "também",
      "whiteSpace" : false
    }, {
      "id" : "s1-t18",
      "begin" : 183,
      "end" : 186,
      "text" : "foi",
      "whiteSpace" : false
    }, {
      "id" : "s1-t19",
      "begin" : 187,
      "end" : 195,
      "text" : "retirada",
      "whiteSpace" : false
    }, {
      "id" : "s1-t20",
      "begin" : 196,
      "end" : 197,
      "text" : "[",
      "whiteSpace" : false
    }, {
      "id" : "s1-t21",
      "begin" : 197,
      "end" : 205,
      "text" : "economia",
      "whiteSpace" : false
    }, {
      "id" : "s1-t22",
      "begin" : 206,
      "end" : 220,
      "text" : "insignificante",
      "whiteSpace" : false
    }, {
      "id" : "s1-t23",
      "begin" : 220,
      "end" : 221,
      "text" : "]",
      "whiteSpace" : false
    }, {
      "id" : "s1-t24",
      "begin" : 222,
      "end" : 223,
      "text" : "e",
      "whiteSpace" : false
    }, {
      "id" : "s1-t25",
      "begin" : 224,
      "end" : 227,
      "text" : "aos",
      "whiteSpace" : false
    }, {
      "id" : "s1-t26",
      "begin" : 228,
      "end" : 231,
      "text" : "110",
      "whiteSpace" : false
    }, {
      "id" : "s1-t27",
      "begin" : 232,
      "end" : 236,
      "text" : "km/h",
      "whiteSpace" : false
    }, {
      "id" : "s1-t28",
      "begin" : 236,
      "end" : 237,
      "text" : ",",
      "whiteSpace" : false
    }, {
      "id" : "s1-t29",
      "begin" : 238,
      "end" : 239,
      "text" : "o",
      "whiteSpace" : false
    }, {
      "id" : "s1-t30",
      "begin" : 240,
      "end" : 243,
      "text" : "som",
      "whiteSpace" : false
    }, {
      "id" : "s1-t31",
      "begin" : 244,
      "end" : 246,
      "text" : "do",
      "whiteSpace" : false
    }, {
      "id" : "s1-t32",
      "begin" : 247,
      "end" : 252,
      "text" : "motor",
      "whiteSpace" : false
    }, {
      "id" : "s1-t33",
      "begin" : 253,
      "end" : 259,
      "text" : "começa",
      "whiteSpace" : false
    }, {
      "id" : "s1-t34",
      "begin" : 260,
      "end" : 261,
      "text" : "a",
      "whiteSpace" : false
    }, {
      "id" : "s1-t35",
      "begin" : 262,
      "end" : 271,
      "text" : "incomodar",
      "whiteSpace" : false
    }, {
      "id" : "s1-t36",
      "begin" : 272,
      "end" : 274,
      "text" : "um",
      "whiteSpace" : false
    }, {
      "id" : "s1-t37",
      "begin" : 275,
      "end" : 280,
      "text" : "pouco",
      "whiteSpace" : false
    }, {
      "id" : "s1-t38",
      "begin" : 281,
      "end" : 283,
      "text" : "na",
      "whiteSpace" : false
    }, {
      "id" : "s1-t39",
      "begin" : 284,
      "end" : 290,
      "text" : "cabine",
      "whiteSpace" : false
    }, {
      "id" : "s1-t40",
      "begin" : 290,
      "end" : 291,
      "text" : ".",
      "whiteSpace" : false
    } ]
  }, {
    "id" : "s2",
    "begin" : 292,
    "end" : 429,
    "text" : "O carro não tem um apoio de braço central digno nem mesmo como opcional e o controle de posição dos bancos, ficam MUITO mal posicionados.",
    "tokens" : [ {
      "id" : "s2-t0",
      "begin" : 292,
      "end" : 293,
      "text" : "O",
      "whiteSpace" : false
    }, {
      "id" : "s2-t1",
      "begin" : 294,
      "end" : 299,
      "text" : "carro",
      "whiteSpace" : false
    }, {
      "id" : "s2-t2",
      "begin" : 300,
      "end" : 303,
      "text" : "não",
      "whiteSpace" : false
    }, {
      "id" : "s2-t3",
      "begin" : 304,
      "end" : 307,
      "text" : "tem",
      "whiteSpace" : false
    }, {
      "id" : "s2-t4",
      "begin" : 308,
      "end" : 310,
      "text" : "um",
      "whiteSpace" : false
    }, {
      "id" : "s2-t5",
      "begin" : 311,
      "end" : 316,
      "text" : "apoio",
      "whiteSpace" : false
    }, {
      "id" : "s2-t6",
      "begin" : 317,
      "end" : 319,
      "text" : "de",
      "whiteSpace" : false
    }, {
      "id" : "s2-t7",
      "begin" : 320,
      "end" : 325,
      "text" : "braço",
      "whiteSpace" : false
    }, {
      "id" : "s2-t8",
      "begin" : 326,
      "end" : 333,
      "text" : "central",
      "whiteSpace" : false
    }, {
      "id" : "s2-t9",
      "begin" : 334,
      "end" : 339,
      "text" : "digno",
      "whiteSpace" : false
    }, {
      "id" : "s2-t10",
      "begin" : 340,
      "end" : 343,
      "text" : "nem",
      "whiteSpace" : false
    }, {
      "id" : "s2-t11",
      "begin" : 344,
      "end" : 349,
      "text" : "mesmo",
      "whiteSpace" : false
    }, {
      "id" : "s2-t12",
      "begin" : 350,
      "end" : 354,
      "text" : "como",
      "whiteSpace" : false
    }, {
      "id" : "s2-t13",
      "begin" : 355,
      "end" : 363,
      "text" : "opcional",
      "whiteSpace" : false
    }, {
      "id" : "s2-t14",
      "begin" : 364,
      "end" : 365,
      "text" : "e",
      "whiteSpace" : false
    }, {
      "id" : "s2-t15",
      "begin" : 366,
      "end" : 367,
      "text" : "o",
      "whiteSpace" : false
    }, {
      "id" : "s2-t16",
      "begin" : 368,
      "end" : 376,
      "text" : "controle",
      "whiteSpace" : false
    }, {
      "id" : "s2-t17",
      "begin" : 377,
      "end" : 379,
      "text" : "de",
      "whiteSpace" : false
    }, {
      "id" : "s2-t18",
      "begin" : 380,
      "end" : 387,
      "text" : "posição",
      "whiteSpace" : false
    }, {
      "id" : "s2-t19",
      "begin" : 388,
      "end" : 391,
      "text" : "dos",
      "whiteSpace" : false
    }, {
      "id" : "s2-t20",
      "begin" : 392,
      "end" : 398,
      "text" : "bancos",
      "whiteSpace" : false
    }, {
      "id" : "s2-t21",
      "begin" : 398,
      "end" : 399,
      "text" : ",",
      "whiteSpace" : false
    }, {
      "id" : "s2-t22",
      "begin" : 400,
      "end" : 405,
      "text" : "ficam",
      "whiteSpace" : false
    }, {
      "id" : "s2-t23",
      "begin" : 406,
      "end" : 411,
      "text" : "MUITO",
      "whiteSpace" : false
    }, {
      "id" : "s2-t24",
      "begin" : 412,
      "end" : 415,
      "text" : "mal",
      "whiteSpace" : false
    }, {
      "id" : "s2-t25",
      "begin" : 416,
      "end" : 428,
      "text" : "posicionados",
      "whiteSpace" : false
    }, {
      "id" : "s2-t26",
      "begin" : 428,
      "end" : 429,
      "text" : ".",
      "whiteSpace" : false
    } ]
  }, {
    "id" : "s3",
    "begin" : 429,
    "end" : 516,
    "text" : "Os engates da marcha são curtos, mas infelizmente, imprecisos e por vezes, barulhentos.",
    "tokens" : [ {
      "id" : "s3-t0",
      "begin" : 429,
      "end" : 431,
      "text" : "Os",
      "whiteSpace" : false
    }, {
      "id" : "s3-t1",
      "begin" : 432,
      "end" : 439,
      "text" : "engates",
      "whiteSpace" : false
    }, {
      "id" : "s3-t2",
      "begin" : 440,
      "end" : 442,
      "text" : "da",
      "whiteSpace" : false
    }, {
      "id" : "s3-t3",
      "begin" : 443,
      "end" : 449,
      "text" : "marcha",
      "whiteSpace" : false
    }, {
      "id" : "s3-t4",
      "begin" : 450,
      "end" : 453,
      "text" : "são",
      "whiteSpace" : false
    }, {
      "id" : "s3-t5",
      "begin" : 454,
      "end" : 460,
      "text" : "curtos",
      "whiteSpace" : false
    }, {
      "id" : "s3-t6",
      "begin" : 460,
      "end" : 461,
      "text" : ",",
      "whiteSpace" : false
    }, {
      "id" : "s3-t7",
      "begin" : 462,
      "end" : 465,
      "text" : "mas",
      "whiteSpace" : false
    }, {
      "id" : "s3-t8",
      "begin" : 466,
      "end" : 478,
      "text" : "infelizmente",
      "whiteSpace" : false
    }, {
      "id" : "s3-t9",
      "begin" : 478,
      "end" : 479,
      "text" : ",",
      "whiteSpace" : false
    }, {
      "id" : "s3-t10",
      "begin" : 480,
      "end" : 490,
      "text" : "imprecisos",
      "whiteSpace" : false
    }, {
      "id" : "s3-t11",
      "begin" : 491,
      "end" : 492,
      "text" : "e",
      "whiteSpace" : false
    }, {
      "id" : "s3-t12",
      "begin" : 493,
      "end" : 496,
      "text" : "por",
      "whiteSpace" : false
    }, {
      "id" : "s3-t13",
      "begin" : 497,
      "end" : 502,
      "text" : "vezes",
      "whiteSpace" : false
    }, {
      "id" : "s3-t14",
      "begin" : 502,
      "end" : 503,
      "text" : ",",
      "whiteSpace" : false
    }, {
      "id" : "s3-t15",
      "begin" : 504,
      "end" : 515,
      "text" : "barulhentos",
      "whiteSpace" : false
    }, {
      "id" : "s3-t16",
      "begin" : 515,
      "end" : 516,
      "text" : ".",
      "whiteSpace" : false
    } ]
  }, {
    "id" : "s4",
    "begin" : 517,
    "end" : 571,
    "text" : "A iluminação interna é o ponto mais negativo do carro.",
    "tokens" : [ {
      "id" : "s4-t0",
      "begin" : 517,
      "end" : 518,
      "text" : "A",
      "whiteSpace" : false
    }, {
      "id" : "s4-t1",
      "begin" : 519,
      "end" : 529,
      "text" : "iluminação",
      "whiteSpace" : false
    }, {
      "id" : "s4-t2",
      "begin" : 530,
      "end" : 537,
      "text" : "interna",
      "whiteSpace" : false
    }, {
      "id" : "s4-t3",
      "begin" : 538,
      "end" : 539,
      "text" : "é",
      "whiteSpace" : false
    }, {
      "id" : "s4-t4",
      "begin" : 540,
      "end" : 541,
      "text" : "o",
      "whiteSpace" : false
    }, {
      "id" : "s4-t5",
      "begin" : 542,
      "end" : 547,
      "text" : "ponto",
      "whiteSpace" : false
    }, {
      "id" : "s4-t6",
      "begin" : 548,
      "end" : 552,
      "text" : "mais",
      "whiteSpace" : false
    }, {
      "id" : "s4-t7",
      "begin" : 553,
      "end" : 561,
      "text" : "negativo",
      "whiteSpace" : false
    }, {
      "id" : "s4-t8",
      "begin" : 562,
      "end" : 564,
      "text" : "do",
      "whiteSpace" : false
    }, {
      "id" : "s4-t9",
      "begin" : 565,
      "end" : 570,
      "text" : "carro",
      "whiteSpace" : false
    }, {
      "id" : "s4-t10",
      "begin" : 570,
      "end" : 571,
      "text" : ".",
      "whiteSpace" : false
    } ]
  }, {
    "id" : "s5",
    "begin" : 572,
    "end" : 675,
    "text" : "Dentro do carro é um completo breu, principalmente a versão S Design que vem com o forro de teto preto.",
    "tokens" : [ {
      "id" : "s5-t0",
      "begin" : 572,
      "end" : 578,
      "text" : "Dentro",
      "whiteSpace" : false
    }, {
      "id" : "s5-t1",
      "begin" : 579,
      "end" : 581,
      "text" : "do",
      "whiteSpace" : false
    }, {
      "id" : "s5-t2",
      "begin" : 582,
      "end" : 587,
      "text" : "carro",
      "whiteSpace" : false
    }, {
      "id" : "s5-t3",
      "begin" : 588,
      "end" : 589,
      "text" : "é",
      "whiteSpace" : false
    }, {
      "id" : "s5-t4",
      "begin" : 590,
      "end" : 592,
      "text" : "um",
      "whiteSpace" : false
    }, {
      "id" : "s5-t5",
      "begin" : 593,
      "end" : 601,
      "text" : "completo",
      "whiteSpace" : false
    }, {
      "id" : "s5-t6",
      "begin" : 602,
      "end" : 606,
      "text" : "breu",
      "whiteSpace" : false
    }, {
      "id" : "s5-t7",
      "begin" : 606,
      "end" : 607,
      "text" : ",",
      "whiteSpace" : false
    }, {
      "id" : "s5-t8",
      "begin" : 608,
      "end" : 622,
      "text" : "principalmente",
      "whiteSpace" : false
    }, {
      "id" : "s5-t9",
      "begin" : 623,
      "end" : 624,
      "text" : "a",
      "whiteSpace" : false
    }, {
      "id" : "s5-t10",
      "begin" : 625,
      "end" : 631,
      "text" : "versão",
      "whiteSpace" : false
    }, {
      "id" : "s5-t11",
      "begin" : 632,
      "end" : 633,
      "text" : "S",
      "whiteSpace" : false
    }, {
      "id" : "s5-t12",
      "begin" : 634,
      "end" : 640,
      "text" : "Design",
      "whiteSpace" : false
    }, {
      "id" : "s5-t13",
      "begin" : 641,
      "end" : 644,
      "text" : "que",
      "whiteSpace" : false
    }, {
      "id" : "s5-t14",
      "begin" : 645,
      "end" : 648,
      "text" : "vem",
      "whiteSpace" : false
    }, {
      "id" : "s5-t15",
      "begin" : 649,
      "end" : 652,
      "text" : "com",
      "whiteSpace" : false
    }, {
      "id" : "s5-t16",
      "begin" : 653,
      "end" : 654,
      "text" : "o",
      "whiteSpace" : false
    }, {
      "id" : "s5-t17",
      "begin" : 655,
      "end" : 660,
      "text" : "forro",
      "whiteSpace" : false
    }, {
      "id" : "s5-t18",
      "begin" : 661,
      "end" : 663,
      "text" : "de",
      "whiteSpace" : false
    }, {
      "id" : "s5-t19",
      "begin" : 664,
      "end" : 668,
      "text" : "teto",
      "whiteSpace" : false
    }, {
      "id" : "s5-t20",
      "begin" : 669,
      "end" : 674,
      "text" : "preto",
      "whiteSpace" : false
    }, {
      "id" : "s5-t21",
      "begin" : 674,
      "end" : 675,
      "text" : ".",
      "whiteSpace" : false
    } ]
  } ],
  "mentions" : [ {
    "id" : "s0-m1",
    "properties" : {
      "SIRE_MENTION_ROLE" : "MODELO",
      "SIRE_ENTITY_SUBTYPE" : "NONE",
      "SIRE_MENTION_TYPE" : "NONE",
      "SIRE_MENTION_CLASS" : "SPC"
    },
    "type" : "MODELO",
    "begin" : 2,
    "end" : 6,
    "inCoref" : false
  }, {
    "id" : "s0-m2",
    "properties" : {
      "SIRE_MENTION_ROLE" : "ACESSORIOS",
      "SIRE_ENTITY_SUBTYPE" : "NONE",
      "SIRE_MENTION_TYPE" : "NONE",
      "SIRE_MENTION_CLASS" : "SPC"
    },
    "type" : "ACESSORIOS",
    "begin" : 21,
    "end" : 33,
    "inCoref" : false
  }, {
    "id" : "s0-m3",
    "properties" : {
      "SIRE_MENTION_ROLE" : "ACESSORIOS",
      "SIRE_ENTITY_SUBTYPE" : "NONE",
      "SIRE_MENTION_TYPE" : "NONE",
      "SIRE_MENTION_CLASS" : "SPC"
    },
    "type" : "ACESSORIOS",
    "begin" : 58,
    "end" : 70,
    "inCoref" : false
  }, {
    "id" : "s1-m2",
    "properties" : {
      "SIRE_MENTION_ROLE" : "CONFORTO",
      "SIRE_ENTITY_SUBTYPE" : "NONE",
      "SIRE_MENTION_TYPE" : "NONE",
      "SIRE_MENTION_CLASS" : "SPC"
    },
    "type" : "CONFORTO",
    "begin" : 106,
    "end" : 120,
    "inCoref" : false
  }, {
    "id" : "s1-m5",
    "properties" : {
      "SIRE_MENTION_ROLE" : "DESEMPENHO",
      "SIRE_ENTITY_SUBTYPE" : "NONE",
      "SIRE_MENTION_TYPE" : "NONE",
      "SIRE_MENTION_CLASS" : "SPC"
    },
    "type" : "DESEMPENHO",
    "begin" : 169,
    "end" : 174,
    "inCoref" : false
  }, {
    "id" : "s1-m3",
    "properties" : {
      "SIRE_MENTION_ROLE" : "CONSUMO",
      "SIRE_ENTITY_SUBTYPE" : "NONE",
      "SIRE_MENTION_TYPE" : "NONE",
      "SIRE_MENTION_CLASS" : "SPC"
    },
    "type" : "CONSUMO",
    "begin" : 228,
    "end" : 236,
    "inCoref" : false
  }, {
    "id" : "s1-m4",
    "properties" : {
      "SIRE_MENTION_ROLE" : "DESEMPENHO",
      "SIRE_ENTITY_SUBTYPE" : "NONE",
      "SIRE_MENTION_TYPE" : "NONE",
      "SIRE_MENTION_CLASS" : "SPC"
    },
    "type" : "DESEMPENHO",
    "begin" : 247,
    "end" : 252,
    "inCoref" : false
  }, {
    "id" : "s2-m1",
    "properties" : {
      "SIRE_MENTION_ROLE" : "ACESSORIOS",
      "SIRE_ENTITY_SUBTYPE" : "NONE",
      "SIRE_MENTION_TYPE" : "NONE",
      "SIRE_MENTION_CLASS" : "SPC"
    },
    "type" : "ACESSORIOS",
    "begin" : 311,
    "end" : 325,
    "inCoref" : false
  }, {
    "id" : "s2-m2",
    "properties" : {
      "SIRE_MENTION_ROLE" : "CONFORTO",
      "SIRE_ENTITY_SUBTYPE" : "NONE",
      "SIRE_MENTION_TYPE" : "NONE",
      "SIRE_MENTION_CLASS" : "SPC"
    },
    "type" : "CONFORTO",
    "begin" : 392,
    "end" : 398,
    "inCoref" : false
  }, {
    "id" : "s3-m1",
    "properties" : {
      "SIRE_MENTION_ROLE" : "CONFORTO",
      "SIRE_ENTITY_SUBTYPE" : "NONE",
      "SIRE_MENTION_TYPE" : "NONE",
      "SIRE_MENTION_CLASS" : "SPC"
    },
    "type" : "CONFORTO",
    "begin" : 443,
    "end" : 449,
    "inCoref" : false
  }, {
    "id" : "s4-m1",
    "properties" : {
      "SIRE_MENTION_ROLE" : "CONFORTO",
      "SIRE_ENTITY_SUBTYPE" : "NONE",
      "SIRE_MENTION_TYPE" : "NONE",
      "SIRE_MENTION_CLASS" : "SPC"
    },
    "type" : "CONFORTO",
    "begin" : 519,
    "end" : 537,
    "inCoref" : false
  }, {
    "id" : "s5-m1",
    "properties" : {
      "SIRE_MENTION_ROLE" : "DESIGN",
      "SIRE_ENTITY_SUBTYPE" : "NONE",
      "SIRE_MENTION_TYPE" : "NONE",
      "SIRE_MENTION_CLASS" : "SPC"
    },
    "type" : "DESIGN",
    "begin" : 634,
    "end" : 640,
    "inCoref" : false
  } ],
  "relations" : [ ],
  "corefs" : [ ],
  "typeResolved" : true,
  "userResolved" : false
}