{
  "id" : "a2e93d50-f6cb-11ea-9b27-75c700284c8b-41",
  "name" : "train_35.txt",
  "createdDate" : 0,
  "version" : 3,
  "text" : "O Marea HLX 2.0 tem comportamento dinâmico padrão de carro médio atual. O temido motor 2.0 20V [142CV] puxa o carro com extrema facilidade e entrega desempenho pra lá de suficiente, tendo como diferencial um ronco incomparável e empolgante!!! Os freios são extremamente eficientes, mas infelizmente alguns modelos não possuem ABS.\r\n",
  "docLength" : 0,
  "language" : "PT",
  "status" : "SUBMITTED",
  "modifiedDate" : 1600307564084,
  "documentSet" : [ ],
  "preannotation" : [ ],
  "sentences" : [ {
    "id" : "s0",
    "begin" : 0,
    "end" : 71,
    "text" : "O Marea HLX 2.0 tem comportamento dinâmico padrão de carro médio atual.",
    "tokens" : [ {
      "id" : "s0-t0",
      "begin" : 0,
      "end" : 1,
      "text" : "O",
      "whiteSpace" : false
    }, {
      "id" : "s0-t1",
      "begin" : 2,
      "end" : 7,
      "text" : "Marea",
      "whiteSpace" : false
    }, {
      "id" : "s0-t2",
      "begin" : 8,
      "end" : 11,
      "text" : "HLX",
      "whiteSpace" : false
    }, {
      "id" : "s0-t3",
      "begin" : 12,
      "end" : 15,
      "text" : "2.0",
      "whiteSpace" : false
    }, {
      "id" : "s0-t4",
      "begin" : 16,
      "end" : 19,
      "text" : "tem",
      "whiteSpace" : false
    }, {
      "id" : "s0-t5",
      "begin" : 20,
      "end" : 33,
      "text" : "comportamento",
      "whiteSpace" : false
    }, {
      "id" : "s0-t6",
      "begin" : 34,
      "end" : 42,
      "text" : "dinâmico",
      "whiteSpace" : false
    }, {
      "id" : "s0-t7",
      "begin" : 43,
      "end" : 49,
      "text" : "padrão",
      "whiteSpace" : false
    }, {
      "id" : "s0-t8",
      "begin" : 50,
      "end" : 52,
      "text" : "de",
      "whiteSpace" : false
    }, {
      "id" : "s0-t9",
      "begin" : 53,
      "end" : 58,
      "text" : "carro",
      "whiteSpace" : false
    }, {
      "id" : "s0-t10",
      "begin" : 59,
      "end" : 64,
      "text" : "médio",
      "whiteSpace" : false
    }, {
      "id" : "s0-t11",
      "begin" : 65,
      "end" : 70,
      "text" : "atual",
      "whiteSpace" : false
    }, {
      "id" : "s0-t12",
      "begin" : 70,
      "end" : 71,
      "text" : ".",
      "whiteSpace" : false
    } ]
  }, {
    "id" : "s1",
    "begin" : 72,
    "end" : 330,
    "text" : "O temido motor 2.0 20V [142CV] puxa o carro com extrema facilidade e entrega desempenho pra lá de suficiente, tendo como diferencial um ronco incomparável e empolgante!!! Os freios são extremamente eficientes, mas infelizmente alguns modelos não possuem ABS.",
    "tokens" : [ {
      "id" : "s1-t0",
      "begin" : 72,
      "end" : 73,
      "text" : "O",
      "whiteSpace" : false
    }, {
      "id" : "s1-t1",
      "begin" : 74,
      "end" : 80,
      "text" : "temido",
      "whiteSpace" : false
    }, {
      "id" : "s1-t2",
      "begin" : 81,
      "end" : 86,
      "text" : "motor",
      "whiteSpace" : false
    }, {
      "id" : "s1-t3",
      "begin" : 87,
      "end" : 90,
      "text" : "2.0",
      "whiteSpace" : false
    }, {
      "id" : "s1-t4",
      "begin" : 91,
      "end" : 94,
      "text" : "20V",
      "whiteSpace" : false
    }, {
      "id" : "s1-t5",
      "begin" : 95,
      "end" : 96,
      "text" : "[",
      "whiteSpace" : false
    }, {
      "id" : "s1-t6",
      "begin" : 96,
      "end" : 101,
      "text" : "142CV",
      "whiteSpace" : false
    }, {
      "id" : "s1-t7",
      "begin" : 101,
      "end" : 102,
      "text" : "]",
      "whiteSpace" : false
    }, {
      "id" : "s1-t8",
      "begin" : 103,
      "end" : 107,
      "text" : "puxa",
      "whiteSpace" : false
    }, {
      "id" : "s1-t9",
      "begin" : 108,
      "end" : 109,
      "text" : "o",
      "whiteSpace" : false
    }, {
      "id" : "s1-t10",
      "begin" : 110,
      "end" : 115,
      "text" : "carro",
      "whiteSpace" : false
    }, {
      "id" : "s1-t11",
      "begin" : 116,
      "end" : 119,
      "text" : "com",
      "whiteSpace" : false
    }, {
      "id" : "s1-t12",
      "begin" : 120,
      "end" : 127,
      "text" : "extrema",
      "whiteSpace" : false
    }, {
      "id" : "s1-t13",
      "begin" : 128,
      "end" : 138,
      "text" : "facilidade",
      "whiteSpace" : false
    }, {
      "id" : "s1-t14",
      "begin" : 139,
      "end" : 140,
      "text" : "e",
      "whiteSpace" : false
    }, {
      "id" : "s1-t15",
      "begin" : 141,
      "end" : 148,
      "text" : "entrega",
      "whiteSpace" : false
    }, {
      "id" : "s1-t16",
      "begin" : 149,
      "end" : 159,
      "text" : "desempenho",
      "whiteSpace" : false
    }, {
      "id" : "s1-t17",
      "begin" : 160,
      "end" : 163,
      "text" : "pra",
      "whiteSpace" : false
    }, {
      "id" : "s1-t18",
      "begin" : 164,
      "end" : 166,
      "text" : "lá",
      "whiteSpace" : false
    }, {
      "id" : "s1-t19",
      "begin" : 167,
      "end" : 169,
      "text" : "de",
      "whiteSpace" : false
    }, {
      "id" : "s1-t20",
      "begin" : 170,
      "end" : 180,
      "text" : "suficiente",
      "whiteSpace" : false
    }, {
      "id" : "s1-t21",
      "begin" : 180,
      "end" : 181,
      "text" : ",",
      "whiteSpace" : false
    }, {
      "id" : "s1-t22",
      "begin" : 182,
      "end" : 187,
      "text" : "tendo",
      "whiteSpace" : false
    }, {
      "id" : "s1-t23",
      "begin" : 188,
      "end" : 192,
      "text" : "como",
      "whiteSpace" : false
    }, {
      "id" : "s1-t24",
      "begin" : 193,
      "end" : 204,
      "text" : "diferencial",
      "whiteSpace" : false
    }, {
      "id" : "s1-t25",
      "begin" : 205,
      "end" : 207,
      "text" : "um",
      "whiteSpace" : false
    }, {
      "id" : "s1-t26",
      "begin" : 208,
      "end" : 213,
      "text" : "ronco",
      "whiteSpace" : false
    }, {
      "id" : "s1-t27",
      "begin" : 214,
      "end" : 226,
      "text" : "incomparável",
      "whiteSpace" : false
    }, {
      "id" : "s1-t28",
      "begin" : 227,
      "end" : 228,
      "text" : "e",
      "whiteSpace" : false
    }, {
      "id" : "s1-t29",
      "begin" : 229,
      "end" : 239,
      "text" : "empolgante",
      "whiteSpace" : false
    }, {
      "id" : "s1-t30",
      "begin" : 239,
      "end" : 242,
      "text" : "!!!",
      "whiteSpace" : false
    }, {
      "id" : "s1-t31",
      "begin" : 243,
      "end" : 245,
      "text" : "Os",
      "whiteSpace" : false
    }, {
      "id" : "s1-t32",
      "begin" : 246,
      "end" : 252,
      "text" : "freios",
      "whiteSpace" : false
    }, {
      "id" : "s1-t33",
      "begin" : 253,
      "end" : 256,
      "text" : "são",
      "whiteSpace" : false
    }, {
      "id" : "s1-t34",
      "begin" : 257,
      "end" : 269,
      "text" : "extremamente",
      "whiteSpace" : false
    }, {
      "id" : "s1-t35",
      "begin" : 270,
      "end" : 280,
      "text" : "eficientes",
      "whiteSpace" : false
    }, {
      "id" : "s1-t36",
      "begin" : 280,
      "end" : 281,
      "text" : ",",
      "whiteSpace" : false
    }, {
      "id" : "s1-t37",
      "begin" : 282,
      "end" : 285,
      "text" : "mas",
      "whiteSpace" : false
    }, {
      "id" : "s1-t38",
      "begin" : 286,
      "end" : 298,
      "text" : "infelizmente",
      "whiteSpace" : false
    }, {
      "id" : "s1-t39",
      "begin" : 299,
      "end" : 305,
      "text" : "alguns",
      "whiteSpace" : false
    }, {
      "id" : "s1-t40",
      "begin" : 306,
      "end" : 313,
      "text" : "modelos",
      "whiteSpace" : false
    }, {
      "id" : "s1-t41",
      "begin" : 314,
      "end" : 317,
      "text" : "não",
      "whiteSpace" : false
    }, {
      "id" : "s1-t42",
      "begin" : 318,
      "end" : 325,
      "text" : "possuem",
      "whiteSpace" : false
    }, {
      "id" : "s1-t43",
      "begin" : 326,
      "end" : 329,
      "text" : "ABS",
      "whiteSpace" : false
    }, {
      "id" : "s1-t44",
      "begin" : 329,
      "end" : 330,
      "text" : ".",
      "whiteSpace" : false
    } ]
  } ],
  "mentions" : [ {
    "id" : "s0-m2",
    "properties" : {
      "SIRE_MENTION_ROLE" : "MODELO",
      "SIRE_ENTITY_SUBTYPE" : "NONE",
      "SIRE_MENTION_TYPE" : "NONE",
      "SIRE_MENTION_CLASS" : "SPC"
    },
    "type" : "MODELO",
    "begin" : 2,
    "end" : 7,
    "inCoref" : false
  }, {
    "id" : "s1-m1",
    "properties" : {
      "SIRE_MENTION_ROLE" : "DESEMPENHO",
      "SIRE_ENTITY_SUBTYPE" : "NONE",
      "SIRE_MENTION_TYPE" : "NONE",
      "SIRE_MENTION_CLASS" : "SPC"
    },
    "type" : "DESEMPENHO",
    "begin" : 81,
    "end" : 86,
    "inCoref" : false
  }, {
    "id" : "s1-m2",
    "properties" : {
      "SIRE_MENTION_ROLE" : "DESEMPENHO",
      "SIRE_ENTITY_SUBTYPE" : "NONE",
      "SIRE_MENTION_TYPE" : "NONE",
      "SIRE_MENTION_CLASS" : "SPC"
    },
    "type" : "DESEMPENHO",
    "begin" : 149,
    "end" : 159,
    "inCoref" : false
  }, {
    "id" : "s1-m3",
    "properties" : {
      "SIRE_MENTION_ROLE" : "SEGURANCA",
      "SIRE_ENTITY_SUBTYPE" : "NONE",
      "SIRE_MENTION_TYPE" : "NONE",
      "SIRE_MENTION_CLASS" : "SPC"
    },
    "type" : "SEGURANCA",
    "begin" : 246,
    "end" : 252,
    "inCoref" : false
  }, {
    "id" : "s1-m4",
    "properties" : {
      "SIRE_MENTION_ROLE" : "SEGURANCA",
      "SIRE_ENTITY_SUBTYPE" : "NONE",
      "SIRE_MENTION_TYPE" : "NONE",
      "SIRE_MENTION_CLASS" : "SPC"
    },
    "type" : "SEGURANCA",
    "begin" : 326,
    "end" : 329,
    "inCoref" : false
  } ],
  "relations" : [ ],
  "corefs" : [ ],
  "typeResolved" : true,
  "userResolved" : false
}