{
  "id" : "a2e93d50-f6cb-11ea-9b27-75c700284c8b-53",
  "name" : "train_47.txt",
  "createdDate" : 0,
  "version" : 3,
  "text" : "O maior problema desse carro na minha opinião é o custo alto das peças originais que são exclusivas. Peças únicas de acabamento do carro você não pode nem pensar em quebrá-las. Para quem busca um carro bonito, econômico e com manutenção barata, será um prazer dirigir o Fiat 500.\r\n",
  "docLength" : 0,
  "language" : "PT",
  "status" : "SUBMITTED",
  "modifiedDate" : 1600308008254,
  "documentSet" : [ ],
  "preannotation" : [ ],
  "sentences" : [ {
    "id" : "s0",
    "begin" : 0,
    "end" : 100,
    "text" : "O maior problema desse carro na minha opinião é o custo alto das peças originais que são exclusivas.",
    "tokens" : [ {
      "id" : "s0-t0",
      "begin" : 0,
      "end" : 1,
      "text" : "O",
      "whiteSpace" : false
    }, {
      "id" : "s0-t1",
      "begin" : 2,
      "end" : 7,
      "text" : "maior",
      "whiteSpace" : false
    }, {
      "id" : "s0-t2",
      "begin" : 8,
      "end" : 16,
      "text" : "problema",
      "whiteSpace" : false
    }, {
      "id" : "s0-t3",
      "begin" : 17,
      "end" : 22,
      "text" : "desse",
      "whiteSpace" : false
    }, {
      "id" : "s0-t4",
      "begin" : 23,
      "end" : 28,
      "text" : "carro",
      "whiteSpace" : false
    }, {
      "id" : "s0-t5",
      "begin" : 29,
      "end" : 31,
      "text" : "na",
      "whiteSpace" : false
    }, {
      "id" : "s0-t6",
      "begin" : 32,
      "end" : 37,
      "text" : "minha",
      "whiteSpace" : false
    }, {
      "id" : "s0-t7",
      "begin" : 38,
      "end" : 45,
      "text" : "opinião",
      "whiteSpace" : false
    }, {
      "id" : "s0-t8",
      "begin" : 46,
      "end" : 47,
      "text" : "é",
      "whiteSpace" : false
    }, {
      "id" : "s0-t9",
      "begin" : 48,
      "end" : 49,
      "text" : "o",
      "whiteSpace" : false
    }, {
      "id" : "s0-t10",
      "begin" : 50,
      "end" : 55,
      "text" : "custo",
      "whiteSpace" : false
    }, {
      "id" : "s0-t11",
      "begin" : 56,
      "end" : 60,
      "text" : "alto",
      "whiteSpace" : false
    }, {
      "id" : "s0-t12",
      "begin" : 61,
      "end" : 64,
      "text" : "das",
      "whiteSpace" : false
    }, {
      "id" : "s0-t13",
      "begin" : 65,
      "end" : 70,
      "text" : "peças",
      "whiteSpace" : false
    }, {
      "id" : "s0-t14",
      "begin" : 71,
      "end" : 80,
      "text" : "originais",
      "whiteSpace" : false
    }, {
      "id" : "s0-t15",
      "begin" : 81,
      "end" : 84,
      "text" : "que",
      "whiteSpace" : false
    }, {
      "id" : "s0-t16",
      "begin" : 85,
      "end" : 88,
      "text" : "são",
      "whiteSpace" : false
    }, {
      "id" : "s0-t17",
      "begin" : 89,
      "end" : 99,
      "text" : "exclusivas",
      "whiteSpace" : false
    }, {
      "id" : "s0-t18",
      "begin" : 99,
      "end" : 100,
      "text" : ".",
      "whiteSpace" : false
    } ]
  }, {
    "id" : "s1",
    "begin" : 101,
    "end" : 176,
    "text" : "Peças únicas de acabamento do carro você não pode nem pensar em quebrá-las.",
    "tokens" : [ {
      "id" : "s1-t0",
      "begin" : 101,
      "end" : 106,
      "text" : "Peças",
      "whiteSpace" : false
    }, {
      "id" : "s1-t1",
      "begin" : 107,
      "end" : 113,
      "text" : "únicas",
      "whiteSpace" : false
    }, {
      "id" : "s1-t2",
      "begin" : 114,
      "end" : 116,
      "text" : "de",
      "whiteSpace" : false
    }, {
      "id" : "s1-t3",
      "begin" : 117,
      "end" : 127,
      "text" : "acabamento",
      "whiteSpace" : false
    }, {
      "id" : "s1-t4",
      "begin" : 128,
      "end" : 130,
      "text" : "do",
      "whiteSpace" : false
    }, {
      "id" : "s1-t5",
      "begin" : 131,
      "end" : 136,
      "text" : "carro",
      "whiteSpace" : false
    }, {
      "id" : "s1-t6",
      "begin" : 137,
      "end" : 141,
      "text" : "você",
      "whiteSpace" : false
    }, {
      "id" : "s1-t7",
      "begin" : 142,
      "end" : 145,
      "text" : "não",
      "whiteSpace" : false
    }, {
      "id" : "s1-t8",
      "begin" : 146,
      "end" : 150,
      "text" : "pode",
      "whiteSpace" : false
    }, {
      "id" : "s1-t9",
      "begin" : 151,
      "end" : 154,
      "text" : "nem",
      "whiteSpace" : false
    }, {
      "id" : "s1-t10",
      "begin" : 155,
      "end" : 161,
      "text" : "pensar",
      "whiteSpace" : false
    }, {
      "id" : "s1-t11",
      "begin" : 162,
      "end" : 164,
      "text" : "em",
      "whiteSpace" : false
    }, {
      "id" : "s1-t12",
      "begin" : 165,
      "end" : 175,
      "text" : "quebrá-las",
      "whiteSpace" : false
    }, {
      "id" : "s1-t13",
      "begin" : 175,
      "end" : 176,
      "text" : ".",
      "whiteSpace" : false
    } ]
  }, {
    "id" : "s2",
    "begin" : 177,
    "end" : 279,
    "text" : "Para quem busca um carro bonito, econômico e com manutenção barata, será um prazer dirigir o Fiat 500.",
    "tokens" : [ {
      "id" : "s2-t0",
      "begin" : 177,
      "end" : 181,
      "text" : "Para",
      "whiteSpace" : false
    }, {
      "id" : "s2-t1",
      "begin" : 182,
      "end" : 186,
      "text" : "quem",
      "whiteSpace" : false
    }, {
      "id" : "s2-t2",
      "begin" : 187,
      "end" : 192,
      "text" : "busca",
      "whiteSpace" : false
    }, {
      "id" : "s2-t3",
      "begin" : 193,
      "end" : 195,
      "text" : "um",
      "whiteSpace" : false
    }, {
      "id" : "s2-t4",
      "begin" : 196,
      "end" : 201,
      "text" : "carro",
      "whiteSpace" : false
    }, {
      "id" : "s2-t5",
      "begin" : 202,
      "end" : 208,
      "text" : "bonito",
      "whiteSpace" : false
    }, {
      "id" : "s2-t6",
      "begin" : 208,
      "end" : 209,
      "text" : ",",
      "whiteSpace" : false
    }, {
      "id" : "s2-t7",
      "begin" : 210,
      "end" : 219,
      "text" : "econômico",
      "whiteSpace" : false
    }, {
      "id" : "s2-t8",
      "begin" : 220,
      "end" : 221,
      "text" : "e",
      "whiteSpace" : false
    }, {
      "id" : "s2-t9",
      "begin" : 222,
      "end" : 225,
      "text" : "com",
      "whiteSpace" : false
    }, {
      "id" : "s2-t10",
      "begin" : 226,
      "end" : 236,
      "text" : "manutenção",
      "whiteSpace" : false
    }, {
      "id" : "s2-t11",
      "begin" : 237,
      "end" : 243,
      "text" : "barata",
      "whiteSpace" : false
    }, {
      "id" : "s2-t12",
      "begin" : 243,
      "end" : 244,
      "text" : ",",
      "whiteSpace" : false
    }, {
      "id" : "s2-t13",
      "begin" : 245,
      "end" : 249,
      "text" : "será",
      "whiteSpace" : false
    }, {
      "id" : "s2-t14",
      "begin" : 250,
      "end" : 252,
      "text" : "um",
      "whiteSpace" : false
    }, {
      "id" : "s2-t15",
      "begin" : 253,
      "end" : 259,
      "text" : "prazer",
      "whiteSpace" : false
    }, {
      "id" : "s2-t16",
      "begin" : 260,
      "end" : 267,
      "text" : "dirigir",
      "whiteSpace" : false
    }, {
      "id" : "s2-t17",
      "begin" : 268,
      "end" : 269,
      "text" : "o",
      "whiteSpace" : false
    }, {
      "id" : "s2-t18",
      "begin" : 270,
      "end" : 274,
      "text" : "Fiat",
      "whiteSpace" : false
    }, {
      "id" : "s2-t19",
      "begin" : 275,
      "end" : 278,
      "text" : "500",
      "whiteSpace" : false
    }, {
      "id" : "s2-t20",
      "begin" : 278,
      "end" : 279,
      "text" : ".",
      "whiteSpace" : false
    } ]
  } ],
  "mentions" : [ {
    "id" : "s2-m1",
    "properties" : {
      "SIRE_MENTION_ROLE" : "DESIGN",
      "SIRE_ENTITY_SUBTYPE" : "NONE",
      "SIRE_MENTION_TYPE" : "NONE",
      "SIRE_MENTION_CLASS" : "SPC"
    },
    "type" : "DESIGN",
    "begin" : 202,
    "end" : 208,
    "inCoref" : false
  }, {
    "id" : "s2-m2",
    "properties" : {
      "SIRE_MENTION_ROLE" : "CONSUMO",
      "SIRE_ENTITY_SUBTYPE" : "NONE",
      "SIRE_MENTION_TYPE" : "NONE",
      "SIRE_MENTION_CLASS" : "SPC"
    },
    "type" : "CONSUMO",
    "begin" : 210,
    "end" : 219,
    "inCoref" : false
  }, {
    "id" : "s2-m3",
    "properties" : {
      "SIRE_MENTION_ROLE" : "MANUTENCAO",
      "SIRE_ENTITY_SUBTYPE" : "NONE",
      "SIRE_MENTION_TYPE" : "NONE",
      "SIRE_MENTION_CLASS" : "SPC"
    },
    "type" : "MANUTENCAO",
    "begin" : 226,
    "end" : 236,
    "inCoref" : false
  }, {
    "id" : "s2-m4",
    "properties" : {
      "SIRE_MENTION_ROLE" : "MODELO",
      "SIRE_ENTITY_SUBTYPE" : "NONE",
      "SIRE_MENTION_TYPE" : "NONE",
      "SIRE_MENTION_CLASS" : "SPC"
    },
    "type" : "MODELO",
    "begin" : 270,
    "end" : 278,
    "inCoref" : false
  } ],
  "relations" : [ ],
  "corefs" : [ ],
  "typeResolved" : true,
  "userResolved" : false
}