{
  "id" : "a2e93d50-f6cb-11ea-9b27-75c700284c8b-51",
  "name" : "train_45.txt",
  "createdDate" : 0,
  "version" : 3,
  "text" : "Carro muito bom e muito confortável (embora apenas para quem anda na frente), e seguro. Dá pra fazer curvas a 140 km/h ou mais com tranquilidade, mas não recomendo. O Fiat 500 tem um desenho que continua moderno e chama muita atenção por onde passa.\r\n",
  "docLength" : 0,
  "language" : "PT",
  "status" : "SUBMITTED",
  "modifiedDate" : 1600308037061,
  "documentSet" : [ ],
  "preannotation" : [ ],
  "sentences" : [ {
    "id" : "s0",
    "begin" : 0,
    "end" : 87,
    "text" : "Carro muito bom e muito confortável (embora apenas para quem anda na frente), e seguro.",
    "tokens" : [ {
      "id" : "s0-t0",
      "begin" : 0,
      "end" : 5,
      "text" : "Carro",
      "whiteSpace" : false
    }, {
      "id" : "s0-t1",
      "begin" : 6,
      "end" : 11,
      "text" : "muito",
      "whiteSpace" : false
    }, {
      "id" : "s0-t2",
      "begin" : 12,
      "end" : 15,
      "text" : "bom",
      "whiteSpace" : false
    }, {
      "id" : "s0-t3",
      "begin" : 16,
      "end" : 17,
      "text" : "e",
      "whiteSpace" : false
    }, {
      "id" : "s0-t4",
      "begin" : 18,
      "end" : 23,
      "text" : "muito",
      "whiteSpace" : false
    }, {
      "id" : "s0-t5",
      "begin" : 24,
      "end" : 35,
      "text" : "confortável",
      "whiteSpace" : false
    }, {
      "id" : "s0-t6",
      "begin" : 36,
      "end" : 37,
      "text" : "(",
      "whiteSpace" : false
    }, {
      "id" : "s0-t7",
      "begin" : 37,
      "end" : 43,
      "text" : "embora",
      "whiteSpace" : false
    }, {
      "id" : "s0-t8",
      "begin" : 44,
      "end" : 50,
      "text" : "apenas",
      "whiteSpace" : false
    }, {
      "id" : "s0-t9",
      "begin" : 51,
      "end" : 55,
      "text" : "para",
      "whiteSpace" : false
    }, {
      "id" : "s0-t10",
      "begin" : 56,
      "end" : 60,
      "text" : "quem",
      "whiteSpace" : false
    }, {
      "id" : "s0-t11",
      "begin" : 61,
      "end" : 65,
      "text" : "anda",
      "whiteSpace" : false
    }, {
      "id" : "s0-t12",
      "begin" : 66,
      "end" : 68,
      "text" : "na",
      "whiteSpace" : false
    }, {
      "id" : "s0-t13",
      "begin" : 69,
      "end" : 75,
      "text" : "frente",
      "whiteSpace" : false
    }, {
      "id" : "s0-t14",
      "begin" : 75,
      "end" : 76,
      "text" : ")",
      "whiteSpace" : false
    }, {
      "id" : "s0-t15",
      "begin" : 76,
      "end" : 77,
      "text" : ",",
      "whiteSpace" : false
    }, {
      "id" : "s0-t16",
      "begin" : 78,
      "end" : 79,
      "text" : "e",
      "whiteSpace" : false
    }, {
      "id" : "s0-t17",
      "begin" : 80,
      "end" : 86,
      "text" : "seguro",
      "whiteSpace" : false
    }, {
      "id" : "s0-t18",
      "begin" : 86,
      "end" : 87,
      "text" : ".",
      "whiteSpace" : false
    } ]
  }, {
    "id" : "s1",
    "begin" : 88,
    "end" : 164,
    "text" : "Dá pra fazer curvas a 140 km/h ou mais com tranquilidade, mas não recomendo.",
    "tokens" : [ {
      "id" : "s1-t0",
      "begin" : 88,
      "end" : 90,
      "text" : "Dá",
      "whiteSpace" : false
    }, {
      "id" : "s1-t1",
      "begin" : 91,
      "end" : 94,
      "text" : "pra",
      "whiteSpace" : false
    }, {
      "id" : "s1-t2",
      "begin" : 95,
      "end" : 100,
      "text" : "fazer",
      "whiteSpace" : false
    }, {
      "id" : "s1-t3",
      "begin" : 101,
      "end" : 107,
      "text" : "curvas",
      "whiteSpace" : false
    }, {
      "id" : "s1-t4",
      "begin" : 108,
      "end" : 109,
      "text" : "a",
      "whiteSpace" : false
    }, {
      "id" : "s1-t5",
      "begin" : 110,
      "end" : 113,
      "text" : "140",
      "whiteSpace" : false
    }, {
      "id" : "s1-t6",
      "begin" : 114,
      "end" : 118,
      "text" : "km/h",
      "whiteSpace" : false
    }, {
      "id" : "s1-t7",
      "begin" : 119,
      "end" : 121,
      "text" : "ou",
      "whiteSpace" : false
    }, {
      "id" : "s1-t8",
      "begin" : 122,
      "end" : 126,
      "text" : "mais",
      "whiteSpace" : false
    }, {
      "id" : "s1-t9",
      "begin" : 127,
      "end" : 130,
      "text" : "com",
      "whiteSpace" : false
    }, {
      "id" : "s1-t10",
      "begin" : 131,
      "end" : 144,
      "text" : "tranquilidade",
      "whiteSpace" : false
    }, {
      "id" : "s1-t11",
      "begin" : 144,
      "end" : 145,
      "text" : ",",
      "whiteSpace" : false
    }, {
      "id" : "s1-t12",
      "begin" : 146,
      "end" : 149,
      "text" : "mas",
      "whiteSpace" : false
    }, {
      "id" : "s1-t13",
      "begin" : 150,
      "end" : 153,
      "text" : "não",
      "whiteSpace" : false
    }, {
      "id" : "s1-t14",
      "begin" : 154,
      "end" : 163,
      "text" : "recomendo",
      "whiteSpace" : false
    }, {
      "id" : "s1-t15",
      "begin" : 163,
      "end" : 164,
      "text" : ".",
      "whiteSpace" : false
    } ]
  }, {
    "id" : "s2",
    "begin" : 165,
    "end" : 249,
    "text" : "O Fiat 500 tem um desenho que continua moderno e chama muita atenção por onde passa.",
    "tokens" : [ {
      "id" : "s2-t0",
      "begin" : 165,
      "end" : 166,
      "text" : "O",
      "whiteSpace" : false
    }, {
      "id" : "s2-t1",
      "begin" : 167,
      "end" : 171,
      "text" : "Fiat",
      "whiteSpace" : false
    }, {
      "id" : "s2-t2",
      "begin" : 172,
      "end" : 175,
      "text" : "500",
      "whiteSpace" : false
    }, {
      "id" : "s2-t3",
      "begin" : 176,
      "end" : 179,
      "text" : "tem",
      "whiteSpace" : false
    }, {
      "id" : "s2-t4",
      "begin" : 180,
      "end" : 182,
      "text" : "um",
      "whiteSpace" : false
    }, {
      "id" : "s2-t5",
      "begin" : 183,
      "end" : 190,
      "text" : "desenho",
      "whiteSpace" : false
    }, {
      "id" : "s2-t6",
      "begin" : 191,
      "end" : 194,
      "text" : "que",
      "whiteSpace" : false
    }, {
      "id" : "s2-t7",
      "begin" : 195,
      "end" : 203,
      "text" : "continua",
      "whiteSpace" : false
    }, {
      "id" : "s2-t8",
      "begin" : 204,
      "end" : 211,
      "text" : "moderno",
      "whiteSpace" : false
    }, {
      "id" : "s2-t9",
      "begin" : 212,
      "end" : 213,
      "text" : "e",
      "whiteSpace" : false
    }, {
      "id" : "s2-t10",
      "begin" : 214,
      "end" : 219,
      "text" : "chama",
      "whiteSpace" : false
    }, {
      "id" : "s2-t11",
      "begin" : 220,
      "end" : 225,
      "text" : "muita",
      "whiteSpace" : false
    }, {
      "id" : "s2-t12",
      "begin" : 226,
      "end" : 233,
      "text" : "atenção",
      "whiteSpace" : false
    }, {
      "id" : "s2-t13",
      "begin" : 234,
      "end" : 237,
      "text" : "por",
      "whiteSpace" : false
    }, {
      "id" : "s2-t14",
      "begin" : 238,
      "end" : 242,
      "text" : "onde",
      "whiteSpace" : false
    }, {
      "id" : "s2-t15",
      "begin" : 243,
      "end" : 248,
      "text" : "passa",
      "whiteSpace" : false
    }, {
      "id" : "s2-t16",
      "begin" : 248,
      "end" : 249,
      "text" : ".",
      "whiteSpace" : false
    } ]
  } ],
  "mentions" : [ {
    "id" : "s0-m3",
    "properties" : {
      "SIRE_MENTION_ROLE" : "CONFORTO",
      "SIRE_ENTITY_SUBTYPE" : "NONE",
      "SIRE_MENTION_TYPE" : "NONE",
      "SIRE_MENTION_CLASS" : "SPC"
    },
    "type" : "CONFORTO",
    "begin" : 24,
    "end" : 35,
    "inCoref" : false
  }, {
    "id" : "s0-m2",
    "properties" : {
      "SIRE_MENTION_ROLE" : "SEGURANCA",
      "SIRE_ENTITY_SUBTYPE" : "NONE",
      "SIRE_MENTION_TYPE" : "NONE",
      "SIRE_MENTION_CLASS" : "SPC"
    },
    "type" : "SEGURANCA",
    "begin" : 80,
    "end" : 86,
    "inCoref" : false
  }, {
    "id" : "s2-m1",
    "properties" : {
      "SIRE_MENTION_ROLE" : "MODELO",
      "SIRE_ENTITY_SUBTYPE" : "NONE",
      "SIRE_MENTION_TYPE" : "NONE",
      "SIRE_MENTION_CLASS" : "SPC"
    },
    "type" : "MODELO",
    "begin" : 167,
    "end" : 175,
    "inCoref" : false
  }, {
    "id" : "s2-m2",
    "properties" : {
      "SIRE_MENTION_ROLE" : "DESIGN",
      "SIRE_ENTITY_SUBTYPE" : "NONE",
      "SIRE_MENTION_TYPE" : "NONE",
      "SIRE_MENTION_CLASS" : "SPC"
    },
    "type" : "DESIGN",
    "begin" : 204,
    "end" : 211,
    "inCoref" : false
  } ],
  "relations" : [ ],
  "corefs" : [ ],
  "typeResolved" : true,
  "userResolved" : false
}