{
  "id" : "a2e93d50-f6cb-11ea-9b27-75c700284c8b-8",
  "name" : "train_2.txt",
  "createdDate" : 0,
  "version" : 3,
  "text" : "O Jeep Renegade é o SUV compacto mais vendido do Brasil e está onde está muito em virtude do seu design. Apela para linhas mais brutas e retas e a características clássicas dos Jeep do passado, como os faróis redondos e a grade vertical marcante.\r\n",
  "docLength" : 0,
  "language" : "PT",
  "status" : "SUBMITTED",
  "modifiedDate" : 1600309067671,
  "documentSet" : [ ],
  "preannotation" : [ ],
  "sentences" : [ {
    "id" : "s0",
    "begin" : 0,
    "end" : 104,
    "text" : "O Jeep Renegade é o SUV compacto mais vendido do Brasil e está onde está muito em virtude do seu design.",
    "tokens" : [ {
      "id" : "s0-t0",
      "begin" : 0,
      "end" : 1,
      "text" : "O",
      "whiteSpace" : false
    }, {
      "id" : "s0-t1",
      "begin" : 2,
      "end" : 6,
      "text" : "Jeep",
      "whiteSpace" : false
    }, {
      "id" : "s0-t2",
      "begin" : 7,
      "end" : 15,
      "text" : "Renegade",
      "whiteSpace" : false
    }, {
      "id" : "s0-t3",
      "begin" : 16,
      "end" : 17,
      "text" : "é",
      "whiteSpace" : false
    }, {
      "id" : "s0-t4",
      "begin" : 18,
      "end" : 19,
      "text" : "o",
      "whiteSpace" : false
    }, {
      "id" : "s0-t5",
      "begin" : 20,
      "end" : 23,
      "text" : "SUV",
      "whiteSpace" : false
    }, {
      "id" : "s0-t6",
      "begin" : 24,
      "end" : 32,
      "text" : "compacto",
      "whiteSpace" : false
    }, {
      "id" : "s0-t7",
      "begin" : 33,
      "end" : 37,
      "text" : "mais",
      "whiteSpace" : false
    }, {
      "id" : "s0-t8",
      "begin" : 38,
      "end" : 45,
      "text" : "vendido",
      "whiteSpace" : false
    }, {
      "id" : "s0-t9",
      "begin" : 46,
      "end" : 48,
      "text" : "do",
      "whiteSpace" : false
    }, {
      "id" : "s0-t10",
      "begin" : 49,
      "end" : 55,
      "text" : "Brasil",
      "whiteSpace" : false
    }, {
      "id" : "s0-t11",
      "begin" : 56,
      "end" : 57,
      "text" : "e",
      "whiteSpace" : false
    }, {
      "id" : "s0-t12",
      "begin" : 58,
      "end" : 62,
      "text" : "está",
      "whiteSpace" : false
    }, {
      "id" : "s0-t13",
      "begin" : 63,
      "end" : 67,
      "text" : "onde",
      "whiteSpace" : false
    }, {
      "id" : "s0-t14",
      "begin" : 68,
      "end" : 72,
      "text" : "está",
      "whiteSpace" : false
    }, {
      "id" : "s0-t15",
      "begin" : 73,
      "end" : 78,
      "text" : "muito",
      "whiteSpace" : false
    }, {
      "id" : "s0-t16",
      "begin" : 79,
      "end" : 81,
      "text" : "em",
      "whiteSpace" : false
    }, {
      "id" : "s0-t17",
      "begin" : 82,
      "end" : 89,
      "text" : "virtude",
      "whiteSpace" : false
    }, {
      "id" : "s0-t18",
      "begin" : 90,
      "end" : 92,
      "text" : "do",
      "whiteSpace" : false
    }, {
      "id" : "s0-t19",
      "begin" : 93,
      "end" : 96,
      "text" : "seu",
      "whiteSpace" : false
    }, {
      "id" : "s0-t20",
      "begin" : 97,
      "end" : 103,
      "text" : "design",
      "whiteSpace" : false
    }, {
      "id" : "s0-t21",
      "begin" : 103,
      "end" : 104,
      "text" : ".",
      "whiteSpace" : false
    } ]
  }, {
    "id" : "s1",
    "begin" : 105,
    "end" : 246,
    "text" : "Apela para linhas mais brutas e retas e a características clássicas dos Jeep do passado, como os faróis redondos e a grade vertical marcante.",
    "tokens" : [ {
      "id" : "s1-t0",
      "begin" : 105,
      "end" : 110,
      "text" : "Apela",
      "whiteSpace" : false
    }, {
      "id" : "s1-t1",
      "begin" : 111,
      "end" : 115,
      "text" : "para",
      "whiteSpace" : false
    }, {
      "id" : "s1-t2",
      "begin" : 116,
      "end" : 122,
      "text" : "linhas",
      "whiteSpace" : false
    }, {
      "id" : "s1-t3",
      "begin" : 123,
      "end" : 127,
      "text" : "mais",
      "whiteSpace" : false
    }, {
      "id" : "s1-t4",
      "begin" : 128,
      "end" : 134,
      "text" : "brutas",
      "whiteSpace" : false
    }, {
      "id" : "s1-t5",
      "begin" : 135,
      "end" : 136,
      "text" : "e",
      "whiteSpace" : false
    }, {
      "id" : "s1-t6",
      "begin" : 137,
      "end" : 142,
      "text" : "retas",
      "whiteSpace" : false
    }, {
      "id" : "s1-t7",
      "begin" : 143,
      "end" : 144,
      "text" : "e",
      "whiteSpace" : false
    }, {
      "id" : "s1-t8",
      "begin" : 145,
      "end" : 146,
      "text" : "a",
      "whiteSpace" : false
    }, {
      "id" : "s1-t9",
      "begin" : 147,
      "end" : 162,
      "text" : "características",
      "whiteSpace" : false
    }, {
      "id" : "s1-t10",
      "begin" : 163,
      "end" : 172,
      "text" : "clássicas",
      "whiteSpace" : false
    }, {
      "id" : "s1-t11",
      "begin" : 173,
      "end" : 176,
      "text" : "dos",
      "whiteSpace" : false
    }, {
      "id" : "s1-t12",
      "begin" : 177,
      "end" : 181,
      "text" : "Jeep",
      "whiteSpace" : false
    }, {
      "id" : "s1-t13",
      "begin" : 182,
      "end" : 184,
      "text" : "do",
      "whiteSpace" : false
    }, {
      "id" : "s1-t14",
      "begin" : 185,
      "end" : 192,
      "text" : "passado",
      "whiteSpace" : false
    }, {
      "id" : "s1-t15",
      "begin" : 192,
      "end" : 193,
      "text" : ",",
      "whiteSpace" : false
    }, {
      "id" : "s1-t16",
      "begin" : 194,
      "end" : 198,
      "text" : "como",
      "whiteSpace" : false
    }, {
      "id" : "s1-t17",
      "begin" : 199,
      "end" : 201,
      "text" : "os",
      "whiteSpace" : false
    }, {
      "id" : "s1-t18",
      "begin" : 202,
      "end" : 208,
      "text" : "faróis",
      "whiteSpace" : false
    }, {
      "id" : "s1-t19",
      "begin" : 209,
      "end" : 217,
      "text" : "redondos",
      "whiteSpace" : false
    }, {
      "id" : "s1-t20",
      "begin" : 218,
      "end" : 219,
      "text" : "e",
      "whiteSpace" : false
    }, {
      "id" : "s1-t21",
      "begin" : 220,
      "end" : 221,
      "text" : "a",
      "whiteSpace" : false
    }, {
      "id" : "s1-t22",
      "begin" : 222,
      "end" : 227,
      "text" : "grade",
      "whiteSpace" : false
    }, {
      "id" : "s1-t23",
      "begin" : 228,
      "end" : 236,
      "text" : "vertical",
      "whiteSpace" : false
    }, {
      "id" : "s1-t24",
      "begin" : 237,
      "end" : 245,
      "text" : "marcante",
      "whiteSpace" : false
    }, {
      "id" : "s1-t25",
      "begin" : 245,
      "end" : 246,
      "text" : ".",
      "whiteSpace" : false
    } ]
  } ],
  "mentions" : [ {
    "id" : "s0-m4",
    "properties" : {
      "SIRE_MENTION_ROLE" : "MODELO",
      "SIRE_ENTITY_SUBTYPE" : "NONE",
      "SIRE_MENTION_TYPE" : "NONE",
      "SIRE_MENTION_CLASS" : "SPC"
    },
    "type" : "MODELO",
    "begin" : 7,
    "end" : 15,
    "inCoref" : false
  }, {
    "id" : "s0-m2",
    "properties" : {
      "SIRE_MENTION_ROLE" : "DESIGN",
      "SIRE_ENTITY_SUBTYPE" : "NONE",
      "SIRE_MENTION_TYPE" : "NONE",
      "SIRE_MENTION_CLASS" : "SPC"
    },
    "type" : "DESIGN",
    "begin" : 97,
    "end" : 103,
    "inCoref" : false
  }, {
    "id" : "s1-m1",
    "properties" : {
      "SIRE_MENTION_ROLE" : "SEGURANCA",
      "SIRE_ENTITY_SUBTYPE" : "NONE",
      "SIRE_MENTION_TYPE" : "NONE",
      "SIRE_MENTION_CLASS" : "SPC"
    },
    "type" : "SEGURANCA",
    "begin" : 202,
    "end" : 208,
    "inCoref" : false
  } ],
  "relations" : [ ],
  "corefs" : [ ],
  "typeResolved" : true,
  "userResolved" : false
}