{
  "id" : "a2e93d50-f6cb-11ea-9b27-75c700284c8b-2",
  "name" : "train_96.txt",
  "createdDate" : 0,
  "version" : 3,
  "text" : "Com bancos revestidos em couro, a Fiat Toro é uma das pickups mais confortáveis que já dirigi. O carro acompanha diversos acessórios tecnológicos, como capota marítima, sensor de chuva e crepuscular, retrovisor eletrocrômico e até partida remota.\r\n",
  "docLength" : 0,
  "language" : "PT",
  "status" : "SUBMITTED",
  "modifiedDate" : 1600306228957,
  "documentSet" : [ ],
  "preannotation" : [ ],
  "sentences" : [ {
    "id" : "s0",
    "begin" : 0,
    "end" : 94,
    "text" : "Com bancos revestidos em couro, a Fiat Toro é uma das pickups mais confortáveis que já dirigi.",
    "tokens" : [ {
      "id" : "s0-t0",
      "begin" : 0,
      "end" : 3,
      "text" : "Com",
      "whiteSpace" : false
    }, {
      "id" : "s0-t1",
      "begin" : 4,
      "end" : 10,
      "text" : "bancos",
      "whiteSpace" : false
    }, {
      "id" : "s0-t2",
      "begin" : 11,
      "end" : 21,
      "text" : "revestidos",
      "whiteSpace" : false
    }, {
      "id" : "s0-t3",
      "begin" : 22,
      "end" : 24,
      "text" : "em",
      "whiteSpace" : false
    }, {
      "id" : "s0-t4",
      "begin" : 25,
      "end" : 30,
      "text" : "couro",
      "whiteSpace" : false
    }, {
      "id" : "s0-t5",
      "begin" : 30,
      "end" : 31,
      "text" : ",",
      "whiteSpace" : false
    }, {
      "id" : "s0-t6",
      "begin" : 32,
      "end" : 33,
      "text" : "a",
      "whiteSpace" : false
    }, {
      "id" : "s0-t7",
      "begin" : 34,
      "end" : 38,
      "text" : "Fiat",
      "whiteSpace" : false
    }, {
      "id" : "s0-t8",
      "begin" : 39,
      "end" : 43,
      "text" : "Toro",
      "whiteSpace" : false
    }, {
      "id" : "s0-t9",
      "begin" : 44,
      "end" : 45,
      "text" : "é",
      "whiteSpace" : false
    }, {
      "id" : "s0-t10",
      "begin" : 46,
      "end" : 49,
      "text" : "uma",
      "whiteSpace" : false
    }, {
      "id" : "s0-t11",
      "begin" : 50,
      "end" : 53,
      "text" : "das",
      "whiteSpace" : false
    }, {
      "id" : "s0-t12",
      "begin" : 54,
      "end" : 61,
      "text" : "pickups",
      "whiteSpace" : false
    }, {
      "id" : "s0-t13",
      "begin" : 62,
      "end" : 66,
      "text" : "mais",
      "whiteSpace" : false
    }, {
      "id" : "s0-t14",
      "begin" : 67,
      "end" : 79,
      "text" : "confortáveis",
      "whiteSpace" : false
    }, {
      "id" : "s0-t15",
      "begin" : 80,
      "end" : 83,
      "text" : "que",
      "whiteSpace" : false
    }, {
      "id" : "s0-t16",
      "begin" : 84,
      "end" : 86,
      "text" : "já",
      "whiteSpace" : false
    }, {
      "id" : "s0-t17",
      "begin" : 87,
      "end" : 93,
      "text" : "dirigi",
      "whiteSpace" : false
    }, {
      "id" : "s0-t18",
      "begin" : 93,
      "end" : 94,
      "text" : ".",
      "whiteSpace" : false
    } ]
  }, {
    "id" : "s1",
    "begin" : 95,
    "end" : 246,
    "text" : "O carro acompanha diversos acessórios tecnológicos, como capota marítima, sensor de chuva e crepuscular, retrovisor eletrocrômico e até partida remota.",
    "tokens" : [ {
      "id" : "s1-t0",
      "begin" : 95,
      "end" : 96,
      "text" : "O",
      "whiteSpace" : false
    }, {
      "id" : "s1-t1",
      "begin" : 97,
      "end" : 102,
      "text" : "carro",
      "whiteSpace" : false
    }, {
      "id" : "s1-t2",
      "begin" : 103,
      "end" : 112,
      "text" : "acompanha",
      "whiteSpace" : false
    }, {
      "id" : "s1-t3",
      "begin" : 113,
      "end" : 121,
      "text" : "diversos",
      "whiteSpace" : false
    }, {
      "id" : "s1-t4",
      "begin" : 122,
      "end" : 132,
      "text" : "acessórios",
      "whiteSpace" : false
    }, {
      "id" : "s1-t5",
      "begin" : 133,
      "end" : 145,
      "text" : "tecnológicos",
      "whiteSpace" : false
    }, {
      "id" : "s1-t6",
      "begin" : 145,
      "end" : 146,
      "text" : ",",
      "whiteSpace" : false
    }, {
      "id" : "s1-t7",
      "begin" : 147,
      "end" : 151,
      "text" : "como",
      "whiteSpace" : false
    }, {
      "id" : "s1-t8",
      "begin" : 152,
      "end" : 158,
      "text" : "capota",
      "whiteSpace" : false
    }, {
      "id" : "s1-t9",
      "begin" : 159,
      "end" : 167,
      "text" : "marítima",
      "whiteSpace" : false
    }, {
      "id" : "s1-t10",
      "begin" : 167,
      "end" : 168,
      "text" : ",",
      "whiteSpace" : false
    }, {
      "id" : "s1-t11",
      "begin" : 169,
      "end" : 175,
      "text" : "sensor",
      "whiteSpace" : false
    }, {
      "id" : "s1-t12",
      "begin" : 176,
      "end" : 178,
      "text" : "de",
      "whiteSpace" : false
    }, {
      "id" : "s1-t13",
      "begin" : 179,
      "end" : 184,
      "text" : "chuva",
      "whiteSpace" : false
    }, {
      "id" : "s1-t14",
      "begin" : 185,
      "end" : 186,
      "text" : "e",
      "whiteSpace" : false
    }, {
      "id" : "s1-t15",
      "begin" : 187,
      "end" : 198,
      "text" : "crepuscular",
      "whiteSpace" : false
    }, {
      "id" : "s1-t16",
      "begin" : 198,
      "end" : 199,
      "text" : ",",
      "whiteSpace" : false
    }, {
      "id" : "s1-t17",
      "begin" : 200,
      "end" : 210,
      "text" : "retrovisor",
      "whiteSpace" : false
    }, {
      "id" : "s1-t18",
      "begin" : 211,
      "end" : 224,
      "text" : "eletrocrômico",
      "whiteSpace" : false
    }, {
      "id" : "s1-t19",
      "begin" : 225,
      "end" : 226,
      "text" : "e",
      "whiteSpace" : false
    }, {
      "id" : "s1-t20",
      "begin" : 227,
      "end" : 230,
      "text" : "até",
      "whiteSpace" : false
    }, {
      "id" : "s1-t21",
      "begin" : 231,
      "end" : 238,
      "text" : "partida",
      "whiteSpace" : false
    }, {
      "id" : "s1-t22",
      "begin" : 239,
      "end" : 245,
      "text" : "remota",
      "whiteSpace" : false
    }, {
      "id" : "s1-t23",
      "begin" : 245,
      "end" : 246,
      "text" : ".",
      "whiteSpace" : false
    } ]
  } ],
  "mentions" : [ {
    "id" : "s0-m4",
    "properties" : {
      "SIRE_MENTION_ROLE" : "CONFORTO",
      "SIRE_ENTITY_SUBTYPE" : "NONE",
      "SIRE_MENTION_TYPE" : "NONE",
      "SIRE_MENTION_CLASS" : "SPC"
    },
    "type" : "CONFORTO",
    "begin" : 4,
    "end" : 10,
    "inCoref" : false
  }, {
    "id" : "s0-m5",
    "properties" : {
      "SIRE_MENTION_ROLE" : "MODELO",
      "SIRE_ENTITY_SUBTYPE" : "NONE",
      "SIRE_MENTION_TYPE" : "NONE",
      "SIRE_MENTION_CLASS" : "SPC"
    },
    "type" : "MODELO",
    "begin" : 39,
    "end" : 43,
    "inCoref" : false
  }, {
    "id" : "s1-m5",
    "properties" : {
      "SIRE_MENTION_ROLE" : "ACESSORIOS",
      "SIRE_ENTITY_SUBTYPE" : "NONE",
      "SIRE_MENTION_TYPE" : "NONE",
      "SIRE_MENTION_CLASS" : "SPC"
    },
    "type" : "ACESSORIOS",
    "begin" : 122,
    "end" : 132,
    "inCoref" : false
  }, {
    "id" : "s1-m1",
    "properties" : {
      "SIRE_MENTION_ROLE" : "ACESSORIOS",
      "SIRE_ENTITY_SUBTYPE" : "NONE",
      "SIRE_MENTION_TYPE" : "NONE",
      "SIRE_MENTION_CLASS" : "SPC"
    },
    "type" : "ACESSORIOS",
    "begin" : 152,
    "end" : 167,
    "inCoref" : false
  }, {
    "id" : "s1-m2",
    "properties" : {
      "SIRE_MENTION_ROLE" : "ACESSORIOS",
      "SIRE_ENTITY_SUBTYPE" : "NONE",
      "SIRE_MENTION_TYPE" : "NONE",
      "SIRE_MENTION_CLASS" : "SPC"
    },
    "type" : "ACESSORIOS",
    "begin" : 169,
    "end" : 198,
    "inCoref" : false
  }, {
    "id" : "s1-m3",
    "properties" : {
      "SIRE_MENTION_ROLE" : "ACESSORIOS",
      "SIRE_ENTITY_SUBTYPE" : "NONE",
      "SIRE_MENTION_TYPE" : "NONE",
      "SIRE_MENTION_CLASS" : "SPC"
    },
    "type" : "ACESSORIOS",
    "begin" : 200,
    "end" : 224,
    "inCoref" : false
  }, {
    "id" : "s1-m4",
    "properties" : {
      "SIRE_MENTION_ROLE" : "ACESSORIOS",
      "SIRE_ENTITY_SUBTYPE" : "NONE",
      "SIRE_MENTION_TYPE" : "NONE",
      "SIRE_MENTION_CLASS" : "SPC"
    },
    "type" : "ACESSORIOS",
    "begin" : 231,
    "end" : 245,
    "inCoref" : false
  } ],
  "relations" : [ ],
  "corefs" : [ ],
  "typeResolved" : true,
  "userResolved" : false
}