{
  "id" : "a2e93d50-f6cb-11ea-9b27-75c700284c8b-59",
  "name" : "train_53.txt",
  "createdDate" : 0,
  "version" : 3,
  "text" : "Apesar do tamanho reduzido e do porta-malas minúsculo, o Fiat 500 é confortável. Gostoso de dirigir, o carro possui visibilidade excelente e um painel muito estiloso. O câmbio de marchas fica em uma ótima posição e tudo está ao alcance das mãos. O carro é charmoso pois chama a atenção por onde passa.\r\n",
  "docLength" : 0,
  "language" : "PT",
  "status" : "SUBMITTED",
  "modifiedDate" : 1600308324319,
  "documentSet" : [ ],
  "preannotation" : [ ],
  "sentences" : [ {
    "id" : "s0",
    "begin" : 0,
    "end" : 80,
    "text" : "Apesar do tamanho reduzido e do porta-malas minúsculo, o Fiat 500 é confortável.",
    "tokens" : [ {
      "id" : "s0-t0",
      "begin" : 0,
      "end" : 6,
      "text" : "Apesar",
      "whiteSpace" : false
    }, {
      "id" : "s0-t1",
      "begin" : 7,
      "end" : 9,
      "text" : "do",
      "whiteSpace" : false
    }, {
      "id" : "s0-t2",
      "begin" : 10,
      "end" : 17,
      "text" : "tamanho",
      "whiteSpace" : false
    }, {
      "id" : "s0-t3",
      "begin" : 18,
      "end" : 26,
      "text" : "reduzido",
      "whiteSpace" : false
    }, {
      "id" : "s0-t4",
      "begin" : 27,
      "end" : 28,
      "text" : "e",
      "whiteSpace" : false
    }, {
      "id" : "s0-t5",
      "begin" : 29,
      "end" : 31,
      "text" : "do",
      "whiteSpace" : false
    }, {
      "id" : "s0-t6",
      "begin" : 32,
      "end" : 43,
      "text" : "porta-malas",
      "whiteSpace" : false
    }, {
      "id" : "s0-t7",
      "begin" : 44,
      "end" : 53,
      "text" : "minúsculo",
      "whiteSpace" : false
    }, {
      "id" : "s0-t8",
      "begin" : 53,
      "end" : 54,
      "text" : ",",
      "whiteSpace" : false
    }, {
      "id" : "s0-t9",
      "begin" : 55,
      "end" : 56,
      "text" : "o",
      "whiteSpace" : false
    }, {
      "id" : "s0-t10",
      "begin" : 57,
      "end" : 61,
      "text" : "Fiat",
      "whiteSpace" : false
    }, {
      "id" : "s0-t11",
      "begin" : 62,
      "end" : 65,
      "text" : "500",
      "whiteSpace" : false
    }, {
      "id" : "s0-t12",
      "begin" : 66,
      "end" : 67,
      "text" : "é",
      "whiteSpace" : false
    }, {
      "id" : "s0-t13",
      "begin" : 68,
      "end" : 79,
      "text" : "confortável",
      "whiteSpace" : false
    }, {
      "id" : "s0-t14",
      "begin" : 79,
      "end" : 80,
      "text" : ".",
      "whiteSpace" : false
    } ]
  }, {
    "id" : "s1",
    "begin" : 81,
    "end" : 166,
    "text" : "Gostoso de dirigir, o carro possui visibilidade excelente e um painel muito estiloso.",
    "tokens" : [ {
      "id" : "s1-t0",
      "begin" : 81,
      "end" : 88,
      "text" : "Gostoso",
      "whiteSpace" : false
    }, {
      "id" : "s1-t1",
      "begin" : 89,
      "end" : 91,
      "text" : "de",
      "whiteSpace" : false
    }, {
      "id" : "s1-t2",
      "begin" : 92,
      "end" : 99,
      "text" : "dirigir",
      "whiteSpace" : false
    }, {
      "id" : "s1-t3",
      "begin" : 99,
      "end" : 100,
      "text" : ",",
      "whiteSpace" : false
    }, {
      "id" : "s1-t4",
      "begin" : 101,
      "end" : 102,
      "text" : "o",
      "whiteSpace" : false
    }, {
      "id" : "s1-t5",
      "begin" : 103,
      "end" : 108,
      "text" : "carro",
      "whiteSpace" : false
    }, {
      "id" : "s1-t6",
      "begin" : 109,
      "end" : 115,
      "text" : "possui",
      "whiteSpace" : false
    }, {
      "id" : "s1-t7",
      "begin" : 116,
      "end" : 128,
      "text" : "visibilidade",
      "whiteSpace" : false
    }, {
      "id" : "s1-t8",
      "begin" : 129,
      "end" : 138,
      "text" : "excelente",
      "whiteSpace" : false
    }, {
      "id" : "s1-t9",
      "begin" : 139,
      "end" : 140,
      "text" : "e",
      "whiteSpace" : false
    }, {
      "id" : "s1-t10",
      "begin" : 141,
      "end" : 143,
      "text" : "um",
      "whiteSpace" : false
    }, {
      "id" : "s1-t11",
      "begin" : 144,
      "end" : 150,
      "text" : "painel",
      "whiteSpace" : false
    }, {
      "id" : "s1-t12",
      "begin" : 151,
      "end" : 156,
      "text" : "muito",
      "whiteSpace" : false
    }, {
      "id" : "s1-t13",
      "begin" : 157,
      "end" : 165,
      "text" : "estiloso",
      "whiteSpace" : false
    }, {
      "id" : "s1-t14",
      "begin" : 165,
      "end" : 166,
      "text" : ".",
      "whiteSpace" : false
    } ]
  }, {
    "id" : "s2",
    "begin" : 167,
    "end" : 245,
    "text" : "O câmbio de marchas fica em uma ótima posição e tudo está ao alcance das mãos.",
    "tokens" : [ {
      "id" : "s2-t0",
      "begin" : 167,
      "end" : 168,
      "text" : "O",
      "whiteSpace" : false
    }, {
      "id" : "s2-t1",
      "begin" : 169,
      "end" : 175,
      "text" : "câmbio",
      "whiteSpace" : false
    }, {
      "id" : "s2-t2",
      "begin" : 176,
      "end" : 178,
      "text" : "de",
      "whiteSpace" : false
    }, {
      "id" : "s2-t3",
      "begin" : 179,
      "end" : 186,
      "text" : "marchas",
      "whiteSpace" : false
    }, {
      "id" : "s2-t4",
      "begin" : 187,
      "end" : 191,
      "text" : "fica",
      "whiteSpace" : false
    }, {
      "id" : "s2-t5",
      "begin" : 192,
      "end" : 194,
      "text" : "em",
      "whiteSpace" : false
    }, {
      "id" : "s2-t6",
      "begin" : 195,
      "end" : 198,
      "text" : "uma",
      "whiteSpace" : false
    }, {
      "id" : "s2-t7",
      "begin" : 199,
      "end" : 204,
      "text" : "ótima",
      "whiteSpace" : false
    }, {
      "id" : "s2-t8",
      "begin" : 205,
      "end" : 212,
      "text" : "posição",
      "whiteSpace" : false
    }, {
      "id" : "s2-t9",
      "begin" : 213,
      "end" : 214,
      "text" : "e",
      "whiteSpace" : false
    }, {
      "id" : "s2-t10",
      "begin" : 215,
      "end" : 219,
      "text" : "tudo",
      "whiteSpace" : false
    }, {
      "id" : "s2-t11",
      "begin" : 220,
      "end" : 224,
      "text" : "está",
      "whiteSpace" : false
    }, {
      "id" : "s2-t12",
      "begin" : 225,
      "end" : 227,
      "text" : "ao",
      "whiteSpace" : false
    }, {
      "id" : "s2-t13",
      "begin" : 228,
      "end" : 235,
      "text" : "alcance",
      "whiteSpace" : false
    }, {
      "id" : "s2-t14",
      "begin" : 236,
      "end" : 239,
      "text" : "das",
      "whiteSpace" : false
    }, {
      "id" : "s2-t15",
      "begin" : 240,
      "end" : 244,
      "text" : "mãos",
      "whiteSpace" : false
    }, {
      "id" : "s2-t16",
      "begin" : 244,
      "end" : 245,
      "text" : ".",
      "whiteSpace" : false
    } ]
  }, {
    "id" : "s3",
    "begin" : 246,
    "end" : 301,
    "text" : "O carro é charmoso pois chama a atenção por onde passa.",
    "tokens" : [ {
      "id" : "s3-t0",
      "begin" : 246,
      "end" : 247,
      "text" : "O",
      "whiteSpace" : false
    }, {
      "id" : "s3-t1",
      "begin" : 248,
      "end" : 253,
      "text" : "carro",
      "whiteSpace" : false
    }, {
      "id" : "s3-t2",
      "begin" : 254,
      "end" : 255,
      "text" : "é",
      "whiteSpace" : false
    }, {
      "id" : "s3-t3",
      "begin" : 256,
      "end" : 264,
      "text" : "charmoso",
      "whiteSpace" : false
    }, {
      "id" : "s3-t4",
      "begin" : 265,
      "end" : 269,
      "text" : "pois",
      "whiteSpace" : false
    }, {
      "id" : "s3-t5",
      "begin" : 270,
      "end" : 275,
      "text" : "chama",
      "whiteSpace" : false
    }, {
      "id" : "s3-t6",
      "begin" : 276,
      "end" : 277,
      "text" : "a",
      "whiteSpace" : false
    }, {
      "id" : "s3-t7",
      "begin" : 278,
      "end" : 285,
      "text" : "atenção",
      "whiteSpace" : false
    }, {
      "id" : "s3-t8",
      "begin" : 286,
      "end" : 289,
      "text" : "por",
      "whiteSpace" : false
    }, {
      "id" : "s3-t9",
      "begin" : 290,
      "end" : 294,
      "text" : "onde",
      "whiteSpace" : false
    }, {
      "id" : "s3-t10",
      "begin" : 295,
      "end" : 300,
      "text" : "passa",
      "whiteSpace" : false
    }, {
      "id" : "s3-t11",
      "begin" : 300,
      "end" : 301,
      "text" : ".",
      "whiteSpace" : false
    } ]
  } ],
  "mentions" : [ {
    "id" : "s0-m1",
    "properties" : {
      "SIRE_MENTION_ROLE" : "CONFORTO",
      "SIRE_ENTITY_SUBTYPE" : "NONE",
      "SIRE_MENTION_TYPE" : "NONE",
      "SIRE_MENTION_CLASS" : "SPC"
    },
    "type" : "CONFORTO",
    "begin" : 32,
    "end" : 43,
    "inCoref" : false
  }, {
    "id" : "s0-m2",
    "properties" : {
      "SIRE_MENTION_ROLE" : "MODELO",
      "SIRE_ENTITY_SUBTYPE" : "NONE",
      "SIRE_MENTION_TYPE" : "NONE",
      "SIRE_MENTION_CLASS" : "SPC"
    },
    "type" : "MODELO",
    "begin" : 57,
    "end" : 65,
    "inCoref" : false
  }, {
    "id" : "s0-m3",
    "properties" : {
      "SIRE_MENTION_ROLE" : "CONFORTO",
      "SIRE_ENTITY_SUBTYPE" : "NONE",
      "SIRE_MENTION_TYPE" : "NONE",
      "SIRE_MENTION_CLASS" : "SPC"
    },
    "type" : "CONFORTO",
    "begin" : 68,
    "end" : 79,
    "inCoref" : false
  }, {
    "id" : "s1-m1",
    "properties" : {
      "SIRE_MENTION_ROLE" : "DESIGN",
      "SIRE_ENTITY_SUBTYPE" : "NONE",
      "SIRE_MENTION_TYPE" : "NONE",
      "SIRE_MENTION_CLASS" : "SPC"
    },
    "type" : "DESIGN",
    "begin" : 157,
    "end" : 165,
    "inCoref" : false
  }, {
    "id" : "s2-m1",
    "properties" : {
      "SIRE_MENTION_ROLE" : "CONFORTO",
      "SIRE_ENTITY_SUBTYPE" : "NONE",
      "SIRE_MENTION_TYPE" : "NONE",
      "SIRE_MENTION_CLASS" : "SPC"
    },
    "type" : "CONFORTO",
    "begin" : 169,
    "end" : 175,
    "inCoref" : false
  }, {
    "id" : "s2-m2",
    "properties" : {
      "SIRE_MENTION_ROLE" : "CONFORTO",
      "SIRE_ENTITY_SUBTYPE" : "NONE",
      "SIRE_MENTION_TYPE" : "NONE",
      "SIRE_MENTION_CLASS" : "SPC"
    },
    "type" : "CONFORTO",
    "begin" : 179,
    "end" : 186,
    "inCoref" : false
  } ],
  "relations" : [ ],
  "corefs" : [ ],
  "typeResolved" : true,
  "userResolved" : false
}