{
  "id" : "a2e93d50-f6cb-11ea-9b27-75c700284c8b-98",
  "name" : "train_92.txt",
  "createdDate" : 0,
  "version" : 3,
  "text" : "A Toro é bonita e com design de extremo bom gosto, boa potência e versátil. Porém, quem está acostumado com caminhonetes robustas não é recomendável. Prefira uma pick-up tradicional que não o decepcionará.\r\n",
  "docLength" : 0,
  "language" : "PT",
  "status" : "SUBMITTED",
  "modifiedDate" : 1600309762158,
  "documentSet" : [ ],
  "preannotation" : [ ],
  "sentences" : [ {
    "id" : "s0",
    "begin" : 0,
    "end" : 75,
    "text" : "A Toro é bonita e com design de extremo bom gosto, boa potência e versátil.",
    "tokens" : [ {
      "id" : "s0-t0",
      "begin" : 0,
      "end" : 1,
      "text" : "A",
      "whiteSpace" : false
    }, {
      "id" : "s0-t1",
      "begin" : 2,
      "end" : 6,
      "text" : "Toro",
      "whiteSpace" : false
    }, {
      "id" : "s0-t2",
      "begin" : 7,
      "end" : 8,
      "text" : "é",
      "whiteSpace" : false
    }, {
      "id" : "s0-t3",
      "begin" : 9,
      "end" : 15,
      "text" : "bonita",
      "whiteSpace" : false
    }, {
      "id" : "s0-t4",
      "begin" : 16,
      "end" : 17,
      "text" : "e",
      "whiteSpace" : false
    }, {
      "id" : "s0-t5",
      "begin" : 18,
      "end" : 21,
      "text" : "com",
      "whiteSpace" : false
    }, {
      "id" : "s0-t6",
      "begin" : 22,
      "end" : 28,
      "text" : "design",
      "whiteSpace" : false
    }, {
      "id" : "s0-t7",
      "begin" : 29,
      "end" : 31,
      "text" : "de",
      "whiteSpace" : false
    }, {
      "id" : "s0-t8",
      "begin" : 32,
      "end" : 39,
      "text" : "extremo",
      "whiteSpace" : false
    }, {
      "id" : "s0-t9",
      "begin" : 40,
      "end" : 43,
      "text" : "bom",
      "whiteSpace" : false
    }, {
      "id" : "s0-t10",
      "begin" : 44,
      "end" : 49,
      "text" : "gosto",
      "whiteSpace" : false
    }, {
      "id" : "s0-t11",
      "begin" : 49,
      "end" : 50,
      "text" : ",",
      "whiteSpace" : false
    }, {
      "id" : "s0-t12",
      "begin" : 51,
      "end" : 54,
      "text" : "boa",
      "whiteSpace" : false
    }, {
      "id" : "s0-t13",
      "begin" : 55,
      "end" : 63,
      "text" : "potência",
      "whiteSpace" : false
    }, {
      "id" : "s0-t14",
      "begin" : 64,
      "end" : 65,
      "text" : "e",
      "whiteSpace" : false
    }, {
      "id" : "s0-t15",
      "begin" : 66,
      "end" : 74,
      "text" : "versátil",
      "whiteSpace" : false
    }, {
      "id" : "s0-t16",
      "begin" : 74,
      "end" : 75,
      "text" : ".",
      "whiteSpace" : false
    } ]
  }, {
    "id" : "s1",
    "begin" : 76,
    "end" : 149,
    "text" : "Porém, quem está acostumado com caminhonetes robustas não é recomendável.",
    "tokens" : [ {
      "id" : "s1-t0",
      "begin" : 76,
      "end" : 81,
      "text" : "Porém",
      "whiteSpace" : false
    }, {
      "id" : "s1-t1",
      "begin" : 81,
      "end" : 82,
      "text" : ",",
      "whiteSpace" : false
    }, {
      "id" : "s1-t2",
      "begin" : 83,
      "end" : 87,
      "text" : "quem",
      "whiteSpace" : false
    }, {
      "id" : "s1-t3",
      "begin" : 88,
      "end" : 92,
      "text" : "está",
      "whiteSpace" : false
    }, {
      "id" : "s1-t4",
      "begin" : 93,
      "end" : 103,
      "text" : "acostumado",
      "whiteSpace" : false
    }, {
      "id" : "s1-t5",
      "begin" : 104,
      "end" : 107,
      "text" : "com",
      "whiteSpace" : false
    }, {
      "id" : "s1-t6",
      "begin" : 108,
      "end" : 120,
      "text" : "caminhonetes",
      "whiteSpace" : false
    }, {
      "id" : "s1-t7",
      "begin" : 121,
      "end" : 129,
      "text" : "robustas",
      "whiteSpace" : false
    }, {
      "id" : "s1-t8",
      "begin" : 130,
      "end" : 133,
      "text" : "não",
      "whiteSpace" : false
    }, {
      "id" : "s1-t9",
      "begin" : 134,
      "end" : 135,
      "text" : "é",
      "whiteSpace" : false
    }, {
      "id" : "s1-t10",
      "begin" : 136,
      "end" : 148,
      "text" : "recomendável",
      "whiteSpace" : false
    }, {
      "id" : "s1-t11",
      "begin" : 148,
      "end" : 149,
      "text" : ".",
      "whiteSpace" : false
    } ]
  }, {
    "id" : "s2",
    "begin" : 150,
    "end" : 205,
    "text" : "Prefira uma pick-up tradicional que não o decepcionará.",
    "tokens" : [ {
      "id" : "s2-t0",
      "begin" : 150,
      "end" : 157,
      "text" : "Prefira",
      "whiteSpace" : false
    }, {
      "id" : "s2-t1",
      "begin" : 158,
      "end" : 161,
      "text" : "uma",
      "whiteSpace" : false
    }, {
      "id" : "s2-t2",
      "begin" : 162,
      "end" : 169,
      "text" : "pick-up",
      "whiteSpace" : false
    }, {
      "id" : "s2-t3",
      "begin" : 170,
      "end" : 181,
      "text" : "tradicional",
      "whiteSpace" : false
    }, {
      "id" : "s2-t4",
      "begin" : 182,
      "end" : 185,
      "text" : "que",
      "whiteSpace" : false
    }, {
      "id" : "s2-t5",
      "begin" : 186,
      "end" : 189,
      "text" : "não",
      "whiteSpace" : false
    }, {
      "id" : "s2-t6",
      "begin" : 190,
      "end" : 191,
      "text" : "o",
      "whiteSpace" : false
    }, {
      "id" : "s2-t7",
      "begin" : 192,
      "end" : 204,
      "text" : "decepcionará",
      "whiteSpace" : false
    }, {
      "id" : "s2-t8",
      "begin" : 204,
      "end" : 205,
      "text" : ".",
      "whiteSpace" : false
    } ]
  } ],
  "mentions" : [ {
    "id" : "s0-m4",
    "properties" : {
      "SIRE_MENTION_ROLE" : "MODELO",
      "SIRE_ENTITY_SUBTYPE" : "NONE",
      "SIRE_MENTION_TYPE" : "NONE",
      "SIRE_MENTION_CLASS" : "SPC"
    },
    "type" : "MODELO",
    "begin" : 2,
    "end" : 6,
    "inCoref" : false
  }, {
    "id" : "s0-m5",
    "properties" : {
      "SIRE_MENTION_ROLE" : "DESIGN",
      "SIRE_ENTITY_SUBTYPE" : "NONE",
      "SIRE_MENTION_TYPE" : "NONE",
      "SIRE_MENTION_CLASS" : "SPC"
    },
    "type" : "DESIGN",
    "begin" : 9,
    "end" : 15,
    "inCoref" : false
  }, {
    "id" : "s0-m2",
    "properties" : {
      "SIRE_MENTION_ROLE" : "DESIGN",
      "SIRE_ENTITY_SUBTYPE" : "NONE",
      "SIRE_MENTION_TYPE" : "NONE",
      "SIRE_MENTION_CLASS" : "SPC"
    },
    "type" : "DESIGN",
    "begin" : 22,
    "end" : 28,
    "inCoref" : false
  }, {
    "id" : "s0-m3",
    "properties" : {
      "SIRE_MENTION_ROLE" : "DESEMPENHO",
      "SIRE_ENTITY_SUBTYPE" : "NONE",
      "SIRE_MENTION_TYPE" : "NONE",
      "SIRE_MENTION_CLASS" : "SPC"
    },
    "type" : "DESEMPENHO",
    "begin" : 55,
    "end" : 63,
    "inCoref" : false
  } ],
  "relations" : [ ],
  "corefs" : [ ],
  "typeResolved" : true,
  "userResolved" : false
}