{
  "id" : "a2e93d50-f6cb-11ea-9b27-75c700284c8b-47",
  "name" : "train_41.txt",
  "createdDate" : 0,
  "version" : 3,
  "text" : "Muito conforto e ótimo desempenho para um sedan médio como é o Marea. Surpreendente para um motor 1.8 16v de 132cv. O consume de combustível é próximo de 9.5/10 km/L, o que dá um ótimo custo-benefício.\r\n",
  "docLength" : 0,
  "language" : "PT",
  "status" : "SUBMITTED",
  "modifiedDate" : 1600307773525,
  "documentSet" : [ ],
  "preannotation" : [ ],
  "sentences" : [ {
    "id" : "s0",
    "begin" : 0,
    "end" : 69,
    "text" : "Muito conforto e ótimo desempenho para um sedan médio como é o Marea.",
    "tokens" : [ {
      "id" : "s0-t0",
      "begin" : 0,
      "end" : 5,
      "text" : "Muito",
      "whiteSpace" : false
    }, {
      "id" : "s0-t1",
      "begin" : 6,
      "end" : 14,
      "text" : "conforto",
      "whiteSpace" : false
    }, {
      "id" : "s0-t2",
      "begin" : 15,
      "end" : 16,
      "text" : "e",
      "whiteSpace" : false
    }, {
      "id" : "s0-t3",
      "begin" : 17,
      "end" : 22,
      "text" : "ótimo",
      "whiteSpace" : false
    }, {
      "id" : "s0-t4",
      "begin" : 23,
      "end" : 33,
      "text" : "desempenho",
      "whiteSpace" : false
    }, {
      "id" : "s0-t5",
      "begin" : 34,
      "end" : 38,
      "text" : "para",
      "whiteSpace" : false
    }, {
      "id" : "s0-t6",
      "begin" : 39,
      "end" : 41,
      "text" : "um",
      "whiteSpace" : false
    }, {
      "id" : "s0-t7",
      "begin" : 42,
      "end" : 47,
      "text" : "sedan",
      "whiteSpace" : false
    }, {
      "id" : "s0-t8",
      "begin" : 48,
      "end" : 53,
      "text" : "médio",
      "whiteSpace" : false
    }, {
      "id" : "s0-t9",
      "begin" : 54,
      "end" : 58,
      "text" : "como",
      "whiteSpace" : false
    }, {
      "id" : "s0-t10",
      "begin" : 59,
      "end" : 60,
      "text" : "é",
      "whiteSpace" : false
    }, {
      "id" : "s0-t11",
      "begin" : 61,
      "end" : 62,
      "text" : "o",
      "whiteSpace" : false
    }, {
      "id" : "s0-t12",
      "begin" : 63,
      "end" : 68,
      "text" : "Marea",
      "whiteSpace" : false
    }, {
      "id" : "s0-t13",
      "begin" : 68,
      "end" : 69,
      "text" : ".",
      "whiteSpace" : false
    } ]
  }, {
    "id" : "s1",
    "begin" : 70,
    "end" : 115,
    "text" : "Surpreendente para um motor 1.8 16v de 132cv.",
    "tokens" : [ {
      "id" : "s1-t0",
      "begin" : 70,
      "end" : 83,
      "text" : "Surpreendente",
      "whiteSpace" : false
    }, {
      "id" : "s1-t1",
      "begin" : 84,
      "end" : 88,
      "text" : "para",
      "whiteSpace" : false
    }, {
      "id" : "s1-t2",
      "begin" : 89,
      "end" : 91,
      "text" : "um",
      "whiteSpace" : false
    }, {
      "id" : "s1-t3",
      "begin" : 92,
      "end" : 97,
      "text" : "motor",
      "whiteSpace" : false
    }, {
      "id" : "s1-t4",
      "begin" : 98,
      "end" : 101,
      "text" : "1.8",
      "whiteSpace" : false
    }, {
      "id" : "s1-t5",
      "begin" : 102,
      "end" : 105,
      "text" : "16v",
      "whiteSpace" : false
    }, {
      "id" : "s1-t6",
      "begin" : 106,
      "end" : 108,
      "text" : "de",
      "whiteSpace" : false
    }, {
      "id" : "s1-t7",
      "begin" : 109,
      "end" : 114,
      "text" : "132cv",
      "whiteSpace" : false
    }, {
      "id" : "s1-t8",
      "begin" : 114,
      "end" : 115,
      "text" : ".",
      "whiteSpace" : false
    } ]
  }, {
    "id" : "s2",
    "begin" : 116,
    "end" : 201,
    "text" : "O consume de combustível é próximo de 9.5/10 km/L, o que dá um ótimo custo-benefício.",
    "tokens" : [ {
      "id" : "s2-t0",
      "begin" : 116,
      "end" : 117,
      "text" : "O",
      "whiteSpace" : false
    }, {
      "id" : "s2-t1",
      "begin" : 118,
      "end" : 125,
      "text" : "consume",
      "whiteSpace" : false
    }, {
      "id" : "s2-t2",
      "begin" : 126,
      "end" : 128,
      "text" : "de",
      "whiteSpace" : false
    }, {
      "id" : "s2-t3",
      "begin" : 129,
      "end" : 140,
      "text" : "combustível",
      "whiteSpace" : false
    }, {
      "id" : "s2-t4",
      "begin" : 141,
      "end" : 142,
      "text" : "é",
      "whiteSpace" : false
    }, {
      "id" : "s2-t5",
      "begin" : 143,
      "end" : 150,
      "text" : "próximo",
      "whiteSpace" : false
    }, {
      "id" : "s2-t6",
      "begin" : 151,
      "end" : 153,
      "text" : "de",
      "whiteSpace" : false
    }, {
      "id" : "s2-t7",
      "begin" : 154,
      "end" : 158,
      "text" : "9.5/",
      "whiteSpace" : false
    }, {
      "id" : "s2-t8",
      "begin" : 158,
      "end" : 160,
      "text" : "10",
      "whiteSpace" : false
    }, {
      "id" : "s2-t9",
      "begin" : 161,
      "end" : 165,
      "text" : "km/L",
      "whiteSpace" : false
    }, {
      "id" : "s2-t10",
      "begin" : 165,
      "end" : 166,
      "text" : ",",
      "whiteSpace" : false
    }, {
      "id" : "s2-t11",
      "begin" : 167,
      "end" : 168,
      "text" : "o",
      "whiteSpace" : false
    }, {
      "id" : "s2-t12",
      "begin" : 169,
      "end" : 172,
      "text" : "que",
      "whiteSpace" : false
    }, {
      "id" : "s2-t13",
      "begin" : 173,
      "end" : 175,
      "text" : "dá",
      "whiteSpace" : false
    }, {
      "id" : "s2-t14",
      "begin" : 176,
      "end" : 178,
      "text" : "um",
      "whiteSpace" : false
    }, {
      "id" : "s2-t15",
      "begin" : 179,
      "end" : 184,
      "text" : "ótimo",
      "whiteSpace" : false
    }, {
      "id" : "s2-t16",
      "begin" : 185,
      "end" : 200,
      "text" : "custo-benefício",
      "whiteSpace" : false
    }, {
      "id" : "s2-t17",
      "begin" : 200,
      "end" : 201,
      "text" : ".",
      "whiteSpace" : false
    } ]
  } ],
  "mentions" : [ {
    "id" : "s0-m1",
    "properties" : {
      "SIRE_MENTION_ROLE" : "CONFORTO",
      "SIRE_ENTITY_SUBTYPE" : "NONE",
      "SIRE_MENTION_TYPE" : "NONE",
      "SIRE_MENTION_CLASS" : "SPC"
    },
    "type" : "CONFORTO",
    "begin" : 6,
    "end" : 14,
    "inCoref" : false
  }, {
    "id" : "s0-m2",
    "properties" : {
      "SIRE_MENTION_ROLE" : "DESEMPENHO",
      "SIRE_ENTITY_SUBTYPE" : "NONE",
      "SIRE_MENTION_TYPE" : "NONE",
      "SIRE_MENTION_CLASS" : "SPC"
    },
    "type" : "DESEMPENHO",
    "begin" : 23,
    "end" : 33,
    "inCoref" : false
  }, {
    "id" : "s0-m4",
    "properties" : {
      "SIRE_MENTION_ROLE" : "MODELO",
      "SIRE_ENTITY_SUBTYPE" : "NONE",
      "SIRE_MENTION_TYPE" : "NONE",
      "SIRE_MENTION_CLASS" : "SPC"
    },
    "type" : "MODELO",
    "begin" : 63,
    "end" : 68,
    "inCoref" : false
  }, {
    "id" : "s1-m1",
    "properties" : {
      "SIRE_MENTION_ROLE" : "DESEMPENHO",
      "SIRE_ENTITY_SUBTYPE" : "NONE",
      "SIRE_MENTION_TYPE" : "NONE",
      "SIRE_MENTION_CLASS" : "SPC"
    },
    "type" : "DESEMPENHO",
    "begin" : 92,
    "end" : 97,
    "inCoref" : false
  }, {
    "id" : "s2-m1",
    "properties" : {
      "SIRE_MENTION_ROLE" : "CONSUMO",
      "SIRE_ENTITY_SUBTYPE" : "NONE",
      "SIRE_MENTION_TYPE" : "NONE",
      "SIRE_MENTION_CLASS" : "SPC"
    },
    "type" : "CONSUMO",
    "begin" : 154,
    "end" : 165,
    "inCoref" : false
  } ],
  "relations" : [ ],
  "corefs" : [ ],
  "typeResolved" : true,
  "userResolved" : false
}