{
  "id" : "a2e93d50-f6cb-11ea-9b27-75c700284c8b-83",
  "name" : "train_77.txt",
  "createdDate" : 0,
  "version" : 3,
  "text" : "A Ducato é economica na estrada, mesmo carregada, quando ando na faixa dos 80 Km/h a 100 Km/h, só beliscando o acelerador, ela chega fazer 12 km/l de combustível.\r\n",
  "docLength" : 0,
  "language" : "PT",
  "status" : "SUBMITTED",
  "modifiedDate" : 1600309212838,
  "documentSet" : [ ],
  "preannotation" : [ ],
  "sentences" : [ {
    "id" : "s0",
    "begin" : 0,
    "end" : 162,
    "text" : "A Ducato é economica na estrada, mesmo carregada, quando ando na faixa dos 80 Km/h a 100 Km/h, só beliscando o acelerador, ela chega fazer 12 km/l de combustível.",
    "tokens" : [ {
      "id" : "s0-t0",
      "begin" : 0,
      "end" : 1,
      "text" : "A",
      "whiteSpace" : false
    }, {
      "id" : "s0-t1",
      "begin" : 2,
      "end" : 8,
      "text" : "Ducato",
      "whiteSpace" : false
    }, {
      "id" : "s0-t2",
      "begin" : 9,
      "end" : 10,
      "text" : "é",
      "whiteSpace" : false
    }, {
      "id" : "s0-t3",
      "begin" : 11,
      "end" : 20,
      "text" : "economica",
      "whiteSpace" : false
    }, {
      "id" : "s0-t4",
      "begin" : 21,
      "end" : 23,
      "text" : "na",
      "whiteSpace" : false
    }, {
      "id" : "s0-t5",
      "begin" : 24,
      "end" : 31,
      "text" : "estrada",
      "whiteSpace" : false
    }, {
      "id" : "s0-t6",
      "begin" : 31,
      "end" : 32,
      "text" : ",",
      "whiteSpace" : false
    }, {
      "id" : "s0-t7",
      "begin" : 33,
      "end" : 38,
      "text" : "mesmo",
      "whiteSpace" : false
    }, {
      "id" : "s0-t8",
      "begin" : 39,
      "end" : 48,
      "text" : "carregada",
      "whiteSpace" : false
    }, {
      "id" : "s0-t9",
      "begin" : 48,
      "end" : 49,
      "text" : ",",
      "whiteSpace" : false
    }, {
      "id" : "s0-t10",
      "begin" : 50,
      "end" : 56,
      "text" : "quando",
      "whiteSpace" : false
    }, {
      "id" : "s0-t11",
      "begin" : 57,
      "end" : 61,
      "text" : "ando",
      "whiteSpace" : false
    }, {
      "id" : "s0-t12",
      "begin" : 62,
      "end" : 64,
      "text" : "na",
      "whiteSpace" : false
    }, {
      "id" : "s0-t13",
      "begin" : 65,
      "end" : 70,
      "text" : "faixa",
      "whiteSpace" : false
    }, {
      "id" : "s0-t14",
      "begin" : 71,
      "end" : 74,
      "text" : "dos",
      "whiteSpace" : false
    }, {
      "id" : "s0-t15",
      "begin" : 75,
      "end" : 77,
      "text" : "80",
      "whiteSpace" : false
    }, {
      "id" : "s0-t16",
      "begin" : 78,
      "end" : 80,
      "text" : "Km",
      "whiteSpace" : false
    }, {
      "id" : "s0-t17",
      "begin" : 80,
      "end" : 81,
      "text" : "/",
      "whiteSpace" : false
    }, {
      "id" : "s0-t18",
      "begin" : 81,
      "end" : 82,
      "text" : "h",
      "whiteSpace" : false
    }, {
      "id" : "s0-t19",
      "begin" : 83,
      "end" : 84,
      "text" : "a",
      "whiteSpace" : false
    }, {
      "id" : "s0-t20",
      "begin" : 85,
      "end" : 88,
      "text" : "100",
      "whiteSpace" : false
    }, {
      "id" : "s0-t21",
      "begin" : 89,
      "end" : 91,
      "text" : "Km",
      "whiteSpace" : false
    }, {
      "id" : "s0-t22",
      "begin" : 91,
      "end" : 92,
      "text" : "/",
      "whiteSpace" : false
    }, {
      "id" : "s0-t23",
      "begin" : 92,
      "end" : 93,
      "text" : "h",
      "whiteSpace" : false
    }, {
      "id" : "s0-t24",
      "begin" : 93,
      "end" : 94,
      "text" : ",",
      "whiteSpace" : false
    }, {
      "id" : "s0-t25",
      "begin" : 95,
      "end" : 97,
      "text" : "só",
      "whiteSpace" : false
    }, {
      "id" : "s0-t26",
      "begin" : 98,
      "end" : 108,
      "text" : "beliscando",
      "whiteSpace" : false
    }, {
      "id" : "s0-t27",
      "begin" : 109,
      "end" : 110,
      "text" : "o",
      "whiteSpace" : false
    }, {
      "id" : "s0-t28",
      "begin" : 111,
      "end" : 121,
      "text" : "acelerador",
      "whiteSpace" : false
    }, {
      "id" : "s0-t29",
      "begin" : 121,
      "end" : 122,
      "text" : ",",
      "whiteSpace" : false
    }, {
      "id" : "s0-t30",
      "begin" : 123,
      "end" : 126,
      "text" : "ela",
      "whiteSpace" : false
    }, {
      "id" : "s0-t31",
      "begin" : 127,
      "end" : 132,
      "text" : "chega",
      "whiteSpace" : false
    }, {
      "id" : "s0-t32",
      "begin" : 133,
      "end" : 138,
      "text" : "fazer",
      "whiteSpace" : false
    }, {
      "id" : "s0-t33",
      "begin" : 139,
      "end" : 141,
      "text" : "12",
      "whiteSpace" : false
    }, {
      "id" : "s0-t34",
      "begin" : 142,
      "end" : 146,
      "text" : "km/l",
      "whiteSpace" : false
    }, {
      "id" : "s0-t35",
      "begin" : 147,
      "end" : 149,
      "text" : "de",
      "whiteSpace" : false
    }, {
      "id" : "s0-t36",
      "begin" : 150,
      "end" : 161,
      "text" : "combustível",
      "whiteSpace" : false
    }, {
      "id" : "s0-t37",
      "begin" : 161,
      "end" : 162,
      "text" : ".",
      "whiteSpace" : false
    } ]
  } ],
  "mentions" : [ {
    "id" : "s0-m5",
    "properties" : {
      "SIRE_MENTION_ROLE" : "MODELO",
      "SIRE_ENTITY_SUBTYPE" : "NONE",
      "SIRE_MENTION_TYPE" : "NONE",
      "SIRE_MENTION_CLASS" : "SPC"
    },
    "type" : "MODELO",
    "begin" : 2,
    "end" : 8,
    "inCoref" : false
  }, {
    "id" : "s0-m4",
    "properties" : {
      "SIRE_MENTION_ROLE" : "CONSUMO",
      "SIRE_ENTITY_SUBTYPE" : "NONE",
      "SIRE_MENTION_TYPE" : "NONE",
      "SIRE_MENTION_CLASS" : "SPC"
    },
    "type" : "CONSUMO",
    "begin" : 11,
    "end" : 20,
    "inCoref" : false
  }, {
    "id" : "s0-m3",
    "properties" : {
      "SIRE_MENTION_ROLE" : "CONSUMO",
      "SIRE_ENTITY_SUBTYPE" : "NONE",
      "SIRE_MENTION_TYPE" : "NONE",
      "SIRE_MENTION_CLASS" : "SPC"
    },
    "type" : "CONSUMO",
    "begin" : 139,
    "end" : 146,
    "inCoref" : false
  } ],
  "relations" : [ ],
  "corefs" : [ ],
  "typeResolved" : true,
  "userResolved" : false
}